Date,ADANIGREEN.NS,ADANIPORTS.NS,AMBUJACEM.NS,ASIANPAINT.NS,AXISBANK.NS,BAJAJ-AUTO.NS,BAJAJFINSV.NS,BAJFINANCE.NS,BANDHANBNK.NS,BHEL.NS,BIOCON.NS,BRITANNIA.NS,CHOLAFIN.NS,CIPLA.NS,COALINDIA.NS,COFORGE.NS,DABUR.NS,DIVISLAB.NS,DRREDDY.NS,EICHERMOT.NS,FEDERALBNK.NS,HCLTECH.NS,HDFCBANK.NS,HDFCLIFE.NS,HEROMOTOCO.NS,HINDUNILVR.NS,ICICIBANK.NS,INDUSINDBK.NS,INFY.NS,ITC.NS,KOTAKBANK.NS,LT.NS,LUPIN.NS,M&M.NS,MARICO.NS,MARUTI.NS,MPHASIS.NS,NESTLEIND.NS,NTPC.NS,ONGC.NS,PERSISTENT.NS,PIDILITIND.NS,POWERGRID.NS,RELIANCE.NS,SBILIFE.NS,SBIN.NS,SHREECEM.NS,SUNPHARMA.NS,TATACONSUM.NS,TATAPOWER.NS,TCS.NS,TECHM.NS,TITAN.NS,TVSMOTOR.NS,ULTRACEMCO.NS,WIPRO.NS
2023-07-17,965.2999877929688,716.545166015625,411.79290771484375,3349.85302734375,962.5403442382812,4610.796875,1607.0797119140625,738.2219848632812,208.57972717285156,92.05866241455078,263.5657958984375,4929.58544921875,1159.131103515625,995.6534423828125,183.22372436523438,958.086669921875,555.2955932617188,3580.262451171875,1026.7283935546875,3201.5458984375,129.60511779785156,1016.1946411132812,803.80224609375,660.7012939453125,2758.84912109375,2533.160400390625,937.3941040039062,1373.008544921875,1294.5537109375,405.4434509277344,377.59478759765625,2376.396240234375,917.9153442382812,1497.254150390625,511.8123779296875,9314.033203125,1984.89404296875,1115.311767578125,170.1438446044922,142.43963623046875,2434.56884765625,1289.4371337890625,159.3341827392578,1270.8084716796875,1307.8323974609375,569.2874145507812,23808.35546875,1044.9490966796875,833.4799194335938,219.8059844970703,3174.409912109375,1104.0369873046875,3004.625244140625,1327.4971923828125,7951.3115234375,192.0205841064453
2023-07-18,973.75,713.7027587890625,411.39752197265625,3401.20849609375,961.3432006835938,4636.98388671875,1615.1138916015625,729.2828979492188,207.56272888183594,93.88993835449219,265.0599365234375,4853.58251953125,1140.5196533203125,993.8696899414062,181.6716766357422,959.5745239257812,550.2886352539062,3544.83056640625,1019.1207885742188,3200.9248046875,131.8531494140625,1028.0408935546875,803.1319580078125,650.2036743164062,2780.979736328125,2534.199951171875,943.9259643554688,1372.76171875,1342.089111328125,405.57220458984375,376.3607482910156,2382.0751953125,917.4732055664062,1495.6947021484375,510.7052917480469,9291.060546875,1984.5667724609375,1110.786865234375,170.91932678222656,142.86764526367188,2444.945556640625,1298.474365234375,159.43331909179688,1281.6002197265625,1307.8822021484375,561.0005493164062,23640.833984375,1034.81591796875,839.443115234375,217.8390350341797,3179.092529296875,1108.613525390625,2967.97705078125,1330.66064453125,7879.03466796875,192.9223175048828
2023-07-19,979.6500244140625,716.8883056640625,414.46173095703125,3402.3701171875,961.9916381835938,4601.73388671875,1640.863037109375,745.4705810546875,207.80487060546875,93.98892211914062,265.7572021484375,4855.259765625,1164.7545166015625,998.6905517578125,181.9502410888672,942.2027587890625,547.9520263671875,3555.973388671875,1025.079345703125,3182.67041015625,132.68397521972656,1029.6705322265625,806.7705688476562,652.6795654296875,2763.355224609375,2523.620361328125,941.9906005859375,1401.6932373046875,1341.8616943359375,411.0227966308594,379.49566650390625,2400.79736328125,916.2943725585938,1505.1968994140625,512.0048217773438,9235.2119140625,2027.93310546875,1109.036865234375,175.6632537841797,142.7392578125,2521.13818359375,1312.0789794921875,160.82174682617188,1291.3243408203125,1303.8028564453125,569.6190185546875,23719.859375,1049.0701904296875,841.1539306640625,215.87210083007812,3154.727783203125,1106.0806884765625,2967.1845703125,1318.7491455078125,8026.67041015625,193.26913452148438
2023-07-20,985.0,717.9174194335938,416.04327392578125,3413.357177734375,975.5592041015625,4644.71142578125,1632.5794677734375,746.6401977539062,204.99603271484375,94.78082275390625,265.2093811035156,4842.46435546875,1153.06005859375,1018.6972045898438,182.86553955078125,931.28515625,551.7191772460938,3583.83056640625,1048.23583984375,3170.19873046875,133.7591094970703,1026.783447265625,808.5181274414062,654.6602172851562,2754.877685546875,2553.517333984375,963.4246826171875,1407.2227783203125,1318.7081298828125,422.4388427734375,389.507568359375,2396.513916015625,929.4088134765625,1506.0740966796875,519.0324096679688,9393.7685546875,2069.149658203125,1112.275634765625,175.98257446289062,143.12445068359375,2474.554443359375,1307.511474609375,161.4828643798828,1289.760498046875,1307.384765625,577.7637939453125,23108.556640625,1064.3916015625,853.5201416015625,214.54440307617188,3156.779052734375,1113.4119873046875,2960.89501953125,1329.6719970703125,7925.4365234375,193.13038635253906
2023-07-21,995.5499877929688,713.996826171875,411.29864501953125,3405.322509765625,968.9749145507812,4638.98779296875,1629.6351318359375,745.1806640625,211.14642333984375,93.5434799194336,262.9183654785156,4837.1455078125,1129.3726806640625,1019.5719604492188,182.2686004638672,896.6669921875,541.5624389648438,3605.089599609375,1038.2037353515625,3168.669189453125,131.12008666992188,990.937255859375,802.2940673828125,641.0431518554688,2768.17431640625,2459.764404296875,964.7794799804688,1389.6466064453125,1211.446533203125,420.9796447753906,392.1548156738281,2489.449951171875,920.1746826171875,1484.7794189453125,518.5511474609375,9391.4150390625,2178.453369140625,1111.0478515625,177.9896240234375,145.99208068847656,2330.23876953125,1300.7701416015625,161.3837127685547,1249.834716796875,1284.153076171875,582.5465087890625,22792.369140625,1063.9068603515625,833.2355346679688,213.80679321289062,3070.186767578125,1089.8388671875,2948.018798828125,1327.4971923828125,7824.29833984375,187.1420440673828
2023-07-24,989.1500244140625,720.7108764648438,417.8719177246094,3430.4921875,969.1743774414062,4658.11474609375,1654.2366943359375,745.1658935546875,211.77597045898438,97.05755615234375,248.5248260498047,4762.29296875,1139.9224853515625,1019.5719604492188,183.82066345214844,913.1693115234375,541.6583251953125,3602.841796875,1058.523193359375,3161.3583984375,130.9246063232422,988.6720581054688,803.5628662109375,646.8366088867188,2796.729736328125,2437.330322265625,959.9410400390625,1417.6400146484375,1215.9952392578125,404.5851135253906,377.6346435546875,2507.7392578125,920.27294921875,1507.535888671875,515.42236328125,9319.0791015625,2124.011962890625,1103.1944580078125,178.71946716308594,146.37728881835938,2342.160888671875,1295.299072265625,163.59849548339844,1224.5548095703125,1310.468994140625,584.9616088867188,22938.712890625,1067.0582275390625,843.7444458007812,213.75762939453125,3094.2958984375,1059.517578125,2950.890869140625,1292.059814453125,7921.29248046875,186.8414764404297
2023-07-25,1088.050048828125,734.3840942382812,435.021728515625,3291.769775390625,960.1959838867188,4625.8701171875,1645.603759765625,747.6083374023438,211.34011840820312,96.76058197021484,244.7396697998047,4682.45654296875,1122.743896484375,1025.20947265625,183.0247344970703,905.8359375,544.5807495117188,3635.48779296875,1065.1392822265625,3178.8955078125,129.60511779785156,987.4727783203125,812.2764282226562,645.4996337890625,2802.30712890625,2425.900146484375,962.5538330078125,1397.6446533203125,1214.1759033203125,396.8170166015625,373.3054504394531,2465.048828125,921.0587768554688,1525.95556640625,520.4283447265625,9380.408203125,2119.805908203125,1100.912841796875,183.05287170410156,148.0892791748047,2297.5390625,1273.7073974609375,166.0447235107422,1223.767333984375,1294.5003662109375,577.3375854492188,23377.806640625,1061.870361328125,849.0722045898438,215.8229217529297,3098.306396484375,1054.638671875,3000.2177734375,1368.074951171875,8088.44287109375,185.1536407470703
2023-07-26,1140.4000244140625,737.7166748046875,438.38250732421875,3265.245361328125,974.461669921875,4646.38037109375,1623.247802734375,730.5753784179688,213.7615203857422,100.1756591796875,248.47500610351562,4776.38134765625,1136.83544921875,1038.574462890625,183.4625244140625,911.3239135742188,550.95263671875,3597.416748046875,1075.004638671875,3205.129638671875,130.87574768066406,990.5377197265625,809.45166015625,652.23388671875,2807.1259765625,2440.21142578125,964.2472534179688,1409.7406005859375,1227.1400146484375,405.3576354980469,377.2464904785156,2547.204345703125,924.7918090820312,1505.5867919921875,512.8231201171875,9378.2451171875,2107.04833984375,1102.2178955078125,183.91957092285156,148.0465087890625,2288.3154296875,1278.8856201171875,165.945556640625,1243.6561279296875,1286.09326171875,582.5939331054688,23962.896484375,1078.3067626953125,854.30224609375,217.8390350341797,3088.417236328125,1042.5101318359375,2979.763916015625,1356.262451171875,8048.9794921875,186.24032592773438
2023-07-27,1119.199951171875,733.8939819335938,444.5603942871094,3261.76025390625,957.602294921875,4627.8251953125,1611.371337890625,715.92578125,209.74200439453125,102.45238494873047,255.09902954101562,4670.763671875,1131.258544921875,1138.6409912109375,182.3083953857422,906.7925415039062,549.8028564453125,3657.480224609375,1081.1595458984375,3180.520263671875,130.87574768066406,992.6253051757812,801.0493774414062,656.0467529296875,2830.814208984375,2427.506103515625,958.2476196289062,1397.7928466796875,1231.052001953125,399.177490234375,372.95709228515625,2560.632568359375,962.4160766601562,1410.613525390625,533.3765258789062,9375.6025390625,2131.81591796875,1079.2745361328125,184.23887634277344,146.37728881835938,2315.888427734375,1276.8006591796875,165.74720764160156,1232.087158203125,1289.9237060546875,583.9197387695312,23563.146484375,1100.5615234375,830.987060546875,217.2489471435547,3096.255615234375,1003.0238647460938,2973.5732421875,1340.199462890625,8023.712890625,184.94557189941406
2023-07-28,1092.5999755859375,745.6857299804688,449.5520935058594,3282.3798828125,947.676025390625,4667.41650390625,1581.729736328125,725.5087280273438,210.27471923828125,102.05643463134766,255.74649047851562,4699.46875,1132.9017333984375,1144.8133544921875,180.75634765625,902.8505249023438,557.3724975585938,3654.694580078125,1096.080078125,3206.611328125,132.3907470703125,980.3659057617188,786.8538818359375,652.9271850585938,2862.89501953125,2441.439208984375,964.00537109375,1384.314453125,1219.5435791015625,402.09588623046875,373.57415771484375,2550.381103515625,956.816650390625,1430.4951171875,552.9190063476562,9295.5302734375,2103.216796875,1086.796630859375,191.5828857421875,147.0620880126953,2304.333740234375,1283.2271728515625,170.7057342529297,1244.4686279296875,1283.2080078125,583.4462280273438,23739.35546875,1107.9573974609375,840.0784912109375,230.77169799804688,3058.427978515625,994.953369140625,2958.61669921875,1342.225830078125,8041.62255859375,184.390625
2023-07-31,1093.300048828125,767.5421142578125,457.6575012207031,3269.45654296875,951.6165771484375,4704.5263671875,1595.1533203125,717.5181274414062,216.3766326904297,102.996826171875,256.0951232910156,4594.61767578125,1127.4244384765625,1142.0916748046875,182.4675750732422,908.9181518554688,551.527587890625,3601.1796875,1107.3590087890625,3216.455078125,132.58621215820312,992.0477905273438,790.5403442382812,640.5974731445312,2891.050048828125,2418.95751953125,966.0374755859375,1399.915771484375,1233.371826171875,399.73541259765625,369.5335693359375,2580.990966796875,968.064697265625,1437.7069091796875,539.6339111328125,9440.1494140625,2144.900634765625,1090.296630859375,199.20059204101562,151.55613708496094,2327.515869140625,1282.7855224609375,175.89569091796875,1255.00390625,1275.646484375,587.3766479492188,23798.927734375,1112.677001953125,840.0296630859375,232.78781127929688,3118.63232421875,1017.249755859375,2975.505126953125,1360.85888671875,8052.6591796875,187.3038787841797
2023-08-01,1087.050048828125,755.2078247070312,456.2242126464844,3236.1552734375,957.602294921875,4697.41943359375,1569.2542724609375,714.510498046875,220.63832092285156,103.64024353027344,254.80020141601562,4617.04443359375,1125.7813720703125,1145.3477783203125,191.3024444580078,936.3090209960938,544.9639892578125,3557.390625,1112.5811767578125,3264.622802734375,132.04864501953125,1011.4142456054688,795.8306884765625,636.537109375,2799.365234375,2409.794921875,962.40869140625,1377.0570068359375,1242.0146484375,398.962890625,368.2298583984375,2566.8408203125,970.76611328125,1455.3956298828125,536.8903198242188,9340.1796875,2144.573486328125,1092.2496337890625,205.4042205810547,151.25653076171875,2359.651611328125,1292.523193359375,166.47445678710938,1237.2564697265625,1273.4576416015625,579.468505859375,23792.662109375,1112.7255859375,837.536865234375,240.3605499267578,3146.524658203125,1042.7835693359375,2973.375244140625,1353.939453125,8017.46875,188.1824951171875
2023-08-02,1052.449951171875,751.3594970703125,455.58172607421875,3255.4677734375,942.9872436523438,4609.794921875,1523.99365234375,707.9989624023438,218.41062927246094,99.53224182128906,251.96133422851562,4609.47265625,1094.8594970703125,1135.579345703125,186.68603515625,919.2368774414062,541.9937133789062,3607.337890625,1111.285400390625,3185.107421875,129.751708984375,1004.6627197265625,785.4176025390625,636.6361694335938,2701.318603515625,2426.656005859375,955.0543212890625,1363.8748779296875,1234.4180908203125,394.9285888671875,362.9949951171875,2552.724609375,977.05322265625,1447.55029296875,541.800048828125,9279.6689453125,2063.635498046875,1106.201416015625,199.88482666015625,150.61451721191406,2314.24462890625,1288.57421875,164.3257598876953,1224.0380859375,1255.847412109375,566.7777099609375,23736.44140625,1104.745849609375,824.1441040039062,231.85353088378906,3136.133056640625,1044.744384765625,2948.8603515625,1363.8739013671875,8023.1806640625,186.263427734375
2023-08-03,1036.0,763.1017456054688,468.87652587890625,3229.765869140625,933.3104858398438,4604.26171875,1490.709228515625,698.6520385742188,219.5244598388672,99.73020935058594,253.55508422851562,4599.4091796875,1066.0289306640625,1133.197998046875,183.1043243408203,924.5043334960938,531.8369140625,3642.232421875,1111.0989990234375,3230.026123046875,129.16525268554688,999.8656616210938,779.7442626953125,626.5843505859375,2664.27490234375,2409.98388671875,933.8136596679688,1347.335693359375,1241.1959228515625,391.4522705078125,362.9053955078125,2529.311767578125,1017.0843505859375,1431.8106689453125,550.99365234375,9260.1669921875,2090.412109375,1086.5499267578125,200.797119140625,147.3188934326172,2301.587158203125,1267.8480224609375,164.4249267578125,1218.8935546875,1247.3905029296875,559.2484741210938,23804.80078125,1110.3414306640625,816.6656494140625,231.5584716796875,3099.03564453125,1042.1453857421875,2874.523681640625,1347.563720703125,7876.4677734375,184.8068084716797
2023-08-04,1012.5499877929688,764.9766235351562,466.3065185546875,3232.960693359375,949.9705200195312,4495.22021484375,1483.3739013671875,702.6178588867188,220.92889404296875,97.94842529296875,252.5590057373047,4598.97802734375,1080.8177490234375,1175.868408203125,186.04930114746094,948.3479614257812,545.8743286132812,3660.901611328125,1109.1456298828125,3210.7685546875,131.55995178222656,1016.6113891601562,791.0191650390625,635.992431640625,2657.32568359375,2404.97705078125,939.1359252929688,1391.8682861328125,1253.97802734375,390.5080871582031,366.2421569824219,2557.34912109375,1045.2288818359375,1427.425048828125,554.7000122070312,9189.0439453125,2115.646728515625,1085.5203857421875,198.83566284179688,148.388916015625,2347.974609375,1280.25927734375,163.5323944091797,1235.4595947265625,1261.46875,542.958740234375,23913.240234375,1108.3463134765625,816.0790405273438,231.75515747070312,3138.77685546875,1071.69140625,2876.801513671875,1343.1650390625,7897.765625,189.06109619140625
2023-08-07,965.9000244140625,780.9126586914062,468.62939453125,3236.20361328125,945.1321411132812,4455.248046875,1505.4302978515625,700.0084228515625,222.575439453125,95.62222290039062,260.3782958984375,4465.9970703125,1063.5394287109375,1189.379150390625,185.41253662109375,958.9215698242188,541.6583251953125,3822.32568359375,1105.44482421875,3207.232421875,131.02235412597656,1022.34130859375,790.5643310546875,642.5286865234375,2665.763427734375,2426.891845703125,944.1195068359375,1397.447265625,1267.306396484375,390.4652099609375,364.857666015625,2566.110595703125,1062.0762939453125,1488.093017578125,554.3148803710938,9240.857421875,2177.799072265625,1085.7523193359375,198.83566284179688,148.0465087890625,2395.245849609375,1280.651611328125,163.92906188964844,1242.49951171875,1295.9429931640625,537.8446044921875,23942.115234375,1129.609375,819.0118408203125,228.9522705078125,3175.692138671875,1079.3973388671875,2877.0,1324.8778076171875,7914.513671875,190.12464904785156
2023-08-08,984.2999877929688,773.8080444335938,460.8205871582031,3241.092529296875,950.6190185546875,4436.2158203125,1512.7657470703125,705.0652465820312,226.2559814453125,97.84944915771484,272.0823669433594,4413.859375,1053.431396484375,1230.9803466796875,183.26348876953125,966.3423461914062,538.8795166015625,3759.622802734375,1110.7945556640625,3222.667236328125,132.3907470703125,1013.9462280273438,789.9180297851562,639.2110595703125,2767.600341796875,2423.727783203125,948.2321166992188,1386.2894287109375,1264.7587890625,388.2763977050781,364.1504821777344,2562.5087890625,1064.5814208984375,1461.584228515625,555.7108154296875,9259.05078125,2187.14501953125,1074.6309814453125,198.4707489013672,148.388916015625,2382.906982421875,1287.1270751953125,162.78321838378906,1235.016357421875,1342.505615234375,542.769287109375,23958.50390625,1117.7857666015625,828.4454345703125,230.03408813476562,3163.432373046875,1099.2315673828125,2893.49169921875,1316.2286376953125,7896.5068359375,192.52926635742188
2023-08-09,971.2999877929688,780.6165771484375,457.3115234375,3224.587158203125,947.7258911132812,4451.861328125,1513.6141357421875,700.3228759765625,224.99685668945312,100.22515869140625,268.9944763183594,4409.59423828125,1051.2904052734375,1230.591796875,186.84521484375,983.2308959960938,548.2219848632812,3653.375,1152.62158203125,3261.46923828125,131.55995178222656,1016.4338989257812,790.2052612304688,639.5576171875,2761.10302734375,2410.833740234375,949.0126953125,1390.7327880859375,1268.5799560546875,393.68402099609375,364.8476867675781,2581.395263671875,1080.0535888671875,1495.7435302734375,563.3161010742188,9181.9599609375,2208.78173828125,1074.1065673828125,199.5198974609375,151.427734375,2379.324951171875,1277.2177734375,162.00804138183594,1243.1640625,1342.505615234375,543.3849487304688,24018.720703125,1121.8243408203125,840.9095458984375,231.01756286621094,3156.04931640625,1119.84130859375,2927.812255859375,1324.581298828125,7852.3623046875,193.19976806640625
2023-08-10,973.9000244140625,792.1614990234375,451.9244384765625,3134.461181640625,937.50048828125,4423.28955078125,1516.40869140625,702.1411743164062,221.6068878173828,98.83932495117188,260.3782958984375,4351.658203125,1055.8712158203125,1223.6904296875,186.964599609375,998.5479125976562,547.6469116210938,3660.99951171875,1148.7244873046875,3263.47607421875,131.16897583007812,1007.6831665039062,783.1912231445312,633.813720703125,2739.62548828125,2396.1923828125,940.6220703125,1412.2091064453125,1263.758056640625,387.7613830566406,358.7420349121094,2573.509521484375,1066.2021484375,1506.122802734375,555.3258056640625,9118.40625,2195.322998046875,1063.0526123046875,198.33389282226562,152.9257354736328,2376.798583984375,1236.2562255859375,162.98541259765625,1248.7022705078125,1327.581787109375,543.290283203125,23864.23046875,1119.3914794921875,831.4758911132812,233.23037719726562,3137.455810546875,1126.9542236328125,2960.152099609375,1334.07080078125,7843.6015625,193.5928192138672
2023-08-11,971.3499755859375,790.4346923828125,451.1336364746094,3083.59033203125,934.95654296875,4387.46630859375,1501.0389404296875,693.9588623046875,221.16815185546875,102.41722869873047,255.19863891601562,4322.76123046875,1038.94140625,1215.185546875,186.964599609375,1022.0233764648438,539.5982666015625,3625.182373046875,1143.197998046875,3239.10546875,131.16897583007812,1040.6865234375,775.0283813476562,627.4755859375,2705.60498046875,2363.22509765625,929.6460571289062,1379.6737060546875,1248.0648193359375,385.18634033203125,356.86944580078125,2568.641845703125,1057.9012451171875,1507.14599609375,555.4219360351562,9078.8671875,2177.33154296875,1055.929443359375,197.03880310058594,151.6845245361328,2400.37255859375,1248.2991943359375,164.67054748535156,1253.969970703125,1304.84765625,543.7637939453125,23801.099609375,1101.923828125,818.1320190429688,232.2960662841797,3143.562255859375,1112.9559326171875,2988.579345703125,1334.1202392578125,7873.36962890625,191.0032501220703
2023-08-14,951.25,776.7189331054688,435.8619384765625,3100.2890625,937.699951171875,4404.30517578125,1479.132080078125,689.7767944335938,222.0456085205078,101.1749038696289,253.6049041748047,4312.505859375,1033.513916015625,1200.994384765625,186.16868591308594,1023.7984008789062,541.2271118164062,3675.828369140625,1143.266845703125,3226.060791015625,130.97201538085938,1040.2864990234375,771.24609375,626.6338500976562,2716.840087890625,2392.791748046875,936.182861328125,1371.4287109375,1267.806640625,385.57257080078125,357.3973388671875,2589.47509765625,1062.911376953125,1507.535888671875,546.9022216796875,9044.7138671875,2212.75390625,1058.689697265625,197.03880310058594,152.36932373046875,2422.720458984375,1244.74267578125,164.8053741455078,1268.788330078125,1290.5206298828125,531.1203002929688,23416.056640625,1103.772705078125,825.757080078125,227.3295440673828,3144.519287109375,1112.3177490234375,2982.042236328125,1329.4249267578125,7797.22998046875,191.97433471679688
2023-08-16,948.5,765.8153686523438,432.15521240234375,3092.011962890625,930.81640625,4388.9453125,1466.9560546875,686.1844482421875,218.97450256347656,99.23686981201172,256.1449279785156,4311.45166015625,1012.94921875,1208.721923828125,185.49212646484375,984.7830810546875,541.7062377929688,3657.6494140625,1150.0399169921875,3214.94873046875,130.18421936035156,1045.7501220703125,768.9957885742188,619.1072998046875,2690.76025390625,2411.211669921875,933.2071533203125,1363.3319091796875,1290.5052490234375,386.47381591796875,355.8236083984375,2619.80078125,1093.217041015625,1530.6822509765625,538.7194213867188,9139.705078125,2163.0322265625,1061.02978515625,201.15533447265625,153.2681427001953,2439.499755859375,1245.846435546875,167.1982421875,1267.7545166015625,1284.7501220703125,535.4295043945312,23613.44140625,1112.920166015625,821.8468017578125,231.06674194335938,3152.3125,1119.7042236328125,2982.488037109375,1324.3341064453125,7988.52392578125,193.5928192138672
2023-08-17,933.5,798.9207153320312,440.8536376953125,3081.556884765625,934.3080444335938,4443.56201171875,1473.9423828125,680.4592895507812,223.80052185058594,99.28656005859375,254.85000610351562,4314.42333984375,1016.5841064453125,1206.2431640625,184.8951873779297,971.056884765625,537.7297973632812,3601.14013671875,1154.51611328125,3187.1689453125,132.54763793945312,1045.350341796875,764.73486328125,622.3258056640625,2699.152587890625,2402.37939453125,928.4752807617188,1357.0123291015625,1284.1824951171875,378.5340576171875,351.7398986816406,2582.271484375,1072.8331298828125,1533.5086669921875,537.6123657226562,9096.7685546875,2186.911376953125,1047.471923828125,199.5827178955078,152.15533447265625,2410.994873046875,1227.941162109375,164.26609802246094,1249.4654541015625,1277.934814453125,541.86962890625,23485.751953125,1114.039306640625,825.317138671875,228.65724182128906,3131.6669921875,1123.2608642578125,3042.5615234375,1321.2698974609375,7945.39501953125,193.0841522216797
2023-08-18,994.75,824.8228759765625,447.8222961425781,3062.486572265625,940.7925415039062,4403.20751953125,1457.2752685546875,674.4490966796875,223.7030029296875,97.39823150634766,257.1908264160156,4346.48193359375,1012.75,1201.7720947265625,184.206787109375,954.5563354492188,541.8499145507812,3601.2880859375,1153.298828125,3236.59326171875,132.10447692871094,1042.6851806640625,761.598876953125,619.8995361328125,2641.3984375,2413.24267578125,927.4996337890625,1354.445068359375,1263.4852294921875,379.0920104980469,348.77166748046875,2572.000732421875,1048.7652587890625,1513.1884765625,530.1995849609375,9175.1201171875,2141.255615234375,1055.3299560546875,199.02767944335938,150.48141479492188,2380.331298828125,1215.4073486328125,162.4461669921875,1258.7208251953125,1275.9449462890625,542.6273193359375,23235.111328125,1104.4053955078125,823.6552734375,226.29690551757812,3069.093017578125,1104.1561279296875,3021.4638671875,1325.965087890625,7952.6552734375,190.37899780273438
2023-08-21,1020.0499877929688,846.778076171875,459.88153076171875,3080.637451171875,950.3197021484375,4398.72412109375,1475.3896484375,692.7401733398438,224.77548217773438,100.33011627197266,258.4359436035156,4322.953125,1040.5347900390625,1199.2449951171875,186.3529815673828,969.3689575195312,544.005859375,3611.486328125,1160.4451904296875,3252.0048828125,132.2029571533203,1047.6156005859375,761.00048828125,619.1072998046875,2645.414306640625,2420.79931640625,931.9387817382812,1380.2169189453125,1278.58740234375,384.3708801269531,350.67413330078125,2591.76318359375,1067.1845703125,1499.447021484375,534.2428588867188,9158.3828125,2165.4150390625,1065.2088623046875,202.4041748046875,151.12521362304688,2458.339111328125,1219.8958740234375,166.6252899169922,1244.986328125,1272.064697265625,541.4434204101562,23307.123046875,1106.838134765625,829.4718627929688,235.39401245117188,3100.5849609375,1111.4970703125,3049.04931640625,1333.971923828125,7956.9638671875,191.72003173828125
2023-08-22,1015.0999755859375,843.1763916015625,458.4482727050781,3078.12060546875,954.7590942382812,4415.46630859375,1464.9102783203125,694.8778076171875,226.28663635253906,110.36810302734375,258.9837646484375,4324.0546875,1057.96240234375,1186.8033447265625,186.87937927246094,962.4815673828125,550.713134765625,3599.66259765625,1163.3310546875,3230.602294921875,133.97552490234375,1047.8380126953125,757.7448120117188,629.703857421875,2668.19970703125,2423.68017578125,928.8167724609375,1383.524658203125,1277.086181640625,389.9072265625,351.221923828125,2607.875244140625,1071.850830078125,1511.0931396484375,537.9492797851562,9209.9052734375,2213.6416015625,1064.802978515625,205.0868682861328,151.2110595703125,2467.6611328125,1223.5997314453125,167.02972412109375,1244.68994140625,1280.22314453125,538.4127197265625,23556.3828125,1106.984130859375,829.76513671875,239.4754180908203,3082.810546875,1106.3447265625,3046.375244140625,1337.975341796875,7941.66796875,192.87608337402344
2023-08-23,971.5,814.7581176757812,448.06939697265625,3067.568359375,976.9058837890625,4446.32861328125,1467.2056884765625,699.4482421875,231.30764770507812,108.82762145996094,259.3324279785156,4324.82177734375,1081.963134765625,1196.18310546875,187.0008544921875,953.1885375976562,543.5745849609375,3649.815673828125,1168.7890625,3244.709716796875,139.5393524169922,1050.5029296875,759.6119995117188,627.0794677734375,2663.688232421875,2431.4736328125,943.3051147460938,1383.3765869140625,1280.9073486328125,386.6454772949219,354.5985107421875,2645.64794921875,1074.7978515625,1503.247802734375,532.7989501953125,9315.716796875,2200.276611328125,1072.40234375,205.0868682861328,150.65309143066406,2455.592041015625,1229.80517578125,168.24301147460938,1246.0732421875,1293.6546630859375,546.3682861328125,23366.650390625,1093.5062255859375,825.6104736328125,241.54071044921875,3097.48583984375,1095.21923828125,3040.828369140625,1339.705322265625,7901.3955078125,192.0205841064453
2023-08-24,983.6500244140625,811.4524536132812,443.76959228515625,3122.55419921875,979.0008544921875,4417.1357421875,1465.7086181640625,701.5121459960938,229.01651000976562,106.98898315429688,259.4818115234375,4353.91015625,1080.5687255859375,1186.3173828125,185.6645965576172,1045.876708984375,541.2750244140625,3610.5009765625,1159.7188720703125,3228.9111328125,138.55459594726562,1040.5087890625,756.1170043945312,624.4055786132812,2642.030029296875,2438.274658203125,945.3539428710938,1407.2227783203125,1295.1451416015625,387.0317687988281,354.77777099609375,2616.977294921875,1070.2789306640625,1503.004150390625,542.473876953125,9289.275390625,2302.803955078125,1075.3875732421875,204.30056762695312,148.59288024902344,2511.939697265625,1236.991943359375,166.01864624023438,1225.1259765625,1287.1876220703125,546.4155883789062,23553.322265625,1088.2513427734375,825.268310546875,245.62213134765625,3087.915283203125,1093.4866943359375,3032.11181640625,1346.8223876953125,7949.31640625,190.84144592285156
2023-08-25,979.4500122070312,795.9111328125,429.585205078125,3155.177734375,980.7466430664062,4373.15673828125,1500.9390869140625,708.7902221679688,229.99147033691406,104.60371398925781,254.40174865722656,4337.61669921875,1077.73046875,1175.5283203125,184.40927124023438,1019.7531127929688,534.7114868164062,3583.157958984375,1134.6087646484375,3228.427978515625,138.55459594726562,1025.139892578125,747.594970703125,622.226806640625,2626.82421875,2421.554931640625,946.7686157226562,1383.524658203125,1291.9609375,380.5512390136719,354.35943603515625,2568.54443359375,1058.5889892578125,1481.4171142578125,539.2970581054688,9223.2958984375,2235.69873046875,1072.6611328125,201.57164001464844,149.9663543701172,2520.74560546875,1240.0823974609375,163.12022399902344,1219.46923828125,1289.82421875,539.7860717773438,23546.1171875,1076.5738525390625,813.8795166015625,241.54071044921875,3082.0361328125,1084.7322998046875,3038.0546875,1324.185791015625,7813.8330078125,189.4541473388672
2023-08-28,980.0999755859375,796.7498779296875,433.7861328125,3155.564697265625,987.8296508789062,4388.80224609375,1496.947021484375,711.158935546875,229.01651000976562,108.87731170654297,258.8841552734375,4323.384765625,1088.4361572265625,1194.4820556640625,185.82656860351562,1003.3982543945312,530.9746704101562,3579.955810546875,1133.951171875,3235.385498046875,141.705810546875,1018.4771118164062,755.3749389648438,621.2860107421875,2645.639892578125,2414.14013671875,946.9149780273438,1391.72021484375,1287.91259765625,378.87744140625,356.6503601074219,2623.987060546875,1088.45263671875,1509.8748779296875,537.3235473632812,9312.5625,2178.1728515625,1065.2137451171875,202.3116912841797,150.39556884765625,2476.41845703125,1233.312744140625,167.50157165527344,1207.315673828125,1284.998779296875,542.5325317382812,23712.0078125,1086.9862060546875,822.922119140625,240.9014434814453,3076.794677734375,1080.4002685546875,3019.58203125,1333.724853515625,7858.55810546875,188.69114685058594
2023-08-29,974.5,812.6365966796875,436.1090393066406,3180.734375,978.3524169921875,4449.95361328125,1500.489990234375,716.8350219726562,229.8939666748047,113.94599151611328,258.1370849609375,4342.361328125,1094.510986328125,1195.3082275390625,186.2314453125,1013.8165893554688,527.1419067382812,3603.4560546875,1123.72265625,3242.149169921875,142.24742126464844,1028.3380126953125,761.3834838867188,628.7630004882812,2696.535400390625,2386.2265625,944.1832275390625,1382.5372314453125,1289.7320556640625,377.76153564453125,355.2060546875,2646.9619140625,1078.3343505859375,1521.1800537109375,541.51123046875,9335.412109375,2159.90087890625,1066.593994140625,204.53184509277344,150.82476806640625,2505.2666015625,1266.5970458984375,169.28778076171875,1195.755126953125,1290.6201171875,544.4266967773438,23820.44921875,1081.7313232421875,819.4517211914062,242.8192138671875,3077.342041015625,1092.4833984375,3050.138916015625,1364.714111328125,7937.98974609375,188.71429443359375
2023-08-30,970.5,807.850830078125,438.9261474609375,3189.44677734375,980.99609375,4459.9228515625,1498.5439453125,714.353271484375,225.06796264648438,117.97112274169922,258.9837646484375,4361.57763671875,1111.490478515625,1201.529052734375,185.2595977783203,1027.9112548828125,531.6932983398438,3577.541748046875,1109.184814453125,3290.848876953125,141.21343994140625,1039.842529296875,755.8297119140625,630.8922119140625,2663.7783203125,2391.70556640625,935.5487060546875,1374.93408203125,1305.6529541015625,380.0791320800781,353.5726013183594,2637.275390625,1081.379638671875,1542.9620361328125,549.8385009765625,9505.3603515625,2211.1650390625,1073.1444091796875,203.88429260253906,150.86769104003906,2544.295166015625,1263.1141357421875,166.55789184570312,1194.6187744140625,1294.0028076171875,537.3710327148438,23739.15625,1084.942626953125,829.3251953125,243.2617950439453,3090.831787109375,1091.75390625,3052.912109375,1399.261962890625,8002.125,188.29811096191406
2023-08-31,928.6500244140625,781.7020263671875,423.45672607421875,3152.079833984375,971.169677734375,4401.5380859375,1485.96875,704.0233764648438,223.84925842285156,120.5054702758789,258.3363342285156,4281.98046875,1117.216796875,1222.3782958984375,186.31246948242188,1060.5438232421875,529.9684448242188,3539.4091796875,1100.9586181640625,3224.03173828125,141.7550506591797,1041.3084716796875,752.3587036132812,638.5177612304688,2631.381591796875,2366.295654296875,935.4024047851562,1360.81396484375,1305.9259033203125,377.418212890625,350.35540771484375,2631.142333984375,1078.481689453125,1535.3603515625,548.7794189453125,9706.5966796875,2269.9990234375,1062.890869140625,203.79176330566406,149.4942169189453,2634.961669921875,1233.754150390625,164.83908081054688,1189.1595458984375,1285.9937744140625,531.6411743164062,23495.625,1081.7313232421875,815.6390991210938,241.0489959716797,3059.70458984375,1096.08544921875,3074.950927734375,1403.5618896484375,8032.61962890625,188.85299682617188
2023-09-01,949.0999755859375,788.9052124023438,428.8932800292969,3155.419189453125,988.7774047851562,4453.67431640625,1511.518310546875,719.5133056640625,229.2115020751953,135.31396484375,259.7806091308594,4297.890625,1124.1878662109375,1210.52001953125,191.86013793945312,1057.7208251953125,530.2080688476562,3536.650390625,1095.2064208984375,3285.67919921875,141.60736083984375,1053.4344482421875,753.9146728515625,635.1505737304688,2641.71435546875,2366.05908203125,945.1100463867188,1398.73095703125,1313.5679931640625,378.5769958496094,352.8155822753906,2630.55810546875,1074.55224609375,1551.48974609375,548.1055297851562,10024.3193359375,2274.111328125,1059.4658203125,213.41246032714844,156.01820373535156,2719.64208984375,1225.537353515625,169.9955596923828,1191.9508056640625,1313.851806640625,539.4072265625,23829.478515625,1079.201171875,825.2194213867188,251.1295623779297,3080.122314453125,1119.88671875,3087.18359375,1437.3682861328125,7998.6884765625,192.52926635742188
2023-09-04,959.2000122070312,790.4346923828125,436.0596008300781,3132.1865234375,979.8987426757812,4423.81396484375,1507.126953125,714.5646362304688,230.33270263671875,137.89801025390625,260.3285217285156,4319.79052734375,1099.3907470703125,1204.1534423828125,200.6878204345703,1064.9185791015625,534.5678100585938,3576.11328125,1111.089111328125,3318.29052734375,140.86878967285156,1094.9217529296875,758.6305541992188,633.8632202148438,2655.65625,2362.847900390625,943.7929077148438,1403.9149169921875,1332.9005126953125,375.52978515625,351.04266357421875,2639.31982421875,1078.0396728515625,1536.3349609375,555.9996337890625,10054.591796875,2329.440673828125,1050.8922119140625,218.13027954101562,157.04833984375,2837.022705078125,1214.058349609375,172.1525115966797,1190.987548828125,1321.6121826171875,545.0896606445312,25342.013671875,1079.1038818359375,827.0767822265625,254.8667755126953,3115.943603515625,1146.0589599609375,3070.840576171875,1436.1328125,8308.619140625,200.7372589111328
2023-09-05,962.0999755859375,794.2830200195312,435.1205749511719,3120.32763671875,979.1006469726562,4485.29931640625,1507.47607421875,721.9212646484375,228.77276611328125,137.55015563964844,266.0560302734375,4327.21826171875,1092.2205810546875,1204.2506103515625,206.80238342285156,1088.6845703125,536.436279296875,3588.873046875,1095.275146484375,3288.626220703125,142.49362182617188,1097.63134765625,754.010498046875,634.7545166015625,2648.888671875,2368.184326171875,944.8173828125,1405.8404541015625,1345.455322265625,380.33660888671875,352.80560302734375,2660.59130859375,1099.504150390625,1531.218505859375,556.095947265625,9957.2236328125,2357.01171875,1061.3463134765625,217.0201873779297,157.1771240234375,2907.2548828125,1222.1280517578125,171.4110565185547,1197.3607177734375,1302.8079833984375,542.6746215820312,25394.826171875,1101.48583984375,827.3212280273438,254.1783447265625,3125.83349609375,1144.0526123046875,3106.349365234375,1441.1246337890625,8184.9951171875,199.69679260253906
2023-09-06,1006.0999755859375,796.355224609375,432.6988220214844,3122.263671875,962.7399291992188,4468.3173828125,1515.2108154296875,726.1181030273438,228.13905334472656,134.7176513671875,268.3470458984375,4379.16455078125,1100.286865234375,1221.552001953125,207.16683959960938,1091.4202880859375,538.0651245117188,3653.56005859375,1096.1390380859375,3276.88623046875,141.60736083984375,1097.8974609375,763.873046875,641.2907104492188,2651.27978515625,2383.723388671875,934.182861328125,1390.9302978515625,1344.135986328125,384.0704345703125,352.6562194824219,2658.157470703125,1118.9549560546875,1536.919677734375,566.3004150390625,9876.447265625,2313.87939453125,1063.74658203125,214.5225372314453,157.13417053222656,2922.831787109375,1227.5732421875,171.5458526611328,1199.88037109375,1313.1055908203125,540.3069458007812,25321.037109375,1111.6551513671875,859.1901245117188,253.24403381347656,3126.33447265625,1138.9456787109375,3145.87060546875,1461.042724609375,8264.9111328125,198.51760864257812
2023-09-07,1002.6500244140625,799.1674194335938,434.3792419433594,3142.641357421875,975.8584594726562,4500.181640625,1516.558349609375,723.7003173828125,232.52633666992188,136.8544464111328,266.5540771484375,4342.3134765625,1124.5863037109375,1214.310791015625,221.9066162109375,1088.461669921875,542.3290405273438,3639.814453125,1102.39208984375,3287.659912109375,142.78904724121094,1114.021728515625,771.22216796875,650.4017944335938,2671.94482421875,2368.5625,942.1343383789062,1421.490966796875,1333.9012451171875,382.7400207519531,356.38140869140625,2771.03759765625,1116.155029296875,1525.95556640625,562.2570190429688,9975.3193359375,2307.056640625,1058.5350341796875,216.55767822265625,156.01820373535156,2914.17236328125,1230.0260009765625,173.2310028076172,1201.5106201171875,1340.6650390625,548.4044799804688,25408.3984375,1102.6051025390625,839.443115234375,259.341552734375,3149.441162109375,1157.4578857421875,3142.651123046875,1462.772705078125,8224.009765625,200.1592254638672
2023-09-08,1001.2000122070312,814.0673828125,434.1321105957031,3134.606689453125,977.9533081054688,4540.5830078125,1537.966064453125,728.3639526367188,237.30360412597656,144.4077911376953,265.3587646484375,4351.70556640625,1171.0933837890625,1209.7423095703125,228.46664428710938,1076.86962890625,543.3829956054688,3644.544189453125,1096.2371826171875,3257.17431640625,145.2509307861328,1121.173095703125,777.230712890625,651.0950317382812,2715.125244140625,2374.56103515625,946.9149780273438,1430.6246337890625,1336.994384765625,379.9503479003906,357.21807861328125,2824.776123046875,1108.689208984375,1527.7099609375,564.7601318359375,10025.046875,2304.906982421875,1057.9041748046875,222.246826171875,158.33595275878906,2929.50390625,1228.8731689453125,174.34317016601562,1209.51416015625,1334.6456298828125,552.5715942382812,25639.69140625,1100.0745849609375,833.9686279296875,264.4064636230469,3137.272705078125,1151.7127685546875,3168.701416015625,1463.51416015625,8161.47119140625,198.84132385253906
2023-09-11,1014.6500244140625,870.7560424804688,445.69708251953125,3155.27392578125,998.0053100585938,4585.27734375,1546.64892578125,726.4964599609375,237.01112365722656,138.9912567138672,275.3197021484375,4378.5888671875,1179.508544921875,1212.4154052734375,225.91554260253906,1070.0985107421875,545.8743286132812,3681.44482421875,1102.126953125,3289.640869140625,146.62957763671875,1138.4967041015625,781.2523803710938,662.1868286132812,2756.275390625,2395.76708984375,954.4274291992188,1431.95751953125,1343.226318359375,383.8558654785156,360.1463928222656,2817.57177734375,1106.626220703125,1541.8900146484375,562.6421508789062,10220.8994140625,2314.53369140625,1069.6903076171875,224.8832550048828,157.4346160888672,2912.3818359375,1238.046630859375,178.28636169433594,1222.556884765625,1343.3016357421875,560.3849487304688,25466.25,1106.3515625,843.255615234375,267.406005859375,3172.5927734375,1157.093017578125,3182.7666015625,1471.86669921875,8191.62744140625,201.08404541015625
2023-09-12,1004.7999877929688,847.3701171875,439.8652038574219,3152.805908203125,998.5040283203125,4598.82421875,1539.4132080078125,730.3934936523438,227.0178680419922,124.87845611572266,266.2552490234375,4377.24755859375,1161.234375,1205.0770263671875,219.27450561523438,1059.1953125,542.0415649414062,3732.23876953125,1113.9063720703125,3228.52490234375,140.42564392089844,1139.251708984375,783.694091796875,654.5612182617188,2725.322509765625,2360.439208984375,966.379150390625,1411.1724853515625,1365.6522216796875,387.2463684082031,360.8038024902344,2866.15087890625,1118.3653564453125,1518.353759765625,559.5615844726562,10191.548828125,2306.822998046875,1078.9093017578125,217.4827423095703,155.28855895996094,2865.15966796875,1220.1412353515625,171.9278106689453,1204.89501953125,1339.6700439453125,557.2122802734375,25700.89453125,1114.4771728515625,845.357421875,258.3581237792969,3263.879150390625,1154.494140625,3155.52783203125,1454.7657470703125,8298.0673828125,201.15342712402344
2023-09-13,985.7999877929688,838.4400024414062,438.7778625488281,3173.0380859375,1012.0216674804688,4587.08984375,1549.742919921875,734.7771606445312,230.67393493652344,128.0091094970703,269.7913818359375,4416.63818359375,1155.408447265625,1194.0933837890625,226.482421875,1054.8594970703125,541.8499145507812,3695.830810546875,1126.6871337890625,3208.28173828125,142.93673706054688,1132.8997802734375,787.0454711914062,643.9151611328125,2702.17578125,2367.71240234375,965.6961669921875,1436.74658203125,1363.1502685546875,389.2635192871094,363.47320556640625,2829.78955078125,1125.2911376953125,1497.887451171875,561.6314086914062,10162.24609375,2285.233154296875,1072.240234375,219.37911987304688,157.8638153076172,2835.5263671875,1220.7789306640625,173.6354217529297,1210.9222412109375,1338.6751708984375,564.8836059570312,25901.736328125,1117.883056640625,869.3568725585938,260.62005615234375,3252.075439453125,1149.387451171875,3232.192138671875,1437.6650390625,8360.7021484375,201.4771270751953
2023-09-14,983.7999877929688,838.5386962890625,440.0628967285156,3136.736328125,1018.4561767578125,4621.62451171875,1547.8466796875,736.5855712890625,233.55003356933594,129.1023406982422,273.8753662109375,4384.1484375,1203.558837890625,1199.1962890625,224.78167724609375,1058.642333984375,543.7183837890625,3761.89697265625,1127.8160400390625,3267.3203125,145.2509307861328,1140.3175048828125,786.566650390625,639.2110595703125,2705.785400390625,2362.28125,963.6473999023438,1439.9063720703125,1370.9742431640625,386.21630859375,362.8655700683594,2841.326171875,1135.261962890625,1526.19921875,559.1283569335938,10176.5595703125,2300.981689453125,1086.641845703125,220.11917114257812,161.29751586914062,2913.853515625,1218.1544189453125,175.387939453125,1212.03369140625,1345.8883056640625,565.6885375976562,26105.533203125,1113.066162109375,864.7134399414062,260.7184143066406,3244.965576171875,1167.1243896484375,3230.360107421875,1447.1048583984375,8410.6552734375,201.82394409179688
2023-09-15,1006.4500122070312,834.4437866210938,439.91461181640625,3094.529052734375,1024.6912841796875,4894.466796875,1535.07177734375,736.3792114257812,243.10459899902344,126.81646728515625,275.6683044433594,4344.3740234375,1222.0322265625,1200.8973388671875,226.19895935058594,1090.12060546875,541.8499145507812,3759.532470703125,1142.5108642578125,3311.574951171875,145.98948669433594,1158.9735107421875,795.5914306640625,638.6663818359375,2765.750732421875,2332.903564453125,968.2816772460938,1431.7601318359375,1375.2047119140625,384.8429870605469,361.3416442871094,2831.5419921875,1130.3992919921875,1560.4071044921875,558.5025634765625,10212.556640625,2330.1416015625,1093.6322021484375,218.50030517578125,160.2244873046875,2926.854736328125,1217.320556640625,174.44427490234375,1214.28173828125,1365.6875,567.1091918945312,26450.30078125,1118.905029296875,856.2573852539062,259.5874328613281,3279.83056640625,1185.545166015625,3217.731201171875,1485.60693359375,8449.7666015625,203.95108032226562
2023-09-18,1004.9500122070312,820.2345581054688,431.61151123046875,3103.87060546875,1022.2970581054688,4938.49365234375,1556.8787841796875,741.9274291992188,240.42347717285156,125.67353820800781,272.1322021484375,4405.08984375,1188.6207275390625,1205.805908203125,227.77825927734375,1075.763671875,541.9937133789062,3729.775390625,1124.5472412109375,3315.971435546875,143.8722686767578,1159.328857421875,779.9357299804688,653.5708618164062,2810.6904296875,2350.803955078125,966.0864868164062,1438.5733642578125,1357.19140625,388.0188293457031,358.2439880371094,2842.54296875,1119.4461669921875,1599.731689453125,560.2835693359375,10209.5,2321.590087890625,1103.160888671875,223.12564086914062,160.31031799316406,2864.6689453125,1230.3939208984375,179.83668518066406,1203.709228515625,1366.73193359375,571.9866333007812,26053.216796875,1116.812744140625,861.1942138671875,261.1609802246094,3286.985595703125,1176.197998046875,3307.76708984375,1508.3916015625,8352.619140625,201.66207885742188
2023-09-20,1008.9500122070312,807.2093505859375,423.2096252441406,3111.663818359375,1024.8409423828125,4944.50390625,1550.291748046875,740.97900390625,238.81480407714844,122.84103393554688,272.1322021484375,4339.14990234375,1194.048095703125,1204.9794921875,230.2483673095703,1051.1441650390625,537.6818237304688,3724.1591796875,1102.3724365234375,3325.102783203125,144.26617431640625,1149.0235595703125,748.648193359375,641.9344482421875,2763.043212890625,2330.21142578125,963.1107788085938,1422.3302001953125,1355.78125,388.7914123535156,356.4710693359375,2813.483154296875,1129.2696533203125,1592.470947265625,553.0634765625,10039.3583984375,2320.374755859375,1096.4337158203125,223.6343994140625,161.55503845214844,2839.034423828125,1226.00341796875,183.9259033203125,1176.882568359375,1338.3765869140625,569.2874145507812,25772.615234375,1122.1649169921875,850.1964721679688,257.6696472167969,3286.89404296875,1162.108642578125,3275.229248046875,1494.7010498046875,8188.19091796875,198.88755798339844
2023-09-21,1023.4500122070312,820.0864868164062,421.18328857421875,3140.559814453125,1012.0216674804688,4851.25146484375,1523.195068359375,735.5928344726562,239.35101318359375,123.48704528808594,265.9564208984375,4369.0048828125,1183.292724609375,1172.6123046875,227.13031005859375,1035.2933349609375,536.7237548828125,3691.840087890625,1112.8658447265625,3319.933349609375,143.57684326171875,1135.342529296875,743.6930541992188,638.0226440429688,2708.08642578125,2336.35107421875,935.93896484375,1393.5469970703125,1366.2435302734375,384.1133728027344,349.747802734375,2822.58544921875,1107.4122314453125,1543.0108642578125,553.2078857421875,9978.763671875,2325.421875,1089.3394775390625,221.0442657470703,160.26742553710938,2823.530517578125,1232.6995849609375,181.18478393554688,1168.3111572265625,1327.432373046875,557.0228881835938,25956.076171875,1115.3529052734375,851.46728515625,252.4080810546875,3267.981201171875,1177.885009765625,3273.099853515625,1481.65283203125,8048.205078125,198.35577392578125
2023-09-22,1018.7999877929688,816.0902099609375,416.09271240234375,3170.23046875,1015.8125610351562,4770.97265625,1540.6607666015625,734.3299560546875,243.10459899902344,123.63612365722656,263.3167724609375,4374.8515625,1183.292724609375,1152.6864013671875,229.4789581298828,1026.97998046875,537.8255615234375,3650.702392578125,1083.132568359375,3294.423828125,143.7245635986328,1131.5225830078125,732.3462524414062,643.17236328125,2727.714111328125,2344.947265625,927.1580810546875,1434.623779296875,1361.1488037109375,380.33660888671875,349.8972473144531,2841.228515625,1078.088623046875,1566.303466796875,552.48583984375,10222.162109375,2323.459228515625,1089.291015625,220.11917114257812,158.89393615722656,2869.79638671875,1235.0787353515625,178.98284912109375,1163.44482421875,1312.1602783203125,566.49365234375,25606.71875,1101.923828125,858.0658569335938,252.85064697265625,3284.706787109375,1190.37841796875,3243.385009765625,1476.907958984375,7926.08154296875,193.52346801757812
2023-09-25,1013.7999877929688,814.7088012695312,418.0201721191406,3217.08447265625,1016.5109252929688,4775.169921875,1574.29443359375,768.5825805664062,246.61441040039062,124.48090362548828,263.0677490234375,4380.02685546875,1178.2137451171875,1146.31982421875,233.28541564941406,1025.515380859375,531.1182861328125,3673.80859375,1067.76025390625,3272.39306640625,144.85702514648438,1122.4168701171875,732.9925537109375,635.8934326171875,2684.398193359375,2338.712890625,933.060791015625,1424.6014404296875,1341.1337890625,379.90740966796875,355.465087890625,2825.65234375,1090.957763671875,1549.05322265625,557.2030639648438,10273.6357421875,2330.375,1094.427490234375,221.6917724609375,159.2373046875,2903.15771484375,1223.6978759765625,178.75819396972656,1156.2811279296875,1287.5855712890625,562.6105346679688,25524.537109375,1093.8468017578125,880.4034423828125,252.6539306640625,3260.55224609375,1184.998046875,3252.7451171875,1498.111328125,7944.28173828125,191.4888153076172
2023-09-26,1012.2999877929688,810.4656982421875,424.7911682128906,3187.607421875,1011.7223510742188,4835.9873046875,1564.613525390625,773.5755615234375,246.2244415283203,123.58642578125,260.6273193359375,4408.87548828125,1190.114501953125,1131.0595703125,232.2325439453125,1007.53076171875,532.22021484375,3698.737548828125,1073.453857421875,3355.008544921875,145.59559631347656,1120.64013671875,736.1763916015625,638.0226440429688,2738.22705078125,2341.64111328125,925.59716796875,1405.1492919921875,1328.85205078125,379.7786865234375,351.421142578125,2835.436279296875,1090.957763671875,1554.6571044921875,560.668701171875,10243.0234375,2281.822021484375,1112.1597900390625,222.2005615234375,161.1687774658203,2874.55517578125,1227.2789306640625,178.2638702392578,1157.2938232421875,1283.1580810546875,562.9420776367188,25698.822265625,1095.5982666015625,875.1245727539062,255.55517578125,3268.345458984375,1169.358642578125,3231.597900390625,1513.383544921875,7966.25732421875,190.93389892578125
2023-09-27,1018.75,819.6917724609375,425.48309326171875,3196.320068359375,1022.7459106445312,4801.4052734375,1562.6673583984375,770.322265625,246.12693786621094,126.12077331542969,263.6155700683594,4434.94482421875,1193.3511962890625,1147.4376220703125,236.11997985839844,1009.8103637695312,537.5382080078125,3712.72900390625,1079.088134765625,3362.303955078125,148.25440979003906,1120.3291015625,731.0056762695312,641.9344482421875,2712.9599609375,2363.17822265625,920.1334228515625,1418.3804931640625,1334.6290283203125,385.5296325683594,351.6303405761719,2886.546142578125,1112.373046875,1548.8095703125,562.0164794921875,10363.435546875,2308.505126953125,1105.751953125,221.36802673339844,160.73953247070312,2864.619873046875,1226.150634765625,179.16262817382812,1170.3365478515625,1294.40087890625,558.5381469726562,26089.294921875,1109.3197021484375,868.9169311523438,255.45684814453125,3271.626953125,1175.149169921875,3184.004638671875,1510.6650390625,7998.97900390625,192.20555114746094
2023-09-28,1012.4500122070312,812.1925048828125,415.0548095703125,3069.0693359375,1028.4322509765625,4776.267578125,1536.6685791015625,760.6361694335938,243.10459899902344,125.872314453125,265.8567810058594,4336.4189453125,1214.7623291015625,1131.4483642578125,235.02667236328125,993.9692993164062,524.3631591796875,3611.239990234375,1065.86572265625,3324.184814453125,143.7738037109375,1103.2724609375,729.4974975585938,628.5650024414062,2680.15673828125,2324.0712890625,919.6456298828125,1395.2255859375,1309.56494140625,378.3194885253906,345.26568603515625,2930.305908203125,1113.060791015625,1516.502197265625,538.9119262695312,10251.462890625,2229.810791015625,1089.5787353515625,219.28660583496094,160.91123962402344,2814.65087890625,1187.8134765625,180.4208526611328,1153.1439208984375,1282.8597412109375,558.7276000976562,25302.673828125,1101.8751220703125,856.843994140625,253.784912109375,3223.728271484375,1121.208984375,3127.249267578125,1506.365234375,7894.0869140625,187.442626953125
2023-09-29,987.1500244140625,814.2153930664062,419.89825439453125,3060.06640625,1034.21826171875,4830.740234375,1537.217529296875,767.6881713867188,245.29823303222656,130.1956024169922,271.1361083984375,4348.49462890625,1212.521728515625,1152.929443359375,239.0760955810547,990.312255859375,528.53125,3709.9208984375,1096.8653564453125,3330.65869140625,144.95550537109375,1096.9649658203125,730.742431640625,631.2388916015625,2758.89208984375,2329.03076171875,928.7191772460938,1410.876220703125,1305.9259033203125,381.45245361328125,345.763671875,2943.49755859375,1150.5867919921875,1514.7479248046875,540.6929931640625,10295.3701171875,2221.212158203125,1088.053466796875,227.149658203125,164.68829345703125,2843.965087890625,1196.717041015625,179.5220947265625,1158.529052734375,1298.778564453125,566.8724365234375,25138.11328125,1127.51708984375,857.2349853515625,257.9646911621094,3216.29931640625,1115.09912109375,3118.87939453125,1504.289306640625,7991.37841796875,187.7663116455078
2023-10-03,973.9500122070312,820.3825073242188,427.212890625,3065.68115234375,1038.5579833984375,4785.6640625,1557.9765625,783.1043701171875,247.44313049316406,130.34466552734375,271.6341247558594,4308.529296875,1248.621826171875,1149.6732177734375,236.4034423828125,990.7294311523438,530.4475708007812,3669.81787109375,1072.265869140625,3238.332275390625,148.40213012695312,1100.42919921875,722.0048828125,627.4260864257812,2721.306640625,2332.1474609375,917.4016723632812,1417.3438720703125,1304.606689453125,377.46112060546875,344.04052734375,2991.88134765625,1153.4847412109375,1498.326171875,554.2186279296875,10039.5048828125,2224.156005859375,1078.7884521484375,223.12564086914062,158.46473693847656,2810.28369140625,1189.8001708984375,179.34237670898438,1145.2637939453125,1285.8941650390625,571.03955078125,25295.173828125,1110.7791748046875,852.3471069335938,259.5874328613281,3202.854736328125,1109.080322265625,3165.87841796875,1512.39501953125,8039.83251953125,187.48887634277344
2023-10-04,971.9000244140625,813.672607421875,424.69232177734375,3068.63330078125,993.1668701171875,4692.3154296875,1529.53271484375,771.9440307617188,247.49188232421875,126.76678466796875,263.8148498535156,4344.03857421875,1204.6541748046875,1134.3643798828125,233.20443725585938,996.3848876953125,532.1243286132812,3653.363037109375,1063.6473388671875,3286.162353515625,145.00474548339844,1101.184814453125,732.2984008789062,619.453857421875,2697.34765625,2368.9404296875,907.4012451171875,1383.6728515625,1314.0228271484375,374.328125,343.04449462890625,2947.5859375,1131.1851806640625,1483.4149169921875,549.5496215820312,9828.90234375,2268.596923828125,1111.224365234375,217.5290069580078,156.87664794921875,2792.916015625,1180.4794921875,178.8480682373047,1143.2877197265625,1264.1053466796875,555.223388671875,25140.0390625,1093.603759765625,845.357421875,252.4080810546875,3224.6396484375,1098.866943359375,3136.559814453125,1478.8358154296875,7861.65625,187.23451232910156
2023-10-05,959.6500244140625,814.2647094726562,427.8553771972656,3103.82275390625,1000.8484497070312,4780.51171875,1539.5130615234375,771.6343994140625,243.00709533691406,126.6176986694336,262.5697326660156,4345.3798828125,1194.2972412109375,1128.5809326171875,234.33827209472656,1009.9557495117188,527.716796875,3642.967529296875,1061.576171875,3327.421875,143.2814178466797,1097.54248046875,735.2667236328125,618.3150024414062,2722.25439453125,2379.9921875,917.938232421875,1384.2156982421875,1331.3992919921875,374.28521728515625,345.4748229980469,3014.07763671875,1128.92578125,1498.862060546875,522.2093505859375,9906.8173828125,2309.626708984375,1107.961181640625,216.32643127441406,156.4044952392578,2815.828125,1191.664306640625,176.6911163330078,1143.2630615234375,1267.9854736328125,560.8112182617188,25432.435546875,1089.0299072265625,840.9095458984375,253.53904724121094,3271.672607421875,1099.4140625,3185.93603515625,1480.911376953125,7916.44970703125,188.1131134033203
2023-10-06,961.25,819.7412109375,430.6724853515625,3093.657958984375,998.553955078125,4783.89892578125,1631.4317626953125,802.8549194335938,246.565673828125,128.1084747314453,263.5159912109375,4349.74072265625,1214.513427734375,1130.427734375,233.08290100097656,1006.0464477539062,524.2673950195312,3667.20703125,1065.0411376953125,3333.992431640625,144.26617431640625,1099.5411376953125,734.4528198242188,624.8017578125,2741.52099609375,2360.9580078125,922.182373046875,1416.75146484375,1345.2733154296875,379.5211486816406,347.39715576171875,3011.7900390625,1134.6724853515625,1509.485107421875,517.3959350585938,9995.986328125,2328.13232421875,1107.6494140625,217.89901733398438,155.7606964111328,2820.09619140625,1204.0018310546875,177.0955352783203,1145.1898193359375,1276.4423828125,562.7999877929688,25456.228515625,1097.009521484375,855.1332397460938,254.47335815429688,3300.8857421875,1109.71875,3278.300048828125,1483.9759521484375,7933.875,188.5986785888672
2023-10-09,938.9500122070312,779.5804443359375,425.2359924316406,3052.079833984375,993.8651733398438,4776.9345703125,1618.3575439453125,789.0114135742188,240.2772216796875,125.67353820800781,259.4320373535156,4334.45458984375,1214.513427734375,1127.0257568359375,233.08290100097656,996.966796875,519.0932006835938,3650.94873046875,1078.7740478515625,3329.354248046875,142.73980712890625,1110.1129150390625,725.9307250976562,609.2039794921875,2666.711181640625,2372.199462890625,915.7431030273438,1410.580078125,1342.316650390625,378.0619812011719,342.49664306640625,2993.29296875,1129.17138671875,1476.6903076171875,517.9735107421875,9940.4375,2313.178466796875,1106.1796875,217.11273193359375,155.97532653808594,2745.424560546875,1189.6038818359375,176.3765411376953,1135.4324951171875,1270.7713623046875,554.13427734375,25399.712890625,1092.873779296875,860.90087890625,245.8679962158203,3316.3359375,1105.8431396484375,3236.451416015625,1504.9813232421875,7851.2490234375,187.5582275390625
2023-10-10,939.75,808.6401977539062,432.15521240234375,3050.821533203125,1009.8268432617188,4805.74609375,1629.884765625,794.5055541992188,245.63946533203125,130.3943634033203,256.8919982910156,4341.5947265625,1253.9498291015625,1122.7005615234375,245.59552001953125,1008.1224365234375,521.1053466796875,3659.17626953125,1075.573974609375,3342.060546875,145.69406127929688,1120.951171875,730.048095703125,615.2449340820312,2686.293212890625,2376.82763671875,928.0362548828125,1402.6805419921875,1360.239013671875,381.45245361328125,349.8274841308594,2994.558837890625,1135.0654296875,1498.7647705078125,516.866455078125,10066.76953125,2318.038330078125,1110.346923828125,218.22279357910156,157.52044677734375,2824.560791015625,1201.9169921875,177.90438842773438,1140.447021484375,1295.445556640625,560.337646484375,25827.89453125,1096.2310791015625,868.8191528320312,249.70352172851562,3307.721923828125,1119.6131591796875,3238.135498046875,1510.516845703125,7897.91064453125,188.5524444580078
2023-10-11,962.4500122070312,804.0517578125,439.96405029296875,3062.824951171875,1016.6605224609375,4831.408203125,1633.327880859375,796.30908203125,242.5196075439453,130.0465087890625,256.3939208984375,4365.55517578125,1254.497314453125,1139.1270751953125,244.46168518066406,1000.0515747070312,521.0095825195312,3695.53515625,1093.0567626953125,3368.97119140625,144.75852966308594,1106.559326171875,737.1099853515625,615.4925537109375,2798.237548828125,2414.801025390625,929.8899536132812,1403.3223876953125,1359.556640625,384.75714111328125,352.8753662109375,3006.92236328125,1139.3878173828125,1516.745849609375,516.0962524414062,10102.767578125,2302.9912109375,1121.6590576171875,220.81295776367188,157.30584716796875,2826.425537109375,1220.33740234375,178.39871215820312,1158.5537109375,1302.70849609375,557.2122802734375,26161.16015625,1098.4205322265625,868.4771118164062,249.75270080566406,3290.403564453125,1123.1240234375,3249.328125,1532.4119873046875,8076.7158203125,194.74887084960938
2023-10-12,948.6500244140625,804.1505126953125,440.4582824707031,3058.178466796875,1016.0120849609375,4871.6669921875,1631.5814208984375,787.6942749023438,244.7132568359375,129.8477325439453,259.0834045410156,4371.11328125,1239.4598388671875,1125.470703125,248.79457092285156,988.8474731445312,518.3746337890625,3700.166259765625,1085.7142333984375,3376.314697265625,147.0234832763672,1087.1484375,742.0173950195312,618.6121215820312,2786.866943359375,2415.367919921875,931.011962890625,1406.3341064453125,1333.26416015625,386.860107421875,351.371337890625,3000.156494140625,1152.1585693359375,1526.832763671875,519.4175415039062,10266.552734375,2295.280517578125,1115.5242919921875,223.49566650390625,158.33595275878906,2831.576904296875,1217.5167236328125,180.4208526611328,1160.7027587890625,1306.9866943359375,555.0339965820312,26311.359375,1100.0263671875,872.3385009765625,250.93287658691406,3229.0146484375,1093.1673583984375,3253.78515625,1579.46435546875,8085.1865234375,192.87608337402344
2023-10-13,948.9000244140625,802.9664306640625,434.82403564453125,3048.2080078125,991.6704711914062,4819.9599609375,1643.3084716796875,791.3652954101562,234.67123413085938,127.56187438964844,253.55508422851562,4384.4833984375,1252.6055908203125,1135.0447998046875,249.40199279785156,971.338134765625,516.3143920898438,3680.558349609375,1071.971435546875,3359.114990234375,147.1219482421875,1115.709716796875,735.2667236328125,619.206298828125,2796.071533203125,2427.12841796875,928.1337280273438,1445.2877197265625,1302.013916015625,384.8429870605469,351.0028076171875,3007.798583984375,1166.943115234375,1522.739501953125,521.9685668945312,10408.845703125,2220.838134765625,1138.6905517578125,223.91195678710938,158.72225952148438,2828.63330078125,1206.7979736328125,181.36453247070312,1160.653564453125,1309.7724609375,545.657958984375,26506.47265625,1114.52587890625,892.8675537109375,249.90023803710938,3254.81005859375,1088.9268798828125,3252.546875,1582.4791259765625,8101.88525390625,190.07839965820312
2023-10-16,938.7999877929688,794.9737548828125,438.1353454589844,3012.631591796875,1002.3947143554688,4843.14208984375,1639.116455078125,789.8270874023438,237.986083984375,130.34466552734375,253.20645141601562,4395.36181640625,1240.55517578125,1131.78857421875,252.6820068359375,977.8375244140625,514.4939575195312,3601.583740234375,1078.4305419921875,3368.97119140625,146.28492736816406,1128.813232421875,732.3223266601562,623.9598999023438,2852.51708984375,2416.595947265625,928.2313842773438,1428.2054443359375,1304.7431640625,385.3580017089844,348.5625305175781,3019.772705078125,1177.15966796875,1534.531982421875,522.5943603515625,10386.48046875,2205.22998046875,1117.1390380859375,225.20701599121094,160.138671875,2826.400634765625,1194.3133544921875,182.4879608154297,1158.0596923828125,1315.4932861328125,545.1843872070312,26316.689453125,1104.7945556640625,888.2240600585938,250.58865356445312,3212.151611328125,1080.263671875,3270.029296875,1583.2698974609375,8027.537109375,189.68536376953125
2023-10-17,948.6500244140625,794.4310302734375,437.54229736328125,3014.08349609375,1005.6369018554688,4904.72216796875,1654.3863525390625,795.4293823242188,233.69627380371094,131.6366729736328,253.90370178222656,4409.0673828125,1239.509765625,1140.6336669921875,257.05535888671875,982.0184326171875,517.6559448242188,3593.10986328125,1088.4429931640625,3382.740478515625,146.13719177246094,1134.58740234375,737.8759765625,635.5962524414062,2863.301025390625,2414.564697265625,930.6704711914062,1417.936279296875,1312.2943115234375,389.2205505371094,352.9052429199219,2985.115478515625,1176.5211181640625,1536.52978515625,525.2418212890625,10431.404296875,2140.97509765625,1127.617431640625,227.5196990966797,159.88111877441406,2802.23779296875,1190.7569580078125,186.17276000976562,1163.5928955078125,1341.5106201171875,545.9420776367188,26289.837890625,1106.2542724609375,887.4909057617188,252.6539306640625,3196.65673828125,1092.1187744140625,3277.012451171875,1590.8814697265625,8036.44384765625,190.2402801513672
2023-10-18,939.0499877929688,788.0171508789062,428.003662109375,2997.530029296875,990.4733276367188,4901.001953125,1624.994384765625,773.172607421875,232.1363525390625,128.40664672851562,237.7172088623047,4416.111328125,1213.4178466796875,1176.6947021484375,256.6908874511719,987.9161987304688,511.6673278808594,3587.7890625,1114.6229248046875,3378.150634765625,144.31541442871094,1127.7469482421875,727.6063842773438,638.765380859375,2845.43310546875,2407.102294921875,920.7677001953125,1402.4830322265625,1310.5657958984375,387.6755065917969,349.2896423339844,2964.963623046875,1170.03759765625,1534.82421875,528.6593627929688,10467.9365234375,2107.749267578125,1124.6033935546875,223.8656768798828,160.48199462890625,2804.24951171875,1180.8966064453125,185.58856201171875,1148.1541748046875,1349.4700927734375,542.3432006835938,26469.552734375,1122.408203125,875.6134643554688,248.86758422851562,3178.60888671875,1082.54345703125,3251.556640625,1582.1827392578125,8014.08056640625,188.41371154785156
2023-10-19,933.0,782.3433837890625,432.4023132324219,3002.708984375,989.0267944335938,5230.36865234375,1631.531494140625,770.7154541015625,223.4105224609375,128.40664672851562,234.4799346923828,4411.080078125,1192.355224609375,1189.0389404296875,254.94964599609375,991.1561889648438,503.66656494140625,3584.3896484375,1105.484130859375,3383.078369140625,144.61083984375,1125.8814697265625,725.308349609375,632.8233642578125,2947.13525390625,2406.961181640625,912.9624633789062,1432.105712890625,1304.2882080078125,386.60260009765625,346.31146240234375,2973.5302734375,1178.82958984375,1529.6590576171875,526.6858520507812,10451.68359375,2112.889892578125,1166.6326904296875,221.55300903320312,159.92404174804688,2869.599853515625,1165.0025634765625,184.95944213867188,1139.33544921875,1341.311767578125,540.9699096679688,25959.876953125,1110.8280029296875,875.3201293945312,247.83493041992188,3157.956298828125,1068.9102783203125,3253.438232421875,1580.6505126953125,8246.662109375,182.79527282714844
2023-10-20,920.1500244140625,783.1328125,425.87847900390625,3006.629638671875,978.0032958984375,5236.759765625,1631.8309326171875,763.6044311523438,219.85195922851562,124.43121337890625,230.0473175048828,4389.5634765625,1182.2470703125,1166.5858154296875,253.00592041015625,970.0674438476562,502.8520202636719,3502.163818359375,1093.390380859375,3363.46337890625,143.62608337402344,1128.7962646484375,729.0667114257812,633.76416015625,2897.86328125,2356.94384765625,910.0355834960938,1450.6197509765625,1298.4656982421875,376.2165222167969,352.51678466796875,2932.59375,1158.838623046875,1518.646240234375,521.3909912109375,10407.0029296875,2027.8863525390625,1173.7559814453125,222.9406280517578,159.83819580078125,2898.227294921875,1164.1929931640625,182.30819702148438,1135.8525390625,1355.73828125,533.298583984375,25749.810546875,1111.509033203125,878.79052734375,243.3109588623047,3193.50537109375,1067.587890625,3235.16357421875,1578.080322265625,8190.99755859375,181.19992065429688
2023-10-23,880.7999877929688,761.2269897460938,411.150390625,2973.861083984375,961.9916381835938,5156.72021484375,1609.97412109375,766.5235595703125,215.7571563720703,117.02696228027344,225.36569213867188,4342.2177734375,1162.429443359375,1150.645263671875,247.90374755859375,953.6348876953125,499.5462951660156,3449.596435546875,1089.9842529296875,3330.0791015625,141.21343994140625,1109.1099853515625,721.04736328125,619.206298828125,2842.455322265625,2345.939208984375,907.3037109375,1416.9488525390625,1281.544189453125,374.15643310546875,346.7696838378906,2879.974853515625,1147.3941650390625,1525.3709716796875,517.0588989257812,10240.1123046875,1982.4637451171875,1169.7943115234375,218.82408142089844,158.6793212890625,2848.650146484375,1153.3026123046875,179.5220947265625,1118.116455078125,1331.6112060546875,523.685791015625,25374.14453125,1092.2896728515625,863.2958984375,234.3121795654297,3116.37548828125,1054.1370849609375,3189.155029296875,1567.00927734375,8059.53173828125,177.17684936523438
2023-10-25,876.1500244140625,758.9081420898438,413.1273498535156,2963.018798828125,953.1629028320312,5101.29248046875,1608.2774658203125,756.2575073242188,212.78353881835938,115.58586883544922,223.52291870117188,4345.236328125,1142.3128662109375,1125.033203125,251.30517578125,950.4627075195312,496.2406311035156,3392.93994140625,1082.5042724609375,3270.218994140625,139.6870880126953,1102.2490234375,716.47509765625,610.4913330078125,2834.333740234375,2340.08251953125,893.7909545898438,1394.9293212890625,1262.5604248046875,371.4096984863281,344.23974609375,2838.892333984375,1123.5228271484375,1529.220458984375,522.4019165039062,10274.265625,1988.4921875,1172.93408203125,214.66128540039062,158.25013732910156,2893.934326171875,1141.18603515625,179.2974395751953,1115.5225830078125,1307.484130859375,526.7637939453125,25377.30859375,1090.1976318359375,870.0411987304688,232.78781127929688,3098.052490234375,1041.552490234375,3157.55859375,1556.72900390625,7992.83056640625,176.57571411132812
2023-10-26,848.1500244140625,760.1414794921875,411.496337890625,2865.7294921875,969.7230834960938,5017.38916015625,1556.9288330078125,729.4597778320312,207.12881469726562,117.1263427734375,221.23193359375,4320.365234375,1129.814453125,1118.617919921875,247.21534729003906,951.5006103515625,487.18585205078125,3356.43310546875,1064.462158203125,3214.5625,136.04347229003906,1104.7601318359375,700.6279907226562,599.9937744140625,2808.254150390625,2339.232177734375,886.5224609375,1396.8548583984375,1252.7918701171875,372.8260192871094,337.6260681152344,2788.755859375,1121.4598388671875,1467.821533203125,517.2034301757812,10114.4599609375,1967.6971435546875,1138.267578125,214.291259765625,155.28855895996094,2878.234375,1126.0274658203125,178.80311584472656,1099.9849853515625,1298.9775390625,518.0506591796875,25105.14453125,1074.04345703125,860.6076049804688,230.5258331298828,3049.29833984375,1017.2042846679688,3071.33544921875,1558.854248046875,7943.41064453125,174.91099548339844
2023-10-27,870.9000244140625,772.0318603515625,412.4353942871094,2860.74365234375,1000.349609375,5126.3349609375,1563.3160400390625,737.8533935546875,209.02996826171875,116.92758178710938,221.82955932617188,4326.59521484375,1163.2261962890625,1141.362548828125,254.26124572753906,971.7842407226562,502.61248779296875,3361.90185546875,1059.62255859375,3280.31689453125,137.42214965820312,1137.8543701171875,703.380859375,602.7667846679688,2808.479736328125,2344.569580078125,890.5225830078125,1423.169677734375,1272.052001953125,372.3110046386719,339.1898193359375,2825.068115234375,1111.6854248046875,1472.4022216796875,517.6847534179688,10246.9521484375,1976.061767578125,1162.987548828125,218.87033081054688,158.593505859375,2984.796875,1136.525634765625,180.60061645507812,1119.40087890625,1296.291259765625,531.4518432617188,25186.982421875,1081.4395751953125,871.1165161132812,234.21385192871094,3062.275634765625,1021.8551635742188,3091.04638671875,1573.5333251953125,7948.10595703125,176.80691528320312
2023-10-30,915.25,774.597412109375,417.0811767578125,2872.312255859375,986.8320922851562,5064.65966796875,1558.0264892578125,737.445556640625,209.27371215820312,119.9588394165039,221.03268432617188,4276.0859375,1150.8770751953125,1160.02490234375,254.7471160888672,967.845947265625,501.55853271484375,3353.47705078125,1049.423583984375,3244.37158203125,138.75157165527344,1134.3121337890625,711.0171508789062,601.7268676757812,2806.810302734375,2341.59375,902.376708984375,1436.3516845703125,1269.0111083984375,369.47845458984375,342.13812255859375,2848.870849609375,1120.23193359375,1459.732666015625,512.3418579101562,10088.794921875,2004.7076416015625,1168.5350341796875,217.0201873779297,162.07009887695312,2977.020263671875,1134.244384765625,180.5107421875,1142.4725341796875,1319.472900390625,535.2874145507812,25610.5234375,1085.234619140625,873.5115966796875,235.1481475830078,3087.497802734375,1027.6458740234375,3086.836669921875,1590.288330078125,8133.4453125,176.6450653076172
2023-10-31,911.6500244140625,774.3507080078125,419.5523376464844,2899.99853515625,979.4996948242188,5069.572265625,1566.4599609375,736.4234008789062,208.78622436523438,120.10791778564453,218.79148864746094,4242.44580078125,1132.6031494140625,1166.3916015625,254.50425720214844,966.9923706054688,506.7806396484375,3338.648193359375,1053.781982421875,3184.36669921875,138.50535583496094,1144.40185546875,706.8997802734375,612.3729858398438,2786.957275390625,2346.411376953125,893.0592041015625,1423.169677734375,1261.039794921875,367.71881103515625,346.500732421875,2851.49951171875,1108.2471923828125,1421.5289306640625,516.5294189453125,10083.5546875,1984.5667724609375,1171.58544921875,218.13027954101562,159.7952880859375,3022.304931640625,1205.7923583984375,181.67909240722656,1130.3192138671875,1360.9117431640625,535.6189575195312,25325.72265625,1059.349365234375,880.3057250976562,235.39401245117188,3078.54150390625,1033.34521484375,3159.34130859375,1572.4954833984375,8153.43701171875,176.55258178710938
2023-11-01,880.25,758.9081420898438,401.95770263671875,2840.80224609375,969.4736938476562,5098.478515625,1569.7532958984375,734.3839721679688,208.15252685546875,120.80363464355469,217.84519958496094,4214.45947265625,1144.254638671875,1167.6064453125,248.34909057617188,975.2086181640625,495.47412109375,3296.968505859375,1049.6395263671875,3171.51513671875,138.357666015625,1129.1102294921875,705.9421997070312,614.0565185546875,2790.656982421875,2335.312255859375,891.7908935546875,1414.5791015625,1247.90771484375,367.4613342285156,343.51263427734375,2818.642822265625,1112.76611328125,1417.630615234375,515.08544921875,9923.89453125,2002.0908203125,1160.7861328125,215.17010498046875,160.26742553710938,3047.22802734375,1180.4552001953125,180.60061645507812,1135.0125732421875,1329.2730712890625,536.4239501953125,25094.33203125,1086.20751953125,882.8963623046875,232.9844970703125,3043.72412109375,1026.0042724609375,3143.245361328125,1542.8900146484375,8113.9384765625,176.1595458984375
2023-11-02,892.0999755859375,764.0392456054688,414.8571472167969,2860.986083984375,980.5970458984375,5073.72216796875,1572.4979248046875,732.1429443359375,209.5662078857422,127.26371002197266,220.88327026367188,4339.00634765625,1172.5870361328125,1174.6534423828125,250.13088989257812,984.7122802734375,508.2178039550781,3294.65283203125,1048.07861328125,3225.67431640625,139.29318237304688,1142.070068359375,707.01953125,613.3138427734375,2754.244873046875,2366.284912109375,897.5472412109375,1442.8192138671875,1262.652587890625,370.07928466796875,346.1620788574219,2840.83935546875,1148.5728759765625,1432.3468017578125,514.2672119140625,9997.490234375,2044.66259765625,1172.412109375,217.62149047851562,159.83819580078125,3054.317626953125,1191.2227783203125,182.5328826904297,1146.2767333984375,1336.685302734375,541.822265625,25559.87890625,1102.4102783203125,890.8146362304688,240.75393676757812,3070.6376953125,1028.2164306640625,3171.07861328125,1551.984130859375,8189.01318359375,177.40806579589844
2023-11-03,902.7000122070312,784.859619140625,416.04327392578125,2887.751220703125,986.4828491210938,5121.94677734375,1533.125732421875,728.4474487304688,211.954833984375,127.81034851074219,223.62252807617188,4350.794921875,1129.615478515625,1172.5634765625,252.6820068359375,989.9117431640625,513.1046142578125,3301.55029296875,1033.2659912109375,3312.34814453125,141.31190490722656,1135.6573486328125,710.370849609375,616.0867309570312,2787.905029296875,2387.646728515625,911.0599365234375,1432.0069580078125,1280.069580078125,371.8818359375,345.2756042480469,2834.170654296875,1165.6168212890625,1431.66455078125,508.3466796875,9971.001953125,2065.691650390625,1166.9296875,218.88238525390625,163.10018920898438,3084.09765625,1204.5660400390625,183.7012481689453,1146.0296630859375,1322.6070556640625,547.5520629882812,25624.63671875,1110.4385986328125,893.209716796875,240.5572509765625,3062.229736328125,1044.4393310546875,3243.385009765625,1580.6998291015625,8250.58203125,177.36183166503906
2023-11-06,926.5,791.8655395507812,416.3892517089844,2937.64404296875,1006.9837036132812,5158.103515625,1561.320068359375,743.2444458007812,212.39356994628906,129.2514190673828,223.97117614746094,4431.3505859375,1147.5909423828125,1170.376708984375,256.3669738769531,996.1828002929688,515.4521484375,3455.261962890625,1048.000244140625,3392.49951171875,141.9027862548828,1138.75146484375,715.5176391601562,615.7896118164062,2857.84130859375,2376.37109375,922.42626953125,1451.75537109375,1293.2017822265625,373.6843566894531,346.66009521484375,2896.670654296875,1178.1419677734375,1450.47412109375,514.0745849609375,9979.296875,2048.401123046875,1181.054931640625,220.2833709716797,165.93299865722656,3064.399658203125,1193.871826171875,187.1164093017578,1155.564697265625,1325.0943603515625,543.9531860351562,26062.1015625,1119.0994873046875,898.0487060546875,245.42543029785156,3089.05126953125,1052.78125,3236.005859375,1596.6640625,8365.15625,177.87049865722656
2023-11-07,932.1500244140625,786.9810791015625,414.7088317871094,2941.572021484375,1018.4561767578125,5169.6943359375,1566.70947265625,736.71337890625,210.68739318847656,128.15818786621094,224.46920776367188,4461.63671875,1137.6820068359375,1182.3807373046875,254.50425720214844,990.7883911132812,513.679443359375,3430.3330078125,1061.006591796875,3390.663818359375,145.05398559570312,1142.563232421875,712.0465698242188,616.433349609375,2824.767822265625,2375.467041015625,925.0116577148438,1467.7022705078125,1294.1231689453125,371.4096984863281,348.861328125,2882.8955078125,1168.7113037109375,1442.1412353515625,507.7334289550781,9948.6845703125,2058.308349609375,1184.9425048828125,223.3655548095703,165.84716796875,3054.660400390625,1196.12841796875,186.93666076660156,1148.0552978515625,1334.0487060546875,549.0673828125,26342.998046875,1139.486572265625,901.3724365234375,245.67129516601562,3080.095458984375,1059.0953369140625,3239.125732421875,1591.96875,8408.525390625,177.2462158203125
2023-11-08,946.6500244140625,807.850830078125,416.1421203613281,3001.598876953125,1019.2542724609375,5149.279296875,1572.3980712890625,733.2094116210938,212.00357055664062,124.53060150146484,225.96334838867188,4476.396484375,1138.4288330078125,1206.2431640625,257.05535888671875,995.4816284179688,516.6976928710938,3439.69384765625,1070.6658935546875,3430.522216796875,144.8077850341797,1136.9129638671875,714.1052856445312,612.7691040039062,2826.4375,2397.257568359375,912.9624633789062,1470.2200927734375,1281.86669921875,375.0577697753906,347.8653259277344,2917.114501953125,1189.7337646484375,1449.5970458984375,503.76409912109375,10015.634765625,2039.5220947265625,1180.666015625,221.07728576660156,167.69276428222656,3085.20166015625,1213.2242431640625,186.03794860839844,1154.0330810546875,1338.6751708984375,549.5882568359375,25933.27734375,1145.0821533203125,895.75146484375,250.73617553710938,3090.239501953125,1050.0159912109375,3280.380126953125,1627.9993896484375,8421.20703125,176.73756408691406
2023-11-09,938.0999755859375,795.5164794921875,413.4732666015625,2987.00390625,1019.4537963867188,5169.5986328125,1579.1348876953125,726.0099487304688,211.7598419189453,125.02753448486328,226.16256713867188,4458.66552734375,1147.2921142578125,1203.4730224609375,262.03607177734375,998.6754760742188,512.4817504882812,3447.182373046875,1071.5296630859375,3422.405517578125,145.3001708984375,1136.7784423828125,711.280517578125,615.343994140625,2864.157958984375,2356.67431640625,914.5234985351562,1488.388671875,1266.9376220703125,372.8689270019531,347.6062927246094,2944.762939453125,1183.29931640625,1512.6038818359375,503.8609313964844,10091.365234375,2050.223388671875,1178.0013427734375,222.24481201171875,165.41795349121094,3100.55810546875,1205.5716552734375,188.55441284179688,1141.50927734375,1343.8487548828125,547.7415161132812,25618.2734375,1144.595458984375,882.60302734375,243.9010467529297,3059.076904296875,1036.0052490234375,3252.546875,1627.9498291015625,8351.69921875,176.11328125
2023-11-10,938.7000122070312,797.8846435546875,413.27557373046875,2983.36767578125,1026.736328125,5143.984375,1592.8577880859375,731.7203369140625,212.2960662841797,128.25758361816406,226.51119995117188,4487.2744140625,1143.5076904296875,1205.368408203125,261.9145202636719,1000.7982177734375,513.6856079101562,3441.9599609375,1065.0411376953125,3421.2939453125,147.56509399414062,1125.9710693359375,714.0812377929688,620.6918334960938,2802.162841796875,2366.046875,915.7431030273438,1479.9462890625,1261.454345703125,374.7143859863281,347.7059631347656,2952.9404296875,1159.329833984375,1485.3641357421875,504.6354064941406,10080.1591796875,2058.21484375,1173.6473388671875,226.72796630859375,168.16490173339844,3064.47314453125,1193.2095947265625,189.7677001953125,1143.658203125,1348.52490234375,548.8306274414062,26020.14453125,1147.6610107421875,892.232177734375,247.24484252929688,3046.28271484375,1049.09423828125,3225.407470703125,1613.171875,8432.82421875,175.3965301513672
2023-11-13,940.1500244140625,799.1180419921875,414.5605773925781,2992.2412109375,1022.8955688476562,5175.60888671875,1582.0789794921875,723.4692993164062,213.95347595214844,135.6618194580078,226.46139526367188,4501.0751953125,1144.155029296875,1205.805908203125,282.93096923828125,990.3209838867188,510.555419921875,3458.513427734375,1064.0496826171875,3522.413330078125,150.56858825683594,1130.94873046875,712.7886352539062,615.046875,2814.435302734375,2358.053955078125,911.6941528320312,1490.6104736328125,1265.78564453125,374.2423400878906,348.2537841796875,2967.786865234375,1152.551513671875,1501.103759765625,504.39337158203125,10089.474609375,2010.7362060546875,1171.150390625,229.4832763671875,168.07907104492188,3059.542236328125,1191.3699951171875,190.80125427246094,1143.5101318359375,1321.6121826171875,550.5826416015625,25859.927734375,1146.1527099609375,895.995849609375,252.80145263671875,3044.54638671875,1042.826171875,3233.727783203125,1629.086669921875,8400.4423828125,176.4832305908203
2023-11-15,950.1500244140625,800.0061645507812,413.3249816894531,3021.915283203125,1038.8572998046875,5281.9794921875,1583.925537109375,710.04833984375,216.53712463378906,136.55628967285156,228.20457458496094,4514.92431640625,1161.9312744140625,1206.97216796875,283.94329833984375,1040.5751953125,506.60662841796875,3484.969970703125,1064.0693359375,3718.46826171875,147.86050415039062,1144.9844970703125,720.2573852539062,630.0009155273438,2867.72265625,2365.904052734375,918.18212890625,1475.1572265625,1299.8367919921875,379.3494873046875,352.4968566894531,2983.801025390625,1149.6043701171875,1504.904541015625,502.5539245605469,10145.4111328125,2120.694091796875,1175.4390869140625,230.9776611328125,171.2552032470703,3073.132568359375,1206.920654296875,188.8689727783203,1164.185791015625,1350.21630859375,553.7554321289062,25867.083984375,1149.16943359375,908.7531127929688,254.91595458984375,3111.02978515625,1081.90869140625,3264.631103515625,1653.8978271484375,8487.0859375,181.10745239257812
2023-11-16,941.3499755859375,802.818359375,415.0548095703125,3035.588623046875,1023.8931274414062,5295.5263671875,1617.459228515625,723.6265258789062,216.6345977783203,137.79861450195312,230.9936065673828,4506.5869140625,1160.4874267578125,1200.2169189453125,280.05584716796875,1110.2650146484375,515.1785278320312,3496.20263671875,1088.4725341796875,3707.30810546875,147.9097442626953,1175.837158203125,722.1484985351562,628.8126220703125,2959.948974609375,2370.471435546875,913.2063598632812,1479.7982177734375,1331.5377197265625,376.5169677734375,353.1642150878906,2970.366455078125,1172.935546875,1529.6103515625,500.56927490234375,10173.0166015625,2210.884521484375,1171.0069580078125,235.69435119628906,173.22959899902344,3138.115234375,1206.3321533203125,189.8309326171875,1166.285400390625,1353.0518798828125,553.7080688476562,25838.41015625,1157.5869140625,899.4172973632812,258.11224365234375,3196.520751953125,1112.7412109375,3304.2509765625,1664.771240234375,8494.9755859375,183.6276397705078
2023-11-17,936.0999755859375,799.3154296875,416.2409973144531,3073.020263671875,991.9697265625,5372.41796875,1612.71875,709.7239379882812,211.56483459472656,140.97898864746094,231.8402862548828,4522.11279296875,1121.748046875,1214.407958984375,279.61041259765625,1105.172119140625,520.7647094726562,3548.03125,1101.685302734375,3734.894775390625,145.84178161621094,1174.1329345703125,720.5924682617188,645.4996337890625,3009.311279296875,2406.24951171875,899.4009399414062,1479.6007080078125,1324.7645263671875,377.0318908691406,351.5207824707031,3026.684814453125,1175.19482421875,1544.27783203125,513.0581665039062,10210.8583984375,2173.359619140625,1185.115234375,234.99386596679688,168.55120849609375,3133.503173828125,1231.44873046875,191.9381561279297,1163.7412109375,1406.77783203125,533.251220703125,25863.482421875,1162.5009765625,909.97509765625,258.3089294433594,3200.72412109375,1108.639404296875,3307.12353515625,1727.4912109375,8510.3681640625,182.84152221679688
2023-11-20,926.2000122070312,792.950927734375,416.6363525390625,3045.334716796875,986.333251953125,5390.2099609375,1590.6622314453125,694.7451171875,208.59124755859375,140.08448791503906,234.0814971923828,4516.07470703125,1121.9969482421875,1212.17236328125,281.6351318359375,1111.6962890625,523.1725463867188,3619.0732421875,1100.232177734375,3716.6806640625,145.15243530273438,1188.7071533203125,720.640380859375,646.0938720703125,3019.77880859375,2384.982421875,899.0107421875,1485.870849609375,1323.8890380859375,374.9289855957031,352.7060241699219,3007.019775390625,1177.3560791015625,1512.7498779296875,508.9919738769531,10252.337890625,2195.837158203125,1181.6871337890625,234.4801483154297,169.8388214111328,3179.44970703125,1218.326171875,191.75489807128906,1160.67822265625,1378.273193359375,533.9141845703125,25620.4921875,1156.0784912109375,909.97509765625,256.5386962890625,3216.3974609375,1116.9814453125,3314.05712890625,1699.4674072265625,8385.0498046875,185.06114196777344
2023-11-21,926.5999755859375,790.730712890625,415.30194091796875,3038.44921875,989.42578125,5424.36328125,1607.2294921875,698.1409912109375,208.54248046875,138.7427978515625,232.7865753173828,4504.333984375,1099.2911376953125,1218.150146484375,283.0751037597656,1095.522705078125,520.9091186523438,3667.010009765625,1108.5369873046875,3714.50634765625,144.46310424804688,1189.783203125,726.74462890625,661.4440307617188,3046.986572265625,2383.8408203125,903.5474853515625,1483.155517578125,1326.1007080078125,374.4568786621094,352.0386657714844,2993.439208984375,1199.9993896484375,1520.108154296875,509.8149108886719,10222.162109375,2183.35986328125,1185.134521484375,233.4994659423828,169.04310607910156,3172.139404296875,1224.2374267578125,191.4342498779297,1175.2769775390625,1416.4288330078125,531.7832641601562,25604.107421875,1169.1185302734375,906.8958129882812,258.3089294433594,3207.806884765625,1110.2525634765625,3362.195068359375,1704.8052978515625,8430.4033203125,185.26922607421875
2023-11-22,914.4500122070312,781.406005859375,409.47003173828125,3038.20654296875,995.7107543945312,5486.94482421875,1620.702880859375,700.6177368164062,206.88507080078125,140.28326416015625,235.07757568359375,4499.01513671875,1116.3206787109375,1235.8890380859375,281.33868408203125,1097.284912109375,521.0535888671875,3647.401611328125,1112.0904541015625,3704.45751953125,143.232177734375,1192.5633544921875,724.1593627929688,662.0382080078125,3080.46630859375,2399.68359375,900.279052734375,1451.903564453125,1343.42578125,377.418212890625,347.7457580566406,3000.69189453125,1197.1014404296875,1504.2222900390625,515.720458984375,10182.767578125,2198.173583984375,1184.03564453125,236.90855407714844,168.86627197265625,3235.134521484375,1220.680908203125,193.8621063232422,1179.8717041015625,1422.8460693359375,529.3682250976562,25663.333984375,1171.7457275390625,907.4334106445312,257.76800537109375,3226.038330078125,1120.2996826171875,3397.259033203125,1719.2867431640625,8480.30859375,185.0842742919922
2023-11-23,930.7000122070312,782.590087890625,410.804443359375,3028.4609375,996.6585083007812,5652.65380859375,1620.752685546875,695.2415161132812,207.08004760742188,141.87344360351562,233.73284912109375,4510.13232421875,1110.3951416015625,1137.863525390625,283.2868347167969,1094.4027099609375,520.427490234375,3634.395263671875,1108.18359375,3752.770751953125,144.90625,1191.935546875,728.3485107421875,658.5720825195312,3219.7978515625,2397.78076171875,900.52294921875,1467.406005859375,1335.546630859375,377.9761047363281,346.4808044433594,2965.01220703125,1177.01220703125,1506.5614013671875,513.9779052734375,10176.8974609375,2198.547607421875,1186.0997314453125,236.06796264648438,168.55682373046875,3129.578125,1230.9580078125,193.22076416015625,1183.4781494140625,1403.793212890625,530.3153076171875,25589.443359375,1166.588134765625,912.076904296875,256.4403381347656,3206.024658203125,1116.1517333984375,3376.012451171875,1755.6138916015625,8330.595703125,186.1247100830078
2023-11-24,937.9000244140625,785.007568359375,409.5194396972656,3041.261474609375,1006.0859375,5657.47119140625,1614.06591796875,690.047119140625,207.0313262939453,151.31512451171875,234.4301300048828,4451.0458984375,1089.979736328125,1165.0794677734375,281.8892517089844,1094.1883544921875,517.5382080078125,3709.575927734375,1108.47802734375,3719.193115234375,145.15243530273438,1174.1329345703125,733.5191650390625,661.5430297851562,3202.291259765625,2393.30859375,906.7671508789062,1457.6304931640625,1324.6263427734375,375.7873229980469,347.4170837402344,2973.384521484375,1221.267333984375,1513.724609375,506.9589538574219,10203.2421875,2167.751708984375,1173.7322998046875,237.14205932617188,166.96543884277344,3135.220458984375,1228.4071044921875,192.80850219726562,1182.6876220703125,1402.5494384765625,530.694091796875,25316.19921875,1163.328125,906.1137084960938,253.88327026367188,3159.281005859375,1104.1229248046875,3364.671630859375,1779.23876953125,8283.111328125,183.1189727783203
2023-11-28,1052.800048828125,826.5990600585938,426.22442626953125,3053.092529296875,1018.7056274414062,5722.2001953125,1651.142822265625,700.5391235351562,211.41859436035156,155.09178161621094,232.1889190673828,4517.46435546875,1101.6812744140625,1158.9072265625,289.6395263671875,1084.012939453125,514.1190795898438,3704.994140625,1114.299072265625,3697.596923828125,147.66355895996094,1180.859375,731.867431640625,666.7918090820312,3268.528076171875,2388.8837890625,902.9620361328125,1458.963623046875,1329.5103759765625,373.5985107421875,347.0685119628906,2969.2470703125,1222.986572265625,1526.248046875,508.4111022949219,10224.490234375,2149.43359375,1177.605224609375,240.5511474609375,171.47445678710938,3100.263671875,1220.53369140625,192.57945251464844,1182.9346923828125,1405.2855224609375,534.5771484375,25732.830078125,1159.3385009765625,910.95263671875,266.32421875,3171.20654296875,1108.3170166015625,3409.689453125,1803.1109619140625,8447.9755859375,183.51202392578125
2023-11-29,1041.699951171875,824.4775390625,430.623046875,3053.092529296875,1057.6123046875,5790.69677734375,1650.24462890625,700.789794921875,216.7808380126953,164.03652954101562,235.8246612548828,4603.9140625,1105.86376953125,1167.898193359375,289.9782409667969,1109.0281982421875,514.8895874023438,3675.040283203125,1122.0635986328125,3683.634765625,147.958984375,1196.3751220703125,746.4698486328125,669.1192016601562,3381.23876953125,2402.681396484375,916.7186889648438,1464.88818359375,1345.0843505859375,375.2723388671875,349.299560546875,3002.103271484375,1227.50537109375,1577.9495849609375,510.20208740234375,10284.357421875,2191.537841796875,1170.258056640625,241.3450469970703,169.7504119873047,3160.904052734375,1228.161865234375,193.35821533203125,1186.047119140625,1400.708984375,538.5075073242188,25771.775390625,1169.89697265625,912.6145629882812,268.8812255859375,3211.05078125,1126.1068115234375,3396.7138671875,1842.2059326171875,8454.0263671875,187.8588104248047
2023-11-30,1028.800048828125,814.5606689453125,434.1815490722656,3025.503173828125,1071.678466796875,5810.34912109375,1670.2052001953125,699.98388671875,220.4369354248047,169.40335083007812,237.3686065673828,4650.87646484375,1112.8350830078125,1178.34716796875,289.80889892578125,1121.90087890625,518.2123413085938,3733.125244140625,1136.356201171875,3765.42822265625,145.10321044921875,1202.6085205078125,746.3023071289062,684.0731811523438,3446.34814453125,2422.187744140625,912.1820068359375,1447.6575927734375,1340.983642578125,374.0706481933594,349.697998046875,3026.87939453125,1258.3023681640625,1605.8714599609375,521.4808349609375,10293.5263671875,2200.697021484375,1178.4586181640625,244.05360412597656,172.35855102539062,3139.9306640625,1252.07666015625,191.4342498779297,1174.5606689453125,1427.969970703125,534.8612670898438,26398.474609375,1192.911376953125,919.6531372070312,263.47210693359375,3187.15380859375,1125.4154052734375,3457.431640625,1843.0460205078125,8716.2802734375,191.0032501220703
2023-12-01,1026.5,816.8302612304688,436.8998107910156,3077.38427734375,1102.0057373046875,5767.89599609375,1682.6307373046875,713.4932250976562,220.58316040039062,169.45306396484375,239.70941162109375,4764.0654296875,1123.5404052734375,1171.9317626953125,293.6204833984375,1112.777099609375,521.1981201171875,3737.066650390625,1128.74853515625,3759.920654296875,146.48187255859375,1198.841552734375,744.674560546875,675.5563354492188,3393.060546875,2439.410400390625,923.6458129882812,1442.6712646484375,1338.357177734375,386.08758544921875,348.71197509765625,3106.1728515625,1273.7745361328125,1584.18701171875,519.78662109375,10271.2099609375,2219.9033203125,1183.440185546875,251.19874572753906,172.0048828125,3156.29248046875,1256.8839111328125,192.57945251464844,1182.88525390625,1416.4288330078125,541.49072265625,26679.623046875,1198.16650390625,921.7059326171875,271.4382629394531,3209.131591796875,1125.0467529296875,3456.342041015625,1887.8248291015625,8745.515625,188.50621032714844
2023-12-04,1123.75,867.0064086914062,469.07421875,3097.89453125,1122.905517578125,5916.3857421875,1692.910400390625,728.0691528320312,228.43154907226562,172.98126220703125,239.70941162109375,4732.43798828125,1144.005859375,1182.4293212890625,300.4390563964844,1105.366943359375,526.8323974609375,3742.3876953125,1130.044189453125,4039.31591796875,151.7010498046875,1199.9627685546875,770.5279541015625,668.4259033203125,3426.5400390625,2476.1875,967.0621337890625,1495.596923828125,1349.4617919921875,389.735595703125,362.2679748535156,3225.8193359375,1238.3114013671875,1614.7403564453125,518.915283203125,10284.5517578125,2216.2587890625,1186.561767578125,256.6625671386719,178.6357879638672,3160.291259765625,1252.6162109375,195.05311584472656,1195.680908203125,1446.6248779296875,563.2262573242188,27361.205078125,1198.069091796875,925.4207763671875,276.8965148925781,3209.862548828125,1128.1346435546875,3455.25244140625,1882.0421142578125,9020.3544921875,188.41371154785156
2023-12-05,1348.5,999.6746826171875,503.17608642578125,3128.63525390625,1129.739013671875,5857.61962890625,1689.367431640625,722.3831787109375,232.96507263183594,175.614990234375,242.14984130859375,4742.6455078125,1134.8935546875,1190.1566162109375,301.1590576171875,1091.71533203125,531.6480102539062,3686.272705078125,1134.05908203125,3996.945068359375,154.16293334960938,1181.6666259765625,777.374267578125,666.2471923828125,3435.248291015625,2439.02978515625,988.7703247070312,1487.6480712890625,1339.8778076171875,387.7613830566406,364.2401123046875,3227.668701171875,1236.0028076171875,1643.1982421875,519.49609375,10403.3642578125,2190.64990234375,1196.5830078125,266.60968017578125,178.6357879638672,3130.1181640625,1261.2254638671875,203.66514587402344,1204.351318359375,1453.53955078125,576.05908203125,27644.373046875,1206.243408203125,928.7445678710938,276.8473815917969,3227.363037109375,1125.0927734375,3511.611572265625,1881.10302734375,9031.970703125,186.98020935058594
2023-12-06,1563.449951171875,1004.4603881835938,495.31787109375,3154.1396484375,1117.8177490234375,5790.69677734375,1697.0023193359375,729.980712890625,231.5026397705078,177.35421752929688,239.4603729248047,4795.11865234375,1149.433349609375,1171.44580078125,298.2791442871094,1110.3912353515625,529.7699584960938,3679.671142578125,1125.008544921875,3910.464599609375,152.78427124023438,1192.428955078125,779.3372802734375,670.8026733398438,3394.00830078125,2443.216796875,978.8186645507812,1482.7110595703125,1358.63134765625,397.6324462890625,362.8357238769531,3302.484130859375,1221.5621337890625,1659.132568359375,522.3037109375,10310.0693359375,2228.455322265625,1214.0682373046875,262.5467529296875,178.54737854003906,3108.457275390625,1263.751708984375,205.58909606933594,1215.8873291015625,1443.341552734375,576.24853515625,27442.251953125,1207.0218505859375,930.3575439453125,289.28826904296875,3293.6171875,1129.332763671875,3513.196533203125,1867.0169677734375,8918.947265625,193.63905334472656
2023-12-07,1624.1500244140625,1025.8729248046875,499.271728515625,3153.41259765625,1115.1741943359375,5813.2587890625,1700.6951904296875,726.4522705078125,232.18511962890625,182.17445373535156,241.3031463623047,4807.4345703125,1132.5531005859375,1188.552978515625,298.1097412109375,1110.1771240234375,525.6766967773438,3679.57275390625,1135.75732421875,3952.980224609375,152.29190063476562,1191.0390625,780.6058959960938,671.7434692382812,3404.47607421875,2396.2109375,974.6721801757812,1485.8214111328125,1350.8902587890625,393.2119140625,363.9213562011719,3266.756103515625,1226.965087890625,1649.63037109375,516.5433349609375,10378.8642578125,2239.5771484375,1214.3966064453125,265.06854248046875,175.85081481933594,3095.23486328125,1269.98193359375,210.71966552734375,1213.886474609375,1448.365966796875,579.3265380859375,27660.8125,1206.0001220703125,935.44091796875,320.4151611328125,3303.487060546875,1127.5355224609375,3551.33056640625,1898.1051025390625,9055.98046875,193.40786743164062
2023-12-08,1550.300048828125,1009.3941650390625,488.645751953125,3134.21142578125,1128.4920654296875,5796.1826171875,1706.7830810546875,718.2355346679688,231.11265563964844,175.614990234375,238.0658721923828,4736.70361328125,1161.831787109375,1184.95654296875,297.3050842285156,1126.21435546875,527.31396484375,3627.744384765625,1131.59521484375,3918.194580078125,152.14419555664062,1223.4158935546875,791.4978637695312,664.7616577148438,3353.12890625,2400.064453125,986.2335815429688,1489.968505859375,1374.1590576171875,385.5296325683594,366.232177734375,3289.000732421875,1217.4853515625,1626.1429443359375,513.590576171875,10303.083984375,2268.363525390625,1205.3695068359375,266.236083984375,173.24266052246094,3171.599609375,1256.638671875,209.43704223632812,1213.2442626953125,1457.7679443359375,581.6468505859375,27315.056640625,1202.5941162109375,925.371826171875,318.2023620605469,3314.270263671875,1129.425048828125,3600.112548828125,1880.8065185546875,9113.09765625,195.41940307617188
2023-12-11,1530.0,1018.2255859375,498.18438720703125,3135.181396484375,1113.827392578125,5855.99755859375,1699.447509765625,716.7760620117188,231.99009704589844,178.54685974121094,239.1117706298828,4738.57177734375,1170.346435546875,1168.6270751953125,299.5497131347656,1142.1346435546875,530.203369140625,3616.6591796875,1074.58251953125,3889.834716796875,151.7995147705078,1233.460693359375,790.4446411132812,665.9995727539062,3343.112060546875,2382.318359375,992.3314208984375,1502.706298828125,1371.717041015625,388.3622131347656,367.34771728515625,3296.15625,1207.95654296875,1610.2083740234375,523.4171142578125,10228.5654296875,2274.111328125,1217.712646484375,268.3375549316406,174.87826538085938,3202.28759765625,1248.74072265625,211.5900421142578,1215.022705078125,1453.1912841796875,581.7415771484375,27939.287109375,1208.0435791015625,929.1355590820312,328.1354064941406,3329.074951171875,1136.799072265625,3596.002197265625,1910.164794921875,9362.2333984375,194.4945526123047
2023-12-12,1463.9000244140625,1028.142333984375,495.56494140625,3127.1806640625,1128.292724609375,5966.47021484375,1703.389892578125,718.9186401367188,230.72267150878906,176.8076171875,237.7172088623047,4699.1806640625,1172.3880615234375,1165.0794677734375,294.3404541015625,1140.557373046875,528.7586669921875,3594.095458984375,1087.706787109375,3818.427978515625,150.2239227294922,1233.460693359375,782.5928955078125,700.5126953125,3381.46435546875,2381.4619140625,990.9655151367188,1478.1689453125,1360.243896484375,388.920166015625,363.42333984375,3253.9052734375,1218.271240234375,1593.83544921875,522.836181640625,10031.2568359375,2274.01806640625,1213.0302734375,264.6949768066406,172.7563934326172,3202.48388671875,1279.130859375,211.95651245117188,1197.5831298828125,1473.935546875,579.989501953125,28239.5859375,1185.2724609375,927.4736938476562,325.3325500488281,3355.75927734375,1130.20849609375,3537.4638671875,1915.502685546875,9548.685546875,195.23443603515625
2023-12-13,1427.699951171875,1049.40673828125,503.17608642578125,3145.5087890625,1112.1812744140625,6025.5224609375,1681.2335205078125,713.360595703125,233.94003295898438,178.54685974121094,248.3256072998047,4714.7548828125,1175.72412109375,1182.4293212890625,292.3923645019531,1135.455078125,527.3621215820312,3602.3720703125,1099.152587890625,3896.695556640625,150.02699279785156,1227.9898681640625,780.8214111328125,691.451171875,3486.27978515625,2390.16845703125,989.2093505859375,1487.9443359375,1335.316162109375,391.10894775390625,363.7919006347656,3309.78564453125,1229.81396484375,1623.803955078125,522.5941162109375,10071.6689453125,2267.054931640625,1217.7589111328125,274.64202880859375,170.7671356201172,3199.663330078125,1286.857177734375,217.08706665039062,1202.4739990234375,1459.35986328125,587.0451049804688,28170.53125,1199.966552734375,935.8319702148438,332.56103515625,3283.976318359375,1120.9449462890625,3568.119873046875,1999.0303955078125,9428.3056640625,194.05523681640625
2023-12-14,1508.300048828125,1060.4583740234375,514.2468872070312,3143.27880859375,1117.767822265625,6043.40966796875,1727.5421142578125,734.6100463867188,236.96238708496094,180.28611755371094,247.0804901123047,4740.9677734375,1223.82470703125,1170.9112548828125,294.4251708984375,1198.990966796875,527.2658081054688,3629.173095703125,1094.185546875,3948.293701171875,150.32240295410156,1268.70751953125,790.0376586914062,677.9330444335938,3504.643310546875,2394.402587890625,1008.4783935546875,1532.1807861328125,1383.651123046875,394.9285888671875,369.29998779296875,3342.2041015625,1234.1854248046875,1660.25341796875,520.8999633789062,10045.6181640625,2430.940185546875,1205.5494384765625,275.9029541015625,173.24266052246094,3365.2958984375,1292.27783203125,212.64364624023438,1217.39404296875,1462.3944091796875,590.64404296875,28364.21484375,1198.215087890625,929.1355590820312,329.85650634765625,3351.327392578125,1165.7420654296875,3557.273681640625,2025.176025390625,9645.30078125,200.87596130371094
2023-12-15,1526.6500244140625,1064.25732421875,516.3721313476562,3213.63330078125,1117.6680908203125,5986.50439453125,1729.73779296875,738.625,247.44313049316406,180.43519592285156,250.71621704101562,4709.57958984375,1238.6632080078125,1173.2926025390625,296.45806884765625,1254.13330078125,519.801513671875,3642.820068359375,1097.3463134765625,3922.92919921875,154.6553192138672,1337.4971923828125,793.101806640625,666.5936889648438,3516.284912109375,2400.635498046875,1012.1370849609375,1551.0406494140625,1454.5638427734375,393.2977294921875,368.6525573730469,3395.650390625,1224.1163330078125,1681.109375,518.1408081054688,9980.8017578125,2485.054443359375,1184.791748046875,284.9627380371094,177.75164794921875,3544.64111328125,1300.49462890625,217.45355224609375,1232.931884765625,1445.1324462890625,613.9420776367188,28389.734375,1202.54541015625,933.2902221679688,327.69287109375,3528.385986328125,1203.9027099609375,3566.3369140625,1995.323486328125,9709.33984375,206.49440002441406
2023-12-18,1524.6500244140625,1079.7987060546875,519.5845947265625,3231.234375,1108.689697265625,6168.240234375,1721.2044677734375,745.755615234375,247.150634765625,186.249267578125,253.1068572998047,4676.60986328125,1243.1446533203125,1182.7210693359375,294.4675598144531,1254.376708984375,520.5721435546875,3658.585205078125,1097.6605224609375,3947.665771484375,154.16293334960938,1349.156494140625,792.69482421875,665.751953125,3510.1484375,2412.624755859375,996.5755004882812,1536.7723388671875,1441.6162109375,387.6755065917969,367.92547607421875,3399.155029296875,1235.560791015625,1667.319091796875,523.223388671875,10013.0146484375,2504.82177734375,1184.2010498046875,283.1881408691406,175.93922424316406,3506.225341796875,1298.7532958984375,212.4145965576172,1245.48046875,1439.6104736328125,614.1788940429688,28190.423828125,1219.0887451171875,928.4024047851562,331.4792175292969,3526.7412109375,1190.67578125,3585.205810546875,1976.6409912109375,9652.1240234375,205.89321899414062
2023-12-19,1531.800048828125,1059.7677001953125,516.3226928710938,3235.113037109375,1117.568359375,6123.6884765625,1706.3839111328125,750.1834716796875,242.3246307373047,183.6155548095703,251.36367797851562,4707.03955078125,1244.4891357421875,1202.452392578125,310.8150634765625,1221.7176513671875,527.9880981445312,3669.27587890625,1106.77001953125,3903.3623046875,154.99996948242188,1334.8065185546875,791.3543090820312,659.6119384765625,3448.87451171875,2436.603515625,990.7216186523438,1546.8441162109375,1436.0408935546875,391.49517822265625,367.84576416015625,3406.310302734375,1247.791015625,1656.16015625,530.3875122070312,9929.5693359375,2499.68115234375,1239.4110107421875,289.21240234375,177.08856201171875,3465.872314453125,1299.3663330078125,213.97207641601562,1263.809326171875,1417.3243408203125,620.7137451171875,28219.00390625,1211.498046875,944.4835205078125,330.3482360839844,3487.445556640625,1181.181396484375,3576.142578125,1946.047119140625,9697.3837890625,202.86439514160156
2023-12-20,1452.1500244140625,998.7373046875,484.7907409667969,3197.39013671875,1107.5924072265625,6071.6484375,1677.5906982421875,736.5512084960938,233.3063201904297,170.94381713867188,241.65179443359375,4748.9228515625,1234.0323486328125,1201.5777587890625,298.2791442871094,1176.0791015625,515.2266845703125,3566.900146484375,1095.3243408203125,3780.40576171875,150.864013671875,1291.4429931640625,793.3171997070312,637.8740844726562,3443.14453125,2433.55859375,982.1359252929688,1536.574951171875,1415.8590087890625,387.11761474609375,363.8516540527344,3327.990478515625,1205.942626953125,1605.091796875,514.3167114257812,9781.74609375,2452.24951171875,1220.3529052734375,278.00439453125,179.65249633789062,3432.657470703125,1267.700927734375,208.1085968017578,1248.518798828125,1402.101806640625,602.7666015625,27890.32421875,1199.042236328125,954.4058837890625,314.8585205078125,3454.41015625,1150.90185546875,3520.328125,1926.7713623046875,9571.87109375,199.7430419921875
2023-12-21,1519.550048828125,1005.4472045898438,498.0855407714844,3203.014892578125,1092.7779541015625,5958.9814453125,1663.568359375,724.0885620117188,232.2825927734375,179.34194946289062,244.7396697998047,4849.2216796875,1222.978271484375,1187.629638671875,301.1166687011719,1193.38232421875,510.699951171875,3579.413818359375,1090.48486328125,3824.4189453125,151.60256958007812,1275.389404296875,807.53662109375,637.97314453125,3474.4130859375,2429.466796875,979.9407348632812,1550.2506103515625,1415.4903564453125,387.50390625,369.0708923339844,3333.490966796875,1234.6275634765625,1592.32470703125,510.1053466796875,9715.3779296875,2471.4560546875,1221.23291015625,282.02069091796875,179.166259765625,3514.099853515625,1283.3497314453125,212.8726806640625,1266.0079345703125,1396.629638671875,609.6802978515625,27851.630859375,1200.35595703125,957.3385620117188,323.1197204589844,3461.218017578125,1152.2845458984375,3545.98193359375,1923.3116455078125,9636.7333984375,200.6909942626953
2023-12-22,1533.0999755859375,1013.8838500976562,497.9866943359375,3240.204345703125,1085.69482421875,6078.9462890625,1668.7581787109375,717.0266723632812,228.9190216064453,177.20516967773438,245.33731079101562,4946.5009765625,1245.63427734375,1200.994384765625,307.6810302734375,1224.9896240234375,509.7850036621094,3640.750732421875,1104.8558349609375,3870.896240234375,151.6518096923828,1311.8468017578125,799.9481811523438,633.6651611328125,3551.614013671875,2450.781494140625,970.086669921875,1542.6968994140625,1440.2799072265625,390.72271728515625,370.62469482421875,3385.866455078125,1242.781005859375,1592.714599609375,506.1843566894531,9913.609375,2559.3564453125,1233.515380859375,282.8145446777344,180.31558227539062,3645.953369140625,1296.7664794921875,212.32296752929688,1267.242919921875,1387.2276611328125,603.0507202148438,27824.73046875,1210.2332763671875,970.535888671875,321.2510986328125,3494.573486328125,1175.3743896484375,3592.882080078125,1944.86083984375,9650.818359375,213.9393768310547
2023-12-26,1600.199951171875,1015.1173095703125,499.5188293457031,3280.982177734375,1091.630615234375,6167.142578125,1642.060791015625,703.95458984375,229.06524658203125,181.08120727539062,249.67031860351562,5018.2392578125,1240.1571044921875,1210.08251953125,310.0527648925781,1222.233642578125,511.0370178222656,3806.828369140625,1105.7294921875,3904.08740234375,151.60256958007812,1307.76611328125,805.5018920898438,631.8330078125,3670.50634765625,2459.488037109375,970.8671264648438,1551.0406494140625,1422.816650390625,391.795654296875,375.873779296875,3397.646240234375,1260.0216064453125,1620.0029296875,512.5740356445312,9965.5205078125,2536.598388671875,1242.92919921875,289.1657409667969,183.3216094970703,3610.236328125,1308.78515625,213.78883361816406,1273.66552734375,1388.22265625,604.2819213867188,28239.53515625,1213.979736328125,984.759521484375,320.02178955078125,3468.574462890625,1181.6884765625,3621.953125,1973.2305908203125,9698.884765625,217.38441467285156
2023-12-27,1601.0999755859375,1010.824951171875,511.03436279296875,3301.443603515625,1103.70166015625,6400.96728515625,1666.1630859375,710.8837890625,232.03887939453125,180.83273315429688,251.76210021972656,4999.88525390625,1248.0242919921875,1205.0281982421875,309.671630859375,1226.78125,514.6488037109375,3827.274169921875,1121.896728515625,3981.001708984375,151.6518096923828,1320.232666015625,815.4841918945312,637.5769653320312,3667.6640625,2481.896728515625,977.8430786132812,1577.3553466796875,1444.150390625,392.35357666015625,378.96148681640625,3450.16748046875,1265.277099609375,1645.0498046875,517.0758056640625,9982.8388671875,2560.571533203125,1250.631103515625,285.8500671386719,181.73019409179688,3628.51220703125,1324.0660400390625,214.43016052246094,1278.0130615234375,1414.140380859375,614.2261962890625,28277.197265625,1218.796630859375,1003.7245483398438,319.4808654785156,3482.8759765625,1179.9832763671875,3654.19384765625,1990.430419921875,10103.0087890625,217.77748107910156
2023-12-28,1561.0,1003.4736328125,508.3161315917969,3294.46142578125,1105.197998046875,6394.90869140625,1677.8900146484375,713.4243774414062,233.3550567626953,191.4173583984375,246.3832244873047,5062.37451171875,1230.5966796875,1225.48876953125,322.6734313964844,1221.51318359375,523.076171875,3882.156982421875,1150.1773681640625,3953.849609375,153.1289520263672,1320.59130859375,816.4177856445312,641.8353881835938,3765.9814453125,2506.160888671875,981.4041748046875,1590.29052734375,1440.049560546875,398.362060546875,382.7464294433594,3424.904541015625,1316.310546875,1690.367919921875,528.6448974609375,9966.4404296875,2550.150390625,1276.3751220703125,293.18194580078125,184.16151428222656,3688.98046875,1328.5792236328125,219.05685424804688,1287.2515869140625,1428.019775390625,616.9254150390625,28234.3515625,1228.2359619140625,1017.6549072265625,324.3490295410156,3472.54931640625,1185.3294677734375,3679.798583984375,1981.484619140625,10093.5224609375,217.08384704589844
2023-12-29,1597.0,1010.775634765625,514.889404296875,3299.45556640625,1099.661376953125,6484.53662109375,1682.4810791015625,720.216064453125,235.3537139892578,192.3615264892578,248.67422485351562,5116.47705078125,1254.59716796875,1211.394775390625,318.48065185546875,1221.9124755859375,536.6563720703125,3846.635498046875,1138.270263671875,4003.708984375,153.76902770996094,1314.896240234375,818.3328247070312,640.448974609375,3735.5703125,2534.849609375,972.33056640625,1578.83642578125,1421.84912109375,396.64532470703125,380.1069641113281,3432.64404296875,1299.6104736328125,1685.4462890625,531.0167846679688,9996.27734375,2560.618408203125,1292.4405517578125,290.6134338378906,181.2881317138672,3625.3720703125,1331.9149169921875,217.31613159179688,1277.074462890625,1425.3333740234375,608.0702514648438,28285.486328125,1225.608642578125,1062.4278564453125,326.66021728515625,3466.60986328125,1173.0701904296875,3640.525146484375,2002.4901123046875,10167.8232421875,217.93930053710938
2024-01-01,1598.4000244140625,1033.9642333984375,528.1347045898438,3293.34619140625,1095.072265625,6392.810546875,1673.0994873046875,717.3951416015625,237.986083984375,196.93325805664062,254.55116271972656,5098.60205078125,1220.289306640625,1215.963134765625,323.39337158203125,1205.9725341796875,536.8971557617188,3858.459716796875,1142.9329833984375,3902.1064453125,154.16293334960938,1330.7259521484375,812.9945678710938,642.4296264648438,3716.61962890625,2526.095458984375,975.0625,1578.7376708984375,1429.6361083984375,401.7525329589844,380.3161315917969,3432.108642578125,1289.688720703125,1660.009765625,524.9660034179688,9977.7939453125,2557.907958984375,1330.9554443359375,289.3057861328125,181.55337524414062,3590.29296875,1323.2811279296875,218.278076171875,1279.6929931640625,1424.8358154296875,607.4072875976562,28096.248046875,1226.38720703125,1055.8780517578125,324.84075927734375,3482.785400390625,1195.653076171875,3642.208740234375,1995.8177490234375,10130.01953125,220.6444854736328
2024-01-02,1603.550048828125,1064.109375,524.7740478515625,3288.739990234375,1090.633056640625,6358.41845703125,1682.8802490234375,730.2706909179688,236.27992248535156,200.75962829589844,265.1595764160156,5068.939453125,1215.0609130859375,1245.6575927734375,332.58355712890625,1175.93310546875,536.3192138671875,3970.885986328125,1163.5765380859375,3761.177001953125,149.58383178710938,1317.990478515625,813.4733276367188,639.2605590820312,3689.2314453125,2487.13037109375,958.3301391601562,1555.7801513671875,1414.015869140625,403.7267761230469,371.5311279296875,3347.071533203125,1369.750732421875,1614.106689453125,529.5646362304688,9894.78515625,2498.559814453125,1323.698486328125,285.8033447265625,183.05636596679688,3595.76318359375,1343.0015869140625,217.91162109375,1290.2900390625,1430.357666015625,605.6078491210938,27727.986328125,1261.37109375,1073.13232421875,324.39825439453125,3457.288330078125,1178.0936279296875,3663.1083984375,1946.491943359375,9878.99609375,216.96824645996094
2024-01-03,1697.25,1079.7493896484375,529.9140014648438,3271.527099609375,1095.9700927734375,6665.080078125,1674.34716796875,725.8232421875,247.54061889648438,193.20628356933594,281.2464294433594,5035.34619140625,1235.3768310546875,1263.736572265625,325.7226867675781,1154.4915771484375,530.78125,3971.477294921875,1164.5777587890625,3756.4423828125,149.43612670898438,1289.469970703125,800.9296264648438,631.040771484375,3600.4794921875,2480.2314453125,960.0862426757812,1581.0087890625,1373.099365234375,409.6493835449219,371.700439453125,3349.261962890625,1381.58837890625,1613.180908203125,526.224609375,9778.25390625,2410.09814453125,1295.1099853515625,285.9901428222656,184.1173095703125,3575.402587890625,1359.950439453125,217.1787109375,1276.25927734375,1415.4835205078125,609.3961181640625,27859.478515625,1263.70654296875,1060.6192626953125,321.3003234863281,3373.717041015625,1146.8463134765625,3657.9580078125,1974.9111328125,9788.818359375,210.8180389404297
2024-01-04,1692.5,1108.3155517578125,543.1099243164062,3277.68505859375,1120.7109375,6603.6904296875,1698.59912109375,757.3485107421875,254.2677764892578,193.852294921875,282.4915466308594,5138.37646484375,1291.892578125,1260.334716796875,325.89202880859375,1159.5257568359375,545.3726196289062,3982.857666015625,1146.96728515625,3730.73974609375,152.48886108398438,1273.5057373046875,809.5234985351562,641.6868896484375,3561.765869140625,2466.909912109375,963.1107788085938,1627.8125,1394.0184326171875,408.9197998046875,371.24224853515625,3367.126220703125,1374.31884765625,1599.975341796875,536.0994262695312,9717.755859375,2428.74365234375,1318.5078125,296.1707458496094,189.775634765625,3564.437744140625,1358.380615234375,221.2098388671875,1282.8546142578125,1424.33837890625,608.733154296875,27993.880859375,1277.6708984375,1100.3089599609375,332.2660217285156,3350.916259765625,1149.887939453125,3684.3544921875,1959.787109375,9695.15625,209.19955444335938
2024-01-05,1674.0,1138.9542236328125,536.0918579101562,3254.023193359375,1134.2283935546875,6657.44775390625,1706.1343994140625,757.8988647460938,245.39572143554688,194.5977020263672,290.1614074707031,5053.12548828125,1252.655029296875,1250.8577880859375,325.4685974121094,1183.3431396484375,548.0693969726562,3955.85986328125,1145.6815185546875,3746.248291015625,152.24267578125,1285.0303955078125,805.3822021484375,640.4984130859375,3600.8857421875,2493.0771484375,969.501220703125,1622.52978515625,1412.3111572265625,406.81683349609375,368.054931640625,3428.652587890625,1364.937255859375,1600.2677001953125,528.5965576171875,9719.4052734375,2465.1005859375,1296.5103759765625,294.16265869140625,191.3670654296875,3606.40966796875,1335.59423828125,221.02659606933594,1288.3138427734375,1446.77392578125,607.9755859375,26676.4140625,1265.263427734375,1097.7672119140625,335.1180725097656,3415.890625,1150.6253662109375,3677.272705078125,1956.525146484375,9696.3662109375,211.14173889160156
2024-01-08,1680.050048828125,1153.3607177734375,524.0820922851562,3198.602294921875,1119.3140869140625,6662.5517578125,1693.0101318359375,760.34130859375,227.26161193847656,193.95167541503906,279.45343017578125,4962.07568359375,1226.0654296875,1236.1319580078125,322.20751953125,1180.25634765625,532.8519897460938,3876.44189453125,1131.0946044921875,3753.205322265625,147.9097442626953,1298.5731201171875,796.4052734375,639.6071166992188,3618.2119140625,2453.302978515625,958.086181640625,1606.63232421875,1403.3260498046875,399.5637512207031,363.7720031738281,3408.403564453125,1357.9625244140625,1575.0745849609375,507.0556945800781,9651.193359375,2411.126220703125,1273.6083984375,295.5636291503906,192.69322204589844,3574.81396484375,1331.6942138671875,222.03439331054688,1278.26025390625,1413.842041015625,593.8167114257812,26978.828125,1270.226806640625,1080.1707763671875,333.3478088378906,3361.42578125,1132.789306640625,3670.834228515625,2014.35205078125,9617.419921875,208.25160217285156
2024-01-09,1683.4000244140625,1181.236328125,519.1397705078125,3168.637451171875,1113.8773193359375,6767.5390625,1679.1375732421875,759.3043212890625,229.01651000976562,194.39892578125,280.1009216308594,4909.41015625,1226.3642578125,1253.239013671875,326.4002685546875,1181.6875,527.6510620117188,3926.201171875,1128.8270263671875,3739.870849609375,149.1407012939453,1309.7840576171875,790.2052612304688,634.7050170898438,3711.16015625,2454.730224609375,955.8909912109375,1604.6575927734375,1409.3160400390625,398.748291015625,363.88153076171875,3461.80126953125,1371.66650390625,1588.47509765625,513.7841796875,9726.2939453125,2388.4619140625,1260.6258544921875,298.64581298828125,191.5438690185547,3577.5859375,1336.3299560546875,221.98858642578125,1274.8758544921875,1441.9984130859375,592.3014526367188,26962.29296875,1288.4241943359375,1086.720703125,334.5771789550781,3372.025634765625,1138.9652099609375,3658.898681640625,1995.66943359375,9583.1484375,208.43655395507812
2024-01-10,1723.25,1198.2578125,520.0787963867188,3187.40185546875,1104.3499755859375,6729.23583984375,1668.5584716796875,754.8912963867188,225.262939453125,198.42405700683594,280.3499450683594,4875.14697265625,1211.22705078125,1291.972900390625,323.6051330566406,1198.12451171875,527.1693725585938,3845.40380859375,1136.16943359375,3712.91259765625,149.43612670898438,1338.2147216796875,792.8145751953125,638.7158203125,3734.216552734375,2452.494140625,968.8671264648438,1619.5181884765625,1400.6534423828125,397.6753845214844,362.7161865234375,3451.6279296875,1380.4586181640625,1591.301513671875,514.3650512695312,9712.8076171875,2392.06005859375,1253.575439453125,292.6682434082031,187.5211639404297,3621.398193359375,1329.0697021484375,219.10263061523438,1309.2613525390625,1444.087646484375,588.8446044921875,26497.587890625,1289.2513427734375,1088.968994140625,340.723876953125,3393.181640625,1143.8045654296875,3679.154296875,1997.00390625,9464.171875,209.7544708251953
2024-01-11,1714.1500244140625,1187.0087890625,532.0391845703125,3188.7109375,1123.05517578125,6963.06005859375,1665.9635009765625,753.829833984375,226.9691162109375,196.5357208251953,280.9974060058594,4923.11572265625,1226.2646484375,1288.5225830078125,325.5532531738281,1214.84326171875,531.6480102539062,3847.916748046875,1117.56787109375,3757.60205078125,148.05747985839844,1331.6676025390625,789.4871215820312,637.7750244140625,3918.443359375,2413.29052734375,967.0133666992188,1636.9954833984375,1376.969970703125,397.117431640625,363.1245422363281,3412.05419921875,1375.7431640625,1587.257080078125,513.2033081054688,9713.6806640625,2410.191650390625,1243.4129638671875,292.2478942871094,187.3001251220703,3626.132568359375,1344.399658203125,221.66793823242188,1343.6961669921875,1420.5577392578125,587.3766479492188,26564.517578125,1280.8824462890625,1094.1502685546875,351.39453125,3413.7431640625,1151.6392822265625,3663.455322265625,2063.331787109375,9603.818359375,207.2574005126953
2024-01-12,1710.699951171875,1191.103759765625,526.2567138671875,3178.62548828125,1117.6680908203125,6966.017578125,1648.647705078125,752.9747924804688,224.38546752929688,195.24368286132812,273.1283264160156,4936.91748046875,1241.35205078125,1271.36669921875,322.80047607421875,1283.9002685546875,529.4328002929688,3826.978271484375,1116.861083984375,3740.257568359375,148.79603576660156,1381.89208984375,785.752685546875,631.4368896484375,3955.397216796875,2420.712646484375,979.0625610351562,1652.9423828125,1486.2188720703125,400.5937805175781,365.1963195800781,3474.31103515625,1373.0909423828125,1583.1636962890625,515.9141235351562,9669.58203125,2504.401123046875,1239.7176513671875,292.0144348144531,197.51168823242188,3755.70458984375,1341.7261962890625,219.42332458496094,1354.3919677734375,1428.019775390625,600.0673828125,26529.02734375,1290.32177734375,1133.0086669921875,351.8371276855469,3548.30810546875,1205.7001953125,3690.5947265625,2061.7998046875,9495.392578125,215.2341766357422
2024-01-15,1694.800048828125,1187.15673828125,525.317626953125,3174.84375,1116.8201904296875,6966.017578125,1629.1861572265625,734.9835205078125,225.21420288085938,200.0142364501953,280.0013122558594,4962.07568359375,1272.970947265625,1276.37255859375,325.8073425292969,1288.05810546875,533.71875,3852.252197265625,1135.3941650390625,3702.81494140625,150.61782836914062,1424.4036865234375,800.8818359375,608.5106811523438,3945.696533203125,2448.497802734375,985.2579345703125,1667.6055908203125,1522.4814453125,401.36627197265625,368.8318176269531,3449.242919921875,1388.0718994140625,1593.981689453125,513.0581665039062,9787.2294921875,2454.16552734375,1238.7208251953125,296.3575439453125,206.44125366210938,3761.469482421875,1351.120361328125,220.9349822998047,1377.51318359375,1422.7962646484375,606.223388671875,26469.501953125,1293.63037109375,1124.99267578125,352.96807861328125,3567.49951171875,1232.984130859375,3723.1328125,1998.33837890625,9636.8291015625,228.71376037597656
2024-01-16,1666.800048828125,1177.5361328125,522.599365234375,3197.1474609375,1116.421142578125,6958.3857421875,1620.3038330078125,732.8850708007812,223.99549865722656,201.75347900390625,286.4759216308594,4917.26953125,1294.0833740234375,1265.8748779296875,323.47808837890625,1284.7376708984375,538.1973266601562,3758.546875,1130.46630859375,3664.357666015625,147.41737365722656,1395.0313720703125,803.9219360351562,605.3416137695312,3956.7509765625,2444.596435546875,984.4774780273438,1646.079833984375,1503.5439453125,405.40057373046875,368.1346435546875,3478.88671875,1363.1690673828125,1579.1678466796875,514.6071166992188,9881.0068359375,2433.276611328125,1236.04638671875,290.9403381347656,207.85585021972656,3738.21435546875,1371.3804931640625,219.0110321044922,1358.2454833984375,1401.6541748046875,603.1928100585938,26734.458984375,1278.1575927734375,1118.0517578125,347.6081848144531,3528.66015625,1217.083740234375,3783.998779296875,2010.249755859375,9651.3994140625,224.27450561523438
2024-01-17,1615.0,1151.38720703125,514.5433349609375,3144.19970703125,1079.709228515625,6836.27490234375,1583.027099609375,723.272705078125,222.58181762695312,205.8283233642578,278.6067810058594,4851.234375,1282.7801513671875,1257.7587890625,321.572265625,1290.5699462890625,529.192138671875,3674.104248046875,1109.22412109375,3624.547607421875,143.67532348632812,1413.3720703125,736.1045532226562,600.736572265625,3944.2978515625,2438.696533203125,957.84228515625,1623.2210693359375,1511.51513671875,400.50787353515625,354.5188293457031,3476.404052734375,1375.104736328125,1557.0936279296875,510.87982177734375,9753.07421875,2455.240478515625,1236.5567626953125,288.8855285644531,205.1593017578125,3783.841796875,1352.83740234375,219.14845275878906,1345.35107421875,1413.94140625,592.8696899414062,25801.490234375,1264.095947265625,1113.066162109375,343.03497314453125,3549.953125,1222.9368896484375,3793.656005859375,1993.5936279296875,9540.1181640625,223.0721893310547
2024-01-18,1588.25,1138.7568359375,518.1019287109375,3068.12353515625,1094.872802734375,6757.712890625,1578.0369873046875,714.1025390625,221.8993682861328,210.84730529785156,279.20440673828125,4806.61962890625,1286.3155517578125,1285.8980712890625,318.1841735839844,1263.2374267578125,519.560791015625,3645.923828125,1109.22412109375,3566.619873046875,144.61083984375,1405.8834228515625,711.5198974609375,601.9249877929688,3965.18896484375,2424.51904296875,962.3302001953125,1592.6109619140625,1513.726806640625,399.5637512207031,354.0407409667969,3500.791015625,1400.4986572265625,1576.146728515625,507.7818298339844,9629.65234375,2349.721923828125,1216.5723876953125,279.5455322265625,206.48544311523438,3808.740478515625,1323.72265625,213.88046264648438,1351.6500244140625,1397.7738037109375,595.0479125976562,26137.271484375,1299.8583984375,1121.0823974609375,339.8387145996094,3566.402587890625,1249.11474609375,3699.2119140625,1988.3546142578125,9576.5185546875,223.18780517578125
2024-01-19,1570.75,1137.177978515625,530.9024047851562,3070.06298828125,1113.8773193359375,6808.2265625,1597.348876953125,719.3658447265625,220.53440856933594,220.88526916503906,275.0208435058594,4924.984375,1260.323486328125,1290.7579345703125,324.6215515136719,1249.3619384765625,522.3056640625,3639.61767578125,1112.806884765625,3574.64013671875,144.31541442871094,1417.0902099609375,704.0989990234375,609.9467163085938,3970.37744140625,2441.07568359375,974.8673095703125,1541.4625244140625,1529.0244140625,404.7138366699219,351.4609680175781,3549.467041015625,1405.0174560546875,1613.4732666015625,513.3485107421875,9739.4912109375,2382.38671875,1222.480224609375,288.0916442871094,214.00045776367188,3859.077880859375,1318.4736328125,215.6669921875,1351.156005859375,1433.292724609375,594.527099609375,26307.408203125,1299.7125244140625,1135.6480712890625,342.8874816894531,3628.47119140625,1281.145751953125,3774.390869140625,2013.5611572265625,9771.5380859375,224.297607421875
2024-01-23,1680.9000244140625,1122.031494140625,518.991455078125,2962.27587890625,1086.642578125,6769.44677734375,1579.3843994140625,694.9515991210938,218.09703063964844,201.70379638671875,261.4739990234375,4838.19970703125,1215.21044921875,1369.5380859375,317.8876953125,1207.7347412109375,505.450927734375,3562.318115234375,1114.024169921875,3494.681640625,138.11148071289062,1377.052490234375,683.368408203125,580.4843139648438,4010.48974609375,2260.426025390625,1003.990478515625,1423.564453125,1513.312255859375,394.241943359375,355.4849548339844,3456.982177734375,1413.8587646484375,1554.6571044921875,504.3450012207031,9567.5068359375,2367.572998046875,1197.5604248046875,282.62774658203125,203.2584228515625,4049.7568359375,1237.4825439453125,218.0032501220703,1312.7442626953125,1368.52294921875,573.0757446289062,27140.822265625,1341.2650146484375,1119.9581298828125,340.4779968261719,3550.43701171875,1259.7149658203125,3704.114990234375,1964.482421875,9517.2236328125,217.29193115234375
2024-01-24,1641.3499755859375,1105.7501220703125,521.36376953125,2908.697509765625,1056.6146240234375,6881.01708984375,1617.6588134765625,693.43798828125,218.7794952392578,208.61109924316406,263.4661865234375,4928.43505859375,1240.6549072265625,1377.654296875,324.07098388671875,1240.374267578125,516.8158569335938,3590.104736328125,1158.7274169921875,3512.364501953125,140.03175354003906,1424.727294921875,697.0372314453125,576.0277099609375,4000.968994140625,2323.32275390625,974.8673095703125,1472.09619140625,1543.95361328125,397.932861328125,356.3017272949219,3494.170654296875,1423.6331787109375,1586.720947265625,512.7677001953125,9691.4609375,2397.9951171875,1222.3829345703125,288.4652404785156,207.19276428222656,4158.37939453125,1271.5518798828125,225.56166076660156,1327.8619384765625,1403.395263671875,585.5771484375,27280.408203125,1344.9630126953125,1133.0086669921875,351.0503234863281,3535.299560546875,1297.783447265625,3732.047119140625,1977.9259033203125,9671.6328125,221.53211975097656
2024-01-25,1664.800048828125,1131.109619140625,553.6865234375,2859.9677734375,1039.7550048828125,7247.97021484375,1626.9405517578125,696.40625,215.41592407226562,218.54969787597656,257.6888732910156,4928.09912109375,1239.559326171875,1331.2901611328125,329.8306884765625,1208.406982421875,512.0001220703125,3526.402587890625,1149.57861328125,3494.440185546875,139.63784790039062,1401.09326171875,686.9830932617188,573.4033813476562,4008.639404296875,2310.619873046875,985.3555908203125,1492.980224609375,1538.1478271484375,391.10894775390625,352.2777099609375,3498.30810546875,1428.397705078125,1593.932861328125,508.3626403808594,9587.4453125,2357.47900390625,1206.9205322265625,293.9757995605469,206.92752075195312,4110.76513671875,1270.61962890625,224.92034912109375,1336.9522705078125,1373.8956298828125,580.3209228515625,27590.03515625,1331.533935546875,1111.2576904296875,359.06561279296875,3506.312255859375,1218.6048583984375,3734.374755859375,1918.7645263671875,9651.15625,217.8016815185547
2024-01-29,1715.5,1180.7923583984375,567.4755249023438,2886.005615234375,1058.7095947265625,7201.5107421875,1633.7271728515625,706.8392944335938,217.70706176757812,219.9411163330078,259.0834045410156,4923.30712890625,1225.7169189453125,1299.40869140625,349.6510925292969,1218.0858154296875,514.5524291992188,3518.224853515625,1147.261962890625,3545.265625,143.232177734375,1423.0552978515625,696.438720703125,572.9577026367188,4145.21923828125,2325.939453125,991.6484375,1507.5941162109375,1526.62841796875,386.08758544921875,363.134521484375,3609.825439453125,1457.1317138671875,1598.318603515625,500.1335754394531,9694.56640625,2413.83642578125,1214.89501953125,303.1289978027344,223.23948669433594,4237.76123046875,1260.3916015625,232.6619873046875,1430.7957763671875,1411.2054443359375,589.9810791015625,28046.841796875,1363.2091064453125,1115.46142578125,375.5879211425781,3497.754150390625,1211.5072021484375,3829.907958984375,1942.093017578125,9946.1318359375,219.19190979003906
2024-01-30,1679.449951171875,1171.6156005859375,564.2630004882812,2864.719482421875,1051.57666015625,7218.30126953125,1587.4185791015625,670.0360107421875,217.85330200195312,226.55027770996094,258.9837646484375,4880.03466796875,1209.0360107421875,1280.2117919921875,340.9690246582031,1216.148193359375,516.1898193359375,3499.601806640625,1146.721923828125,3579.761474609375,142.88751220703125,1409.2725830078125,691.4835205078125,569.4420166015625,4140.57177734375,2339.498779296875,992.1362915039062,1500.7808837890625,1521.882568359375,376.0019226074219,363.27398681640625,3537.103271484375,1442.2489013671875,1579.1678466796875,506.474853515625,9655.9970703125,2433.276611328125,1211.7342529296875,294.6296081542969,220.32186889648438,4123.6376953125,1259.606689453125,232.7994384765625,1390.852294921875,1391.9036865234375,593.5799560546875,27717.32421875,1334.89111328125,1097.71826171875,376.9156494140625,3497.34033203125,1214.7332763671875,3700.252197265625,1935.07470703125,9645.5908203125,218.960205078125
2024-01-31,1669.449951171875,1191.6466064453125,553.834716796875,2868.356201171875,1065.194091796875,7314.7978515625,1624.09619140625,674.5276489257812,223.2642822265625,226.8484344482422,267.3509521484375,4982.25,1179.259521484375,1313.1624755859375,344.01837158203125,1217.1802978515625,519.7052001953125,3616.758056640625,1201.732177734375,3710.06201171875,145.05398559570312,1424.365478515625,700.2210083007812,571.0265502929688,4170.53173828125,2361.28955078125,1003.1123046875,1514.7528076171875,1530.5911865234375,379.0061340332031,363.6026306152344,3387.618896484375,1478.79248046875,1609.5750732421875,511.0249938964844,9884.2578125,2428.603759765625,1218.5174560546875,296.5442810058594,223.0184326171875,4113.44482421875,1242.6087646484375,237.56350708007812,1409.6258544921875,1394.04296875,606.602294921875,28189.685546875,1380.336181640625,1092.9281005859375,383.3081970214844,3511.511474609375,1229.2972412109375,3662.4150390625,1978.3214111328125,9842.8369140625,221.57846069335938
2024-02-01,1665.949951171875,1202.6981201171875,558.5299072265625,2840.718505859375,1081.6546630859375,7303.54052734375,1619.05615234375,662.772705078125,219.99819946289062,226.10304260253906,268.8948974609375,4934.5205078125,1140.321044921875,1348.7860107421875,344.48431396484375,1201.5323486328125,533.9595947265625,3601.780517578125,1176.6026611328125,3800.504150390625,144.61083984375,1425.6309814453125,702.0402221679688,581.425048828125,4139.0830078125,2353.724365234375,1000.1854248046875,1521.7635498046875,1527.0433349609375,380.1649475097656,363.1046142578125,3308.033203125,1486.9952392578125,1609.18505859375,518.915283203125,10321.908203125,2430.145751953125,1199.9429931640625,300.7472839355469,218.9514923095703,4085.1787109375,1231.5220947265625,243.51866149902344,1409.650634765625,1425.4825439453125,613.3739013671875,29233.4140625,1370.118408203125,1104.3170166015625,382.423095703125,3546.663818359375,1209.802001953125,3592.981201171875,1972.291748046875,9605.609375,218.4272918701172
2024-02-02,1674.25,1244.7335205078125,550.96826171875,2847.458251953125,1064.4957275390625,7382.19775390625,1648.24853515625,673.0927734375,223.1667938232422,232.36436462402344,273.6263427734375,4934.7607421875,1156.0556640625,1353.64599609375,355.5802001953125,1251.3094482421875,524.5690307617188,3645.135009765625,1185.7022705078125,3696.48583984375,143.62608337402344,1431.369873046875,692.3692016601562,573.205322265625,4256.9375,2333.742431640625,999.0633544921875,1514.45654296875,1560.4952392578125,377.76153564453125,363.14447021484375,3286.66455078125,1476.2384033203125,1618.5411376953125,512.6224365234375,10338.888671875,2392.807373046875,1206.5557861328125,310.5543212890625,227.4390106201172,4187.0390625,1233.926025390625,253.8713836669922,1440.3306884765625,1428.1689453125,615.2680053710938,28088.697265625,1378.5845947265625,1136.6746826171875,383.35736083984375,3649.86669921875,1233.39892578125,3578.07421875,2021.7657470703125,9776.2333984375,223.8955078125
2024-02-05,1668.6500244140625,1241.8720703125,548.595947265625,2829.081787109375,1058.958984375,7305.92529296875,1611.720703125,649.4942016601562,217.0733184814453,233.85516357421875,283.5374450683594,4911.4228515625,1131.65673828125,1393.74072265625,372.90185546875,1243.48681640625,513.9746704101562,3645.234130859375,1196.4903564453125,3758.712890625,145.00474548339844,1405.7025146484375,691.7467041015625,557.9046020507812,4283.4228515625,2302.24658203125,998.5755615234375,1518.4556884765625,1554.82763671875,376.0019226074219,360.236083984375,3253.2724609375,1545.396484375,1660.25341796875,506.523193359375,10118.728515625,2337.151123046875,1197.4632568359375,313.91668701171875,232.47848510742188,4212.154296875,1252.984130859375,259.18524169921875,1421.878173828125,1412.6480712890625,608.922607421875,26608.791015625,1424.4678955078125,1124.9437255859375,387.4879455566406,3656.30810546875,1228.4674072265625,3518.2978515625,2000.859130859375,9599.84765625,223.5247802734375
2024-02-06,1721.6500244140625,1256.229248046875,560.06201171875,2842.27001953125,1047.5364990234375,7365.21630859375,1593.90576171875,648.5065307617188,212.92977905273438,230.37664794921875,297.38311767578125,4798.8564453125,1152.271484375,1385.5272216796875,380.016845703125,1281.477294921875,513.0596923828125,3671.837646484375,1210.6551513671875,3811.51953125,144.6600799560547,1467.5216064453125,691.3877563476562,587.0204467773438,4316.63232421875,2308.764404296875,1001.4049682617188,1492.3878173828125,1593.7628173828125,370.29388427734375,355.98297119140625,3333.58837890625,1552.2730712890625,1683.7408447265625,504.19970703125,10522.6611328125,2410.05126953125,1194.521484375,315.1899108886719,240.7449493408203,4255.6865234375,1282.540283203125,251.26028442382812,1410.7869873046875,1456.5740966796875,615.8363037109375,27215.50390625,1435.4639892578125,1137.456787109375,386.455322265625,3806.02734375,1245.335693359375,3525.330078125,2023.9404296875,9728.0234375,231.54173278808594
2024-02-07,1866.0,1239.010498046875,561.6436767578125,2890.951416015625,1066.5408935546875,7347.56787109375,1593.057373046875,659.4210815429688,210.83363342285156,230.128173828125,289.11553955078125,4867.09619140625,1156.3092041015625,1398.454833984375,383.4049377441406,1285.9107666015625,517.5863647460938,3677.06005859375,1213.2366943359375,3795.14111328125,146.9250030517578,1459.9296875,684.6130981445312,599.3005981445312,4325.5654296875,2307.90771484375,997.2584228515625,1496.2879638671875,1560.86376953125,370.6372375488281,357.0985412597656,3304.820556640625,1566.1734619140625,1677.2598876953125,508.169189453125,10610.8125,2421.54736328125,1215.4056396484375,311.8890075683594,240.39132690429688,4260.0693359375,1322.4716796875,245.48843383789062,1424.9659423828125,1461.996337890625,639.5131225585938,27755.380859375,1455.9970703125,1140.047119140625,388.61895751953125,3757.6240234375,1214.87158203125,3542.51513671875,2040.200927734375,9900.1005859375,229.4795684814453
2024-02-08,1827.949951171875,1228.698974609375,556.8495483398438,2840.9609375,1033.4202880859375,7400.37109375,1567.4580078125,646.2950439453125,208.78622436523438,229.38278198242188,283.5872497558594,4672.82421875,1130.038330078125,1380.42431640625,388.9529724121094,1290.7647705078125,514.2636108398438,3630.35546875,1209.369140625,3678.851806640625,144.4138946533203,1476.6044921875,671.7343139648438,585.9805908203125,4338.6962890625,2299.9150390625,965.2083740234375,1458.716796875,1559.3431396484375,361.260986328125,344.56842041015625,3247.187744140625,1578.0599365234375,1643.0518798828125,505.748779296875,10424.7099609375,2427.6689453125,1178.1837158203125,312.0776062011719,241.4964599609375,4249.70263671875,1286.4892578125,253.0468292236328,1432.845947265625,1451.6492919921875,662.5271606445312,27066.9921875,1459.3057861328125,1112.3819580078125,400.66644287109375,3804.27978515625,1206.8062744140625,3515.375732421875,2010.3486328125,9678.5546875,226.53692626953125
2024-02-09,1880.699951171875,1254.6505126953125,569.55126953125,2862.343505859375,1048.8831787109375,7426.701171875,1567.8570556640625,654.044921875,210.78488159179688,226.15274047851562,272.3314208984375,4764.78515625,1118.9219970703125,1399.4267578125,386.411865234375,1269.7479248046875,519.3200073242188,3598.726318359375,1208.544677734375,3711.3662109375,145.05398559570312,1473.7122802734375,671.99755859375,578.3550415039062,4429.79443359375,2306.6708984375,986.0873413085938,1467.55419921875,1538.378173828125,362.0888671875,347.1082763671875,3236.528076171875,1593.4827880859375,1604.555908203125,504.05450439453125,10413.9873046875,2420.00537109375,1191.3367919921875,306.41888427734375,236.54541015625,4254.08544921875,1303.8795166015625,250.11508178710938,1443.34423828125,1432.3973388671875,686.8670043945312,27324.01171875,1502.0740966796875,1103.9259033203125,385.619384765625,3803.911376953125,1208.465576171875,3557.471923828125,2014.154296875,9628.310546875,227.27838134765625
2024-02-12,1842.5999755859375,1232.7939453125,556.997802734375,2864.4287109375,1044.1943359375,7469.7265625,1554.1842041015625,645.6561889648438,195.67311096191406,215.36936950683594,265.6575927734375,4763.5390625,1098.2344970703125,1394.56689453125,366.59149169921875,1302.0640869140625,516.7676391601562,3685.28759765625,1243.4217529296875,3741.223876953125,144.4138946533203,1506.5650634765625,665.4863891601562,571.6207275390625,4230.04541015625,2270.03662109375,971.8427734375,1428.946044921875,1548.2847900390625,354.5508117675781,340.5544128417969,3212.189697265625,1566.320556640625,1618.2486572265625,508.4595642089844,10391.5263671875,2430.940185546875,1195.6884765625,298.16656494140625,228.01368713378906,4286.58740234375,1309.93798828125,247.6414337158203,1435.04443359375,1428.7161865234375,670.4351806640625,26963.453125,1501.7313232421875,1097.033935546875,355.7218017578125,3791.94873046875,1215.6092529296875,3551.18212890625,2012.325439453125,9645.83203125,232.37586975097656
2024-02-13,1815.550048828125,1248.039306640625,561.6930541992188,2881.690185546875,1068.1868896484375,7553.1533203125,1564.9129638671875,649.0469970703125,194.06443786621094,212.03993225097656,266.1556701660156,4774.46484375,1138.2637939453125,1416.9227294921875,383.1508483886719,1301.224365234375,518.8865356445312,3646.169921875,1243.784912109375,3724.169189453125,145.44786071777344,1505.344970703125,667.6168823242188,583.8513793945312,4281.75341796875,2277.98193359375,994.9656372070312,1445.4853515625,1552.3857421875,354.4636535644531,346.052490234375,3233.55859375,1580.368408203125,1604.89697265625,508.4111022949219,10473.8056640625,2456.68896484375,1194.862060546875,303.2594299316406,229.42828369140625,4283.01708984375,1310.4285888671875,247.59561157226562,1447.642333984375,1460.15576171875,675.6915283203125,26947.779296875,1509.3160400390625,1112.2843017578125,359.01641845703125,3818.451416015625,1224.50390625,3526.12255859375,2020.727783203125,9537.9404296875,237.07945251464844
2024-02-14,1852.25,1251.048828125,564.3123779296875,2886.344970703125,1094.224365234375,7711.42041015625,1576.58984375,653.2586669921875,193.28448486328125,223.07176208496094,270.6380615234375,4802.306640625,1121.8133544921875,1385.43017578125,395.0091247558594,1264.16162109375,524.2319946289062,3665.08837890625,1228.66796875,3769.921630859375,147.17120361328125,1510.6771240234375,662.6378173828125,579.6919555664062,4344.24560546875,2272.22509765625,997.7950439453125,1462.8638916015625,1535.4752197265625,358.6466369628906,348.4031677246094,3221.3896484375,1583.3155517578125,1614.935302734375,510.20208740234375,10700.3212890625,2392.480712890625,1209.2789306640625,309.34259033203125,237.6947784423828,4243.3994140625,1306.454833984375,250.71055603027344,1463.7235107421875,1446.326171875,704.056396484375,26600.466796875,1487.9810791015625,1110.1334228515625,367.52349853515625,3772.991455078125,1191.735595703125,3551.479248046875,2063.9248046875,9475.40234375,238.42333984375
2024-02-15,1900.75,1250.2593994140625,565.6468505859375,2925.2802734375,1069.6334228515625,7749.34228515625,1566.3101806640625,650.5950927734375,192.40701293945312,226.15274047851562,273.2278747558594,4744.70556640625,1121.115478515625,1382.5140380859375,403.9029541015625,1297.88427734375,524.1356201171875,3654.44677734375,1227.548828125,3784.415771484375,154.21217346191406,1502.5882568359375,677.0007934570312,579.4443359375,4346.86279296875,2236.92333984375,991.8923950195312,1458.37109375,1544.828857421875,351.98004150390625,346.4708251953125,3212.919921875,1576.78271484375,1720.1904296875,505.3614807128906,10760.7705078125,2531.505126953125,1196.3814697265625,319.9526062011719,245.16554260253906,4296.6826171875,1301.72119140625,262.354248046875,1453.0770263671875,1445.97802734375,721.3878784179688,26041.185546875,1477.704833984375,1106.027587890625,372.5883483886719,3775.8447265625,1198.6025390625,3587.63232421875,2068.9169921875,9501.0556640625,240.2769775390625
2024-02-16,1904.75,1289.531982421875,578.3485717773438,2916.8916015625,1066.191650390625,7942.048828125,1572.79736328125,650.5753784179688,195.77061462402344,224.4631805419922,285.7288818359375,4709.38818359375,1140.556884765625,1400.35009765625,406.57110595703125,1301.9078369140625,524.4244995117188,3674.498046875,1240.2117919921875,3796.107421875,162.1886444091797,1507.016845703125,679.8015747070312,586.7233276367188,4416.6640625,2260.140625,998.3316650390625,1474.861083984375,1568.1439208984375,352.5900573730469,345.67401123046875,3297.0810546875,1592.058349609375,1788.898681640625,507.1040954589844,11042.30078125,2618.75146484375,1213.0091552734375,318.53790283203125,246.4214324951172,4367.74169921875,1329.952880859375,255.74061584472656,1443.17138671875,1500.798583984375,714.7584228515625,26006.669921875,1477.7537841796875,1121.7176513671875,370.0804748535156,3798.942138671875,1200.630615234375,3620.66552734375,2114.140380859375,9599.7041015625,251.6304473876953
2024-02-19,1955.050048828125,1289.679931640625,578.1014404296875,2907.38818359375,1060.405517578125,8118.20361328125,1616.9603271484375,659.7750244140625,198.646728515625,224.31410217285156,289.9123840332031,4720.4580078125,1129.9388427734375,1429.169677734375,390.4776306152344,1319.38916015625,527.45849609375,3668.832763671875,1259.84423828125,3771.177978515625,160.46534729003906,1514.0662841796875,678.4609985351562,579.54345703125,4379.03369140625,2271.4638671875,1018.33251953125,1464.9373779296875,1566.39306640625,356.64227294921875,344.9071044921875,3251.423095703125,1560.0826416015625,1801.5682373046875,509.7180480957031,11142.19140625,2597.62939453125,1225.4920654296875,319.4810791015625,246.37660217285156,4302.123046875,1329.9771728515625,257.4173278808594,1456.4364013671875,1481.2979736328125,719.0675659179688,26518.240234375,1497.4742431640625,1129.098388671875,374.2110900878906,3776.396728515625,1207.49755859375,3659.938720703125,2096.001220703125,9586.150390625,248.36343383789062
2024-02-20,1926.6500244140625,1283.2662353515625,582.005859375,2920.5283203125,1085.994140625,7913.57275390625,1599.6943359375,664.7678833007812,197.62301635742188,229.48214721679688,280.1009216308594,4716.5283203125,1096.5894775390625,1410.9935302734375,382.5523681640625,1299.5736083984375,527.3621215820312,3658.289794921875,1251.7655029296875,3698.94970703125,152.0457000732422,1503.0401611328125,696.2711181640625,582.2669067382812,4208.2529296875,2287.5927734375,1023.210693359375,1485.2783203125,1553.0306396484375,353.8972473144531,351.1024169921875,3267.875244140625,1559.05126953125,1806.53857421875,519.10888671875,11106.3876953125,2584.077392578125,1238.2430419921875,326.0357360839844,248.12586975097656,4284.69091796875,1346.876953125,268.176025390625,1453.4969482421875,1505.872802734375,719.87255859375,26231.0546875,1505.890869140625,1128.5118408203125,372.68670654296875,3709.082275390625,1217.22216796875,3651.66796875,2093.826904296875,9660.451171875,246.5098114013672
2024-02-21,1904.949951171875,1273.8919677734375,581.0174560546875,2910.976806640625,1081.6046142578125,7853.5185546875,1583.8255615234375,657.4161376953125,195.52688598632812,220.53741455078125,272.9290466308594,4718.30126953125,1082.28271484375,1406.765380859375,370.9430236816406,1278.586181640625,526.1581420898438,3595.572998046875,1246.494140625,3706.921630859375,151.40562438964844,1478.86376953125,689.017822265625,571.868408203125,4181.97021484375,2290.447265625,1026.3326416015625,1498.164306640625,1525.6607666015625,351.500732421875,347.8354187011719,3209.122802734375,1571.1341552734375,1812.3861083984375,521.5292358398438,11125.2119140625,2480.802001953125,1240.291015625,316.9817810058594,244.85162353515625,4195.55859375,1338.8072509765625,260.91046142578125,1450.2115478515625,1494.0828857421875,730.6692504882812,26053.150390625,1510.49072265625,1134.719482421875,369.24456787109375,3673.05615234375,1195.1461181640625,3621.606689453125,2069.4111328125,9650.2373046875,241.620849609375
2024-02-22,1922.6500244140625,1293.57763671875,585.9103393554688,2926.10400390625,1098.2646484375,8107.4716796875,1589.41455078125,656.0548706054688,198.54920959472656,227.09689331054688,269.7415771484375,4750.83984375,1079.1920166015625,1412.597412109375,381.39569091796875,1292.591064453125,521.6315307617188,3591.927490234375,1249.3997802734375,3818.08984375,151.2579345703125,1524.1434326171875,679.634033203125,569.095458984375,4145.35888671875,2272.3681640625,1036.8209228515625,1470.417724609375,1549.436767578125,361.173828125,343.5823669433594,3274.690185546875,1565.633056640625,1861.7974853515625,521.819580078125,11311.4580078125,2522.018798828125,1249.8238525390625,320.2355651855469,246.4214324951172,4215.38037109375,1333.4847412109375,263.2391357421875,1464.0941162109375,1501.992431640625,725.3656005859375,26308.63671875,1524.828369140625,1133.4974365234375,371.6540222167969,3761.029052734375,1224.181396484375,3617.347412109375,2104.156494140625,9643.267578125,246.0927276611328
2024-02-23,1923.300048828125,1303.1983642578125,595.9926147460938,2895.60595703125,1094.174560546875,8048.80078125,1613.3673095703125,658.3056030273438,203.03399658203125,228.19015502929688,271.9827880859375,4731.0966796875,1102.0731201171875,1425.330322265625,380.32470703125,1290.305419921875,515.5637817382812,3594.587890625,1264.75244140625,3794.5615234375,150.1254425048828,1505.48046875,680.1365966796875,575.0869140625,4167.583984375,2278.0771484375,1035.455078125,1461.6790771484375,1545.2896728515625,358.51593017578125,343.4329528808594,3298.249267578125,1586.458984375,1880.8990478515625,513.2517700195312,11192.8896484375,2549.262939453125,1257.552490234375,318.53790283203125,244.17877197265625,4260.75830078125,1344.203369140625,262.63372802734375,1475.82763671875,1521.3935546875,718.8781127929688,26196.19921875,1527.960205078125,1134.2796630859375,372.1457824707031,3728.8212890625,1218.7890625,3656.8681640625,2091.602783203125,9681.701171875,248.45616149902344
2024-02-26,1970.449951171875,1320.417236328125,601.5773315429688,2781.6611328125,1082.602294921875,8059.34326171875,1611.121826171875,652.9391479492188,197.52552795410156,226.64967346191406,271.8831787109375,4698.07861328125,1107.506591796875,1428.683837890625,378.95391845703125,1287.844482421875,509.73681640625,3524.875732421875,1264.4775390625,3819.58740234375,149.18992614746094,1491.065185546875,680.9505615234375,570.7789306640625,4146.2353515625,2287.7353515625,1028.5279541015625,1448.052490234375,1529.89990234375,356.5987243652344,339.906982421875,3378.272705078125,1576.389892578125,1880.7530517578125,508.8951416015625,11126.3271484375,2501.924072265625,1259.941650390625,318.3964538574219,242.0707244873047,4149.02294921875,1333.043212890625,268.0828857421875,1469.6026611328125,1541.292236328125,718.7361450195312,25810.564453125,1523.7515869140625,1150.702880859375,372.1457824707031,3681.843994140625,1196.6669921875,3588.078125,2137.221923828125,9613.111328125,246.9500732421875
2024-02-27,1979.5,1311.8323974609375,596.3880004882812,2773.030517578125,1076.467041015625,8074.12939453125,1597.44873046875,644.3882446289062,196.11184692382812,221.23313903808594,274.6224365234375,4700.42724609375,1095.3433837890625,1445.790771484375,378.18280029296875,1281.62353515625,515.8527221679688,3487.87646484375,1266.2149658203125,3867.70751953125,151.84877014160156,1499.1993408203125,679.9212646484375,575.9782104492188,4085.3251953125,2288.734619140625,1034.3818359375,1474.2686767578125,1533.0792236328125,358.29803466796875,339.99664306640625,3413.61181640625,1593.97412109375,1901.0244140625,506.5716552734375,11158.9775390625,2513.093017578125,1267.1583251953125,316.9817810058594,241.6221923828125,4195.01708984375,1340.180908203125,272.46087646484375,1467.9476318359375,1534.8748779296875,710.1650390625,25901.150390625,1549.00146484375,1157.0570068359375,369.3428955078125,3776.94873046875,1194.6392822265625,3619.13037109375,2108.60498046875,9633.490234375,246.27810668945312
2024-02-28,1918.1500244140625,1282.2794189453125,582.4507446289062,2709.802978515625,1071.6285400390625,7811.92431640625,1581.3804931640625,638.73193359375,191.72454833984375,223.3202362060547,269.9905700683594,4684.564453125,1066.48046875,1435.633544921875,372.01397705078125,1262.69677734375,516.478759765625,3466.7412109375,1261.9842529296875,3733.397216796875,148.00823974609375,1492.963134765625,674.7744750976562,574.9879150390625,4034.605224609375,2304.197021484375,1020.72265625,1430.9700927734375,1540.1290283203125,355.81439208984375,335.3849792480469,3378.321533203125,1587.834228515625,1853.318603515625,506.66845703125,10821.4619140625,2480.38134765625,1253.6029052734375,314.3410339355469,238.39279174804688,4140.626953125,1325.4150390625,260.3981018066406,1438.2803955078125,1532.3875732421875,703.2040405273438,25322.732421875,1540.291259765625,1141.7579345703125,359.70489501953125,3790.33837890625,1185.2374267578125,3560.542236328125,2070.44921875,9492.0048828125,239.90625
2024-02-29,1895.050048828125,1303.0010986328125,598.90869140625,2736.519287109375,1072.5264892578125,7545.47412109375,1590.6622314453125,638.4027099609375,190.7008514404297,226.15274047851562,275.4192810058594,4758.74658203125,1085.9217529296875,1438.8896484375,374.1559143066406,1280.15869140625,518.3087768554688,3437.62451171875,1261.2381591796875,3664.4541015625,148.10670471191406,1503.7633056640625,671.90185546875,576.3743896484375,4082.051513671875,2295.39501953125,1026.5765380859375,1456.346923828125,1542.5711669921875,354.07147216796875,336.55035400390625,3385.47705078125,1592.451416015625,1883.2869873046875,505.94232177734375,10952.984375,2446.221435546875,1265.939453125,316.5102233886719,237.36117553710938,4249.94970703125,1342.1676025390625,263.4720153808594,1443.393798828125,1544.6749267578125,708.5076293945312,25221.861328125,1544.303955078125,1163.3624267578125,365.6056823730469,3768.390625,1174.1761474609375,3589.960205078125,2114.5849609375,9576.6640625,240.3232879638672
2024-03-01,1969.550048828125,1304.5799560546875,610.4735717773438,2746.0712890625,1096.61865234375,7670.16064453125,1610.2236328125,645.8822631835938,194.84442138671875,233.85516357421875,272.8294372558594,4722.80615234375,1092.5516357421875,1429.704345703125,382.423828125,1270.51953125,521.14990234375,3431.318603515625,1215.946044921875,3713.878662109375,150.27317810058594,1485.9134521484375,684.9961547851562,584.2474975585938,4156.37939453125,2292.921142578125,1060.431640625,1507.4459228515625,1524.8775634765625,356.8601379394531,344.1700439453125,3537.2978515625,1595.8897705078125,1922.8062744140625,507.5397644042969,11275.705078125,2446.127685546875,1268.4993896484375,323.96087646484375,242.6986541748047,4234.51123046875,1352.7147216796875,267.9897766113281,1474.345458984375,1534.3277587890625,728.443603515625,25353.783203125,1526.0025634765625,1174.06689453125,371.1623229980469,3767.70068359375,1172.2867431640625,3730.115478515625,2216.79541015625,9812.0048828125,240.5550079345703
2024-03-04,1940.699951171875,1324.8082275390625,610.02880859375,2746.0712890625,1104.1007080078125,7829.7158203125,1616.1119384765625,648.9290771484375,194.01568603515625,262.925537109375,277.8099060058594,4637.6982421875,1072.3128662109375,1430.2874755859375,390.1777038574219,1258.409423828125,517.4900512695312,3431.219970703125,1243.73583984375,3624.885986328125,151.2579345703125,1480.35498046875,685.9296875,604.4007568359375,4252.84033203125,2304.625244140625,1065.7489013671875,1512.0374755859375,1508.75048828125,356.5115661621094,344.0704040527344,3547.9580078125,1640.3905029296875,1872.2254638671875,507.34613037109375,11249.7001953125,2430.56640625,1262.4774169921875,333.7221374511719,250.458251953125,4171.552734375,1325.5133056640625,274.4635925292969,1489.4384765625,1510.25048828125,731.1901245117188,25445.259765625,1519.0048828125,1176.266357421875,385.275146484375,3755.13916015625,1179.8912353515625,3696.933837890625,2206.66357421875,9659.91796875,241.2037811279297
2024-03-05,1947.4000244140625,1320.5653076171875,606.0255126953125,2735.06494140625,1098.1650390625,7967.52099609375,1547.447509765625,621.5858764648438,192.9919891357422,264.1678771972656,278.8558349609375,4624.99951171875,1043.7490234375,1432.1829833984375,394.67578125,1233.75,515.0340576171875,3433.33837890625,1237.49267578125,3663.97119140625,152.83351135253906,1463.544677734375,689.831787109375,601.825927734375,4232.82861328125,2283.548828125,1061.5537109375,1523.047119140625,1480.4591064453125,353.9407653808594,341.779541015625,3516.951416015625,1649.1334228515625,1889.962890625,501.97308349609375,11323.87890625,2377.853759765625,1237.877197265625,337.8718566894531,254.5398406982422,4061.836669921875,1324.3603515625,274.7896728515625,1482.3243408203125,1483.685791015625,742.4603881835938,24732.689453125,1540.6337890625,1173.67578125,389.6023864746094,3692.0126953125,1172.931884765625,3715.109619140625,2254.654541015625,9524.3369140625,237.86724853515625
2024-03-06,1910.5,1307.244140625,591.396240234375,2741.756591796875,1122.306884765625,8209.8818359375,1551.5391845703125,620.3081665039062,190.0183868408203,253.6329345703125,273.4271240234375,4677.80810546875,1016.53125,1443.6524658203125,395.48974609375,1235.087890625,511.90386962890625,3492.6552734375,1239.7210693359375,3665.22705078125,154.8522491455078,1486.0037841796875,690.6695556640625,608.0155639648438,4274.603515625,2284.45263671875,1070.3831787109375,1534.9949951171875,1490.6422119140625,355.4222717285156,350.5545959472656,3545.767578125,1636.0189208984375,1920.56494140625,495.7474060058594,11223.404296875,2358.22705078125,1235.1468505859375,331.93023681640625,251.40008544921875,4119.353515625,1389.04052734375,273.5787048339844,1485.0908203125,1512.6881103515625,742.4130249023438,24480.021484375,1569.79833984375,1192.689697265625,388.4222717285156,3740.048095703125,1171.5491943359375,3774.539306640625,2253.76513671875,9333.3359375,237.79774475097656
2024-03-07,1929.0999755859375,1307.8853759765625,596.1903686523438,2783.69775390625,1108.789306640625,8470.560546875,1579.683837890625,631.0999755859375,190.16464233398438,255.91883850097656,280.7981872558594,4685.85888671875,1079.9896240234375,1441.611328125,392.91943359375,1221.4932861328125,515.5155639648438,3548.77001953125,1241.5860595703125,3657.545654296875,153.9659881591797,1480.0838623046875,692.3452758789062,615.938232421875,4290.833984375,2302.2939453125,1061.4560546875,1544.0792236328125,1489.6285400390625,360.3895568847656,348.2238464355469,3579.59765625,1640.292236328125,1849.3228759765625,504.5221252441406,11168.0986328125,2329.861328125,1248.7510986328125,332.1659851074219,249.47142028808594,4122.77587890625,1405.8665771484375,272.6005859375,1461.3028564453125,1502.73876953125,746.3433227539062,24432.20703125,1571.462158203125,1233.2589111328125,418.221435546875,3780.81396484375,1187.3572998046875,3750.916015625,2233.69873046875,9364.412109375,238.88673400878906
2024-03-11,1930.300048828125,1309.3656005859375,595.1029663085938,2789.806884765625,1102.45458984375,8261.017578125,1595.65234375,632.3483276367188,186.99603271484375,252.9869384765625,278.1087341308594,4732.1025390625,1092.1529541015625,1461.974609375,388.892578125,1220.311767578125,513.7338256835938,3551.87353515625,1254.0133056640625,3656.240966796875,153.03045654296875,1480.988037109375,683.5838623046875,614.8488159179688,4308.17138671875,2274.033203125,1052.4312744140625,1521.6649169921875,1475.022216796875,356.7730407714844,344.5584716796875,3544.210205078125,1647.070556640625,1846.2039794921875,499.2279357910156,11057.0009765625,2308.224853515625,1273.39990234375,328.15771484375,245.79347229003906,4055.04052734375,1425.7586669921875,265.9870300292969,1449.1246337890625,1524.32861328125,732.7528076171875,25031.841796875,1559.6201171875,1193.2762451171875,406.3214416503906,3793.466796875,1188.1407470703125,3714.51513671875,2242.249267578125,9388.37109375,238.44650268554688
2024-03-12,1897.0999755859375,1284.0556640625,580.770263671875,2789.1279296875,1094.3740234375,8135.3759765625,1590.41259765625,632.5743408203125,183.9736785888672,242.6011199951172,269.2933349609375,4666.6904296875,1063.240234375,1424.6986083984375,384.9513244628906,1223.4365234375,509.49603271484375,3525.27001953125,1237.2669677734375,3682.18505859375,149.43612670898438,1478.231201171875,698.7846069335938,615.5420532226562,4296.36669921875,2262.900146484375,1050.626220703125,1513.7655029296875,1486.4029541015625,352.4593505859375,342.7058410644531,3525.76171875,1617.0103759765625,1846.98388671875,493.7375793457031,11167.953125,2267.70947265625,1262.9892578125,325.1397705078125,242.56405639648438,4043.345458984375,1400.9854736328125,265.61444091796875,1457.844482421875,1508.708251953125,719.4937744140625,24683.88671875,1550.5184326171875,1187.9483642578125,389.5532531738281,3857.7900390625,1191.1827392578125,3713.17822265625,2216.79541015625,9308.6015625,236.73191833496094
2024-03-13,1725.0,1193.521484375,552.796875,2773.612060546875,1077.813720703125,7999.14599609375,1570.0528564453125,634.5498046875,174.22412109375,223.91656494140625,251.8617401123047,4654.7099609375,1045.1448974609375,1430.0445556640625,357.3202209472656,1205.847900390625,500.7797546386719,3428.756591796875,1237.5908203125,3609.522216796875,146.23568725585938,1474.52587890625,699.1915893554688,604.1531982421875,4160.99072265625,2200.52685546875,1057.553466796875,1483.7479248046875,1484.9747314453125,368.14544677734375,344.53857421875,3444.86181640625,1575.2110595703125,1806.587158203125,486.4334716796875,11051.7607421875,2219.996826171875,1259.4786376953125,304.1553649902344,229.06338500976562,4002.251220703125,1384.9442138671875,246.19288635253906,1415.10986328125,1479.8055419921875,707.70263671875,24090.484375,1525.3665771484375,1152.5113525390625,365.8023986816406,3817.99072265625,1177.26416015625,3591.247802734375,2121.553955078125,9287.3515625,233.742919921875
2024-03-14,1895.300048828125,1251.048828125,575.7291870117188,2804.74072265625,1055.7166748046875,7997.857421875,1560.621337890625,628.7804565429688,175.1503448486328,225.0594940185547,266.3548583984375,4733.54052734375,1067.6270751953125,1454.7332763671875,366.44488525390625,1189.05029296875,510.12213134765625,3466.29736328125,1235.7847900390625,3645.37060546875,143.82302856445312,1517.6815185546875,696.8217163085938,616.2352905273438,4311.49072265625,2221.4609375,1057.2120361328125,1458.173583984375,1523.58740234375,365.7054138183594,347.098388671875,3512.66796875,1620.595947265625,1842.500732421875,496.13958740234375,11065.7802734375,2320.234619140625,1274.0093994140625,303.5423889160156,236.150146484375,4091.505859375,1403.4874267578125,248.1024627685547,1414.4180908203125,1498.211669921875,701.8307495117188,24681.119140625,1536.718994140625,1171.4761962890625,378.0957946777344,3871.915283203125,1192.150390625,3605.560546875,2125.063232421875,9387.4521484375,240.02210998535156
2024-03-15,1902.5999755859375,1265.998046875,593.8180541992188,2780.78857421875,1043.8951416015625,7966.51953125,1568.3560791015625,640.2700805664062,178.5626678466797,215.41905212402344,250.66641235351562,4767.373046875,1064.6358642578125,1446.3741455078125,355.7779846191406,1194.6754150390625,507.1363830566406,3434.274169921875,1233.8802490234375,3619.28125,148.1559600830078,1488.8057861328125,695.481201171875,626.2376708984375,4228.494140625,2214.895263671875,1054.0411376953125,1465.6781005859375,1505.8017578125,365.22613525390625,346.2816162109375,3443.4990234375,1607.923583984375,1753.7646484375,490.3551025390625,11135.6904296875,2325.188232421875,1269.572021484375,298.30804443359375,232.11338806152344,4152.4951171875,1406.92138671875,247.72984313964844,1401.3260498046875,1495.0721435546875,693.1651000976562,24792.716796875,1515.18798828125,1184.9669189453125,374.45697021484375,3882.6357421875,1181.8729248046875,3598.676513671875,2042.6722412109375,9325.494140625,239.58184814453125
2024-03-18,1869.9000244140625,1249.8153076171875,577.9037475585938,2760.375244140625,1058.809326171875,8129.7470703125,1573.9451904296875,639.3167114257812,176.80776977539062,222.92269897460938,249.67031860351562,4772.93115234375,1053.220458984375,1446.7628173828125,361.4327087402344,1112.7861328125,504.2951354980469,3455.163330078125,1244.9039306640625,3574.881591796875,145.10321044921875,1485.2808837890625,692.3212890625,627.9707641601562,4199.814453125,2188.48974609375,1054.8704833984375,1462.0738525390625,1476.9112548828125,363.7882080078125,346.2019348144531,3466.912353515625,1585.918701171875,1808.8775634765625,487.7570495605469,11290.59765625,2300.887939453125,1258.2109375,299.1097106933594,234.67001342773438,4027.85791015625,1435.005859375,246.75180053710938,1422.3228759765625,1484.805908203125,692.2653198242188,25062.4453125,1537.746826171875,1160.331787109375,386.25860595703125,3821.211181640625,1173.0701904296875,3545.684814453125,2008.0750732421875,9304.5830078125,236.43069458007812
2024-03-19,1821.550048828125,1224.751953125,573.6039428710938,2729.925537109375,1048.28466796875,8242.701171875,1578.3863525390625,648.3197631835938,175.9302978515625,217.4564666748047,244.78945922851562,4616.6611328125,1043.5994873046875,1395.490234375,359.0337219238281,1085.51904296875,499.2386779785156,3396.585205078125,1204.431640625,3591.453125,145.2509307861328,1445.2882080078125,693.9012451171875,626.38623046875,4188.3330078125,2157.089111328125,1057.553466796875,1416.0601806640625,1438.943603515625,356.9037170410156,348.5426025390625,3408.987548828125,1542.4984130859375,1797.0362548828125,480.4529113769531,11252.513671875,2231.6796875,1217.105224609375,295.6202087402344,232.56192016601562,3929.418701171875,1418.400390625,241.2559814453125,1408.267333984375,1456.549072265625,685.4937133789062,24728.4375,1515.4327392578125,1120.5445556640625,376.9156494140625,3659.98876953125,1154.2662353515625,3549.349609375,2026.2857666015625,9151.529296875,229.3173828125
2024-03-20,1847.75,1228.8963623046875,569.6995239257812,2739.428466796875,1032.2730712890625,8238.3115234375,1581.5799560546875,653.5534057617188,173.39544677734375,223.3699188232422,245.8851776123047,4603.19482421875,1041.6553955078125,1377.7027587890625,359.4192810058594,1080.0888671875,501.0205078125,3378.01220703125,1198.227783203125,3742.91455078125,145.20169067382812,1434.397705078125,685.1398315429688,620.3451538085938,4159.46826171875,2133.300537109375,1058.090087890625,1423.41650390625,1432.95361328125,362.26318359375,351.68011474609375,3416.775634765625,1535.3272705078125,1797.523681640625,482.9529724121094,11586.390625,2228.735595703125,1243.53369140625,295.8088073730469,236.68838500976562,3940.744873046875,1408.785400390625,246.51890563964844,1426.546875,1453.60888671875,697.2848510742188,24659.611328125,1516.313720703125,1098.8424072265625,373.6210021972656,3654.09912109375,1165.37353515625,3556.38232421875,2019.487548828125,9181.830078125,228.6917724609375
2024-03-21,1855.3499755859375,1245.7203369140625,580.4243774414062,2735.792236328125,1033.1209716796875,8348.0205078125,1599.44482421875,660.06494140625,175.9302978515625,235.7434844970703,247.72793579101562,4606.8369140625,1070.966796875,1408.1260986328125,370.171875,1114.6611328125,504.63226318359375,3414.46923828125,1203.1162109375,3786.734375,147.66355895996094,1442.2607421875,692.1776733398438,616.2352905273438,4168.18408203125,2133.681640625,1055.4559326171875,1465.43115234375,1432.72314453125,367.0997619628906,353.0247497558594,3465.743896484375,1583.21728515625,1818.4283447265625,490.8943786621094,11554.37109375,2277.522705078125,1245.191650390625,306.5131530761719,235.8810272216797,4040.415283203125,1423.305908203125,254.99542236328125,1433.685791015625,1463.2271728515625,704.90869140625,25080.4453125,1531.82568359375,1108.5205078125,385.66851806640625,3655.98583984375,1182.3798828125,3593.080078125,2039.4349365234375,9294.3212890625,231.9124755859375
2024-03-22,1851.75,1264.6165771484375,582.549560546875,2755.5263671875,1030.8265380859375,8533.716796875,1584.4244384765625,664.5025634765625,177.19775390625,237.63180541992188,251.21424865722656,4662.712890625,1086.1212158203125,1439.764404296875,370.08624267578125,1082.1107177734375,501.5983581542969,3381.115966796875,1217.840576171875,3853.841552734375,147.31890869140625,1407.9619140625,690.7892456054688,617.8197631835938,4319.51416015625,2147.193115234375,1063.7489013671875,1493.0789794921875,1390.4703369140625,373.50494384765625,353.87139892578125,3522.013671875,1579.8773193359375,1831.0491943359375,488.00213623046875,11971.16015625,2233.175048828125,1254.8218994140625,306.27740478515625,236.150146484375,3925.45458984375,1452.101806640625,256.85845947265625,1437.6875,1496.16845703125,707.1817626953125,25085.044921875,1574.593994140625,1097.57177734375,384.2425231933594,3598.88623046875,1163.8526611328125,3671.47802734375,2035.21728515625,9372.736328125,225.72596740722656
2024-03-26,1859.0,1286.9169921875,588.1837768554688,2729.488525390625,1038.0592041015625,8548.3115234375,1590.761962890625,679.1668701171875,177.19775390625,238.3275146484375,256.6927795410156,4755.15234375,1111.8433837890625,1431.0164794921875,373.51336669921875,1083.516845703125,501.8873291015625,3341.25927734375,1204.421875,3779.14990234375,147.515869140625,1411.9385986328125,682.434814453125,620.8403930664062,4307.6640625,2131.4453125,1057.3095703125,1499.595947265625,1375.54150390625,372.6770324707031,349.3493957519531,3572.928955078125,1586.409912109375,1816.57666015625,486.82562255859375,11886.5986328125,2221.95947265625,1261.0146484375,310.37994384765625,238.16854858398438,3976.372802734375,1472.4600830078125,251.5489501953125,1424.3978271484375,1481.5169677734375,700.8837280273438,25399.619140625,1564.024169921875,1087.6004638671875,383.65240478515625,3568.15087890625,1156.2020263671875,3663.058837890625,2067.123046875,9294.2744140625,222.3662567138672
2024-03-27,1822.5,1305.270751953125,594.5593872070312,2744.859375,1050.3297119140625,8740.9716796875,1579.5341796875,690.2388305664062,176.32029724121094,241.60726928710938,255.59707641601562,4715.6181640625,1126.7982177734375,1422.36572265625,367.9442443847656,1083.897705078125,502.41705322265625,3318.44873046875,1186.6053466796875,3781.758544921875,147.515869140625,1397.432861328125,689.7599487304688,620.295654296875,4216.736328125,2131.15966796875,1057.3583984375,1514.2591552734375,1367.4317626953125,372.9820556640625,353.7120361328125,3608.267822265625,1571.7236328125,1833.339599609375,485.1098937988281,12138.6796875,2249.62451171875,1251.432861328125,312.73779296875,234.80455017089844,3988.610107421875,1467.897705078125,251.73524475097656,1475.061767578125,1474.6893310546875,694.490966796875,25651.9921875,1569.9451904296875,1066.5826416015625,381.9804992675781,3534.47119140625,1155.6951904296875,3723.67724609375,2107.017333984375,9316.2978515625,218.86752319335938
2024-03-28,1835.1500244140625,1324.0682373046875,605.2841186523438,2760.617431640625,1044.6932373046875,8727.2822265625,1640.613525390625,712.1073608398438,175.4915771484375,245.78146362304688,263.1175537109375,4707.03955078125,1153.118896484375,1455.024658203125,371.9283142089844,1074.7567138671875,503.8617248535156,3394.762939453125,1208.9471435546875,3883.69921875,147.9097442626953,1395.037841796875,693.2069702148438,627.22802734375,4354.833984375,2154.615234375,1066.67578125,1533.4644775390625,1380.517822265625,373.28704833984375,355.6841735839844,3664.245361328125,1588.2763671875,1872.517822265625,487.46295166015625,12226.005859375,2231.91357421875,1278.6905517578125,316.6988220214844,240.45599365234375,3924.32177734375,1478.8861083984375,257.92962646484375,1468.145263671875,1495.3214111328125,712.53271484375,25398.3359375,1585.99560546875,1071.6170654296875,387.68463134765625,3567.046875,1150.441162109375,3765.67431640625,2135.49951171875,9437.9853515625,222.4821014404297
2024-04-01,1888.300048828125,1357.6669921875,614.3285522460938,2784.134033203125,1050.5789794921875,8626.158203125,1642.7593994140625,712.6676635742188,183.1449737548828,252.1918487548828,268.6458740234375,4691.6572265625,1181.8321533203125,1456.6771240234375,378.7397155761719,1071.1629638671875,509.6405334472656,3515.613525390625,1227.0972900390625,3813.500244140625,150.02699279785156,1406.922607421875,704.0272216796875,628.614501953125,4316.5166015625,2175.120849609375,1072.8712158203125,1522.997802734375,1378.1217041015625,371.8491516113281,356.7200927734375,3736.383544921875,1595.103759765625,1867.2550048828125,486.0903015136719,12196.169921875,2300.794677734375,1260.7706298828125,322.87628173828125,242.11557006835938,3936.23876953125,1496.9632568359375,260.95697021484375,1467.0830078125,1485.05517578125,718.1678466796875,26164.896484375,1594.510009765625,1062.525634765625,400.22393798828125,3604.26953125,1147.1689453125,3702.876708984375,2122.846435546875,9636.6845703125,224.72964477539062
2024-04-02,1892.6500244140625,1385.5426025390625,627.376220703125,2787.237060546875,1044.6932373046875,8849.3447265625,1653.2886962890625,708.38720703125,188.2634735107422,250.6513671875,268.9944763183594,4696.2099609375,1193.646484375,1447.686279296875,379.7250061035156,1085.26513671875,512.0001220703125,3569.36328125,1224.5843505859375,3789.875244140625,151.7010498046875,1381.255126953125,708.6472778320312,625.7920532226562,4205.9013671875,2175.882080078125,1054.8704833984375,1539.783935546875,1366.5103759765625,371.1084289550781,350.0864562988281,3706.593505859375,1581.4981689453125,1921.831787109375,489.2276611328125,12179.529296875,2307.056640625,1279.1536865234375,325.1868896484375,244.4479217529297,3910.23779296875,1471.5523681640625,260.3981018066406,1469.2320556640625,1465.7686767578125,725.8391723632812,26238.966796875,1587.6593017578125,1105.783203125,402.0433044433594,3573.9482421875,1140.025390625,3720.260009765625,2134.209228515625,9717.7626953125,222.9918670654297
2024-04-03,1878.949951171875,1378.6846923828125,627.6233520507812,2782.53369140625,1060.7047119140625,8662.6962890625,1637.1204833984375,718.3977661132812,185.7285919189453,250.2538299560547,271.5345153808594,4633.5771484375,1191.1539306640625,1430.2874755859375,381.6955871582031,1106.03759765625,511.4223327636719,3630.84814453125,1202.370361328125,3801.47021484375,152.14419555664062,1388.07861328125,709.6766967773438,618.0673828125,4202.58154296875,2155.423828125,1050.9676513671875,1523.2447509765625,1364.4830322265625,370.5419616699219,344.8572998046875,3682.304443359375,1577.0775146484375,1938.7408447265625,486.3354187011719,12058.630859375,2321.77685546875,1245.337890625,331.2699890136719,247.0045166015625,3912.847900390625,1473.0975341796875,260.91046142578125,1454.0650634765625,1456.0010986328125,730.2431030273438,26062.345703125,1585.3104248046875,1094.39453125,405.43634033203125,3632.38232421875,1156.939453125,3677.222900390625,2088.409912109375,9682.6689453125,223.91868591308594
2024-04-04,1890.8499755859375,1348.7369384765625,617.4916381835938,2830.002685546875,1060.405517578125,8725.3740234375,1652.5401611328125,715.8570556640625,192.9919891357422,249.95567321777344,269.1936950683594,4613.45068359375,1192.749267578125,1418.6722412109375,384.5658264160156,1136.674072265625,487.3921813964844,3679.4248046875,1205.9237060546875,3878.867919921875,150.1254425048828,1391.51318359375,731.3648071289062,616.3838500976562,4170.99658203125,2155.18603515625,1052.57763671875,1525.02197265625,1370.0582275390625,368.40692138671875,348.4429931640625,3697.296875,1559.2476806640625,1951.8001708984375,481.8745422363281,12193.8896484375,2350.002197265625,1243.216796875,334.47662353515625,241.30821228027344,3968.592529296875,1470.5958251953125,258.6282958984375,1445.493408203125,1458.9412841796875,719.1149291992188,25623.21484375,1584.8211669921875,1092.8792724609375,407.2557373046875,3683.91455078125,1179.1536865234375,3746.805419921875,2070.84423828125,9685.765625,225.86497497558594
2024-04-05,1901.949951171875,1357.3216552734375,619.9628295898438,2796.206787109375,1056.564697265625,8595.0107421875,1674.6463623046875,705.2667236328125,192.40701293945312,253.3844757080078,269.8909912109375,4612.9228515625,1213.985107421875,1408.8065185546875,382.9378967285156,1129.53515625,489.1739807128906,3693.170166015625,1213.1485595703125,3895.24609375,152.1934356689453,1396.5740966796875,741.8737182617188,623.3162231445312,4172.7939453125,2157.089111328125,1057.0169677734375,1532.8720703125,1363.0545654296875,372.58990478515625,355.61444091796875,3643.996337890625,1571.0360107421875,1962.130859375,499.52203369140625,12052.56640625,2346.45068359375,1237.3897705078125,334.3822937011719,240.36631774902344,3936.337646484375,1472.0675048828125,259.3268737792969,1442.7020263671875,1480.4205322265625,724.2764892578125,25525.1171875,1574.6917724609375,1090.533203125,407.74749755859375,3661.783203125,1164.5439453125,3718.774169921875,2053.67578125,9510.05859375,224.77597045898438
2024-04-08,1919.0999755859375,1330.7781982421875,623.2741088867188,2804.49853515625,1073.4742431640625,8615.044921875,1685.824462890625,705.5517578125,180.31761169433594,254.8752899169922,272.7298278808594,4626.10107421875,1199.42919921875,1421.490966796875,383.323486328125,1109.865966796875,484.5028076171875,3740.318359375,1212.2159423828125,4063.85888671875,152.0457000732422,1391.87451171875,740.4613647460938,628.4658813476562,4237.53173828125,2158.991943359375,1060.675537109375,1548.621337890625,1360.8428955078125,373.94061279296875,356.2618713378906,3707.031982421875,1583.56103515625,2025.283935546875,508.83599853515625,12482.890625,2293.73828125,1218.080322265625,342.8232421875,242.56405639648438,3844.792724609375,1493.3577880859375,262.4473571777344,1468.2686767578125,1513.8104248046875,727.6386108398438,25667.666015625,1565.5902099609375,1111.84423828125,409.46856689453125,3655.617919921875,1166.156982421875,3713.27685546875,2116.742919921875,9548.927734375,222.38941955566406
2024-04-09,1916.199951171875,1338.5240478515625,615.9100952148438,2770.702880859375,1077.4146728515625,8565.818359375,1707.0325927734375,707.0308837890625,178.1239471435547,254.1795654296875,270.2395935058594,4595.3359375,1206.4578857421875,1409.681396484375,376.8547668457031,1115.6181640625,484.5991516113281,3749.13720703125,1210.9102783203125,4105.31103515625,153.42437744140625,1392.2813720703125,741.3949584960938,627.8222045898438,4169.84375,2154.424560546875,1080.0909423828125,1535.3900146484375,1377.56884765625,371.54412841796875,354.7080383300781,3685.0302734375,1577.3232421875,2037.7584228515625,499.571044921875,12505.111328125,2296.6357421875,1220.396484375,342.2573547363281,241.2633819580078,3897.041015625,1478.812744140625,261.9350280761719,1446.2098388671875,1505.5875244140625,723.755615234375,25703.861328125,1568.37939453125,1100.357666015625,422.7945861816406,3631.69189453125,1153.48291015625,3644.38818359375,2083.1005859375,9457.34765625,220.48944091796875
2024-04-10,1907.5,1334.3798828125,618.4307250976562,2809.104736328125,1085.1961669921875,8591.2421875,1700.744873046875,710.6332397460938,178.07521057128906,260.8880920410156,277.2122497558594,4608.75439453125,1188.212890625,1383.0972900390625,390.99163818359375,1113.8212890625,487.5848388671875,3684.253173828125,1208.9471435546875,4169.51953125,156.5755615234375,1391.061279296875,735.5540161132812,615.4925537109375,4145.12841796875,2151.33251953125,1082.3837890625,1533.3162841796875,1388.581298828125,380.78155517578125,363.7420959472656,3653.82861328125,1576.2916259765625,2023.4322509765625,505.11041259765625,12305.9580078125,2285.32666015625,1232.4893798828125,341.880126953125,243.99940490722656,3898.911865234375,1471.72412109375,263.1925964355469,1461.945068359375,1498.4111328125,737.8196411132812,25326.291015625,1569.847412109375,1119.6160888671875,424.81072998046875,3666.752685546875,1167.217041015625,3675.935302734375,2081.462890625,9504.4921875,221.18455505371094
2024-04-12,1884.050048828125,1326.386962890625,601.8245239257812,2768.13330078125,1070.88037109375,8647.8134765625,1695.3056640625,710.5643310546875,178.36769104003906,260.8880920410156,272.9290466308594,4554.17138671875,1174.0555419921875,1357.6798095703125,390.34906005859375,1096.984375,482.1431579589844,3724.257568359375,1194.4093017578125,4157.103515625,153.5720672607422,1375.1094970703125,727.223388671875,612.5215454101562,4095.238525390625,2124.118408203125,1077.5054931640625,1536.0811767578125,1368.2613525390625,374.8121032714844,361.17230224609375,3581.8369140625,1593.6302490234375,2018.3155517578125,504.47314453125,11902.123046875,2286.21484375,1236.6826171875,341.1727600097656,238.34793090820312,3917.82177734375,1464.733642578125,256.3927001953125,1449.668212890625,1488.2447509765625,725.744384765625,25208.7578125,1507.1630859375,1123.6727294921875,429.72808837890625,3682.166015625,1144.91064453125,3584.90869140625,2031.2972412109375,9344.46875,218.1492462158203
2024-04-15,1815.0999755859375,1298.1168212890625,599.8475952148438,2758.33837890625,1055.41748046875,8583.1328125,1653.5880126953125,695.4970703125,171.5430145263672,254.92495727539062,264.2132568359375,4563.89990234375,1158.2034912109375,1342.7110595703125,386.4078674316406,1054.0035400390625,476.9422607421875,3662.033935546875,1180.07763671875,4077.000244140625,152.6365509033203,1360.2420654296875,715.6133422851562,607.0252075195312,4040.27685546875,2087.721923828125,1052.0897216796875,1520.529296875,1352.9637451171875,371.1519470214844,358.20416259765625,3505.4638671875,1580.712158203125,2001.2603759765625,499.27691650390625,12053.779296875,2237.754638671875,1245.191650390625,340.60687255859375,251.04129028320312,3893.00244140625,1414.4268798828125,255.27487182617188,1447.3707275390625,1462.0809326171875,717.41015625,25015.966796875,1507.2120361328125,1105.29443359375,424.4665222167969,3626.7685546875,1123.3875732421875,3566.38623046875,1984.9521484375,9202.8388671875,212.8664093017578
2024-04-16,1811.6500244140625,1287.0650634765625,610.4241333007812,2744.374267578125,1049.382080078125,8508.81640625,1615.3133544921875,683.506103515625,169.49562072753906,256.16729736328125,262.7191467285156,4543.58154296875,1126.5989990234375,1336.6845703125,388.2928771972656,1017.61474609375,485.3215026855469,3708.984619140625,1187.8323974609375,4208.75,149.78077697753906,1335.162109375,722.5794067382812,598.7559204101562,3986.5126953125,2113.17578125,1041.0650634765625,1472.1949462890625,1303.476806640625,371.1519470214844,357.0985412597656,3449.632080078125,1583.0206298828125,1979.6734619140625,498.1984558105469,12131.2578125,2157.09716796875,1241.510009765625,338.8149719238281,254.00155639648438,3799.930908203125,1412.3665771484375,255.46119689941406,1448.28466796875,1457.944580078125,711.9171752929688,24606.900390625,1504.765380859375,1110.1822509765625,423.2863464355469,3563.825927734375,1102.2333984375,3611.255859375,1960.588623046875,9161.7421875,207.76890563964844
2024-04-18,1775.449951171875,1278.3817138671875,608.150634765625,2722.7490234375,1021.5487670898438,8606.2666015625,1590.761962890625,677.5057983398438,168.9593963623047,251.64523315429688,266.1556701660156,4499.78173828125,1115.4327392578125,1309.5660400390625,375.7838134765625,1017.0286865234375,485.2733154296875,3654.49609375,1169.5350341796875,4204.40234375,149.8300018310547,1325.7177734375,715.6133422851562,599.7957763671875,3920.484375,2107.46630859375,1029.74755859375,1455.853271484375,1307.9002685546875,365.00823974609375,355.9331970214844,3456.93359375,1565.927734375,1973.4847412109375,496.4827575683594,12036.4599609375,2183.68701171875,1200.77001953125,331.17572021484375,245.92803955078125,3785.7978515625,1408.785400390625,260.91046142578125,1446.876708984375,1452.1634521484375,705.38232421875,24155.259765625,1484.0662841796875,1109.1070556640625,422.6470642089844,3553.887451171875,1087.3470458984375,3491.603759765625,1925.9537353515625,9083.279296875,205.915283203125
2024-04-19,1770.050048828125,1292.6402587890625,602.6153564453125,2723.573486328125,1026.636474609375,8399.44140625,1615.8125,699.7479248046875,169.20314025878906,252.9869384765625,260.6273193359375,4474.19140625,1124.7545166015625,1308.0594482421875,372.9563903808594,999.6939086914062,485.61041259765625,3617.841796875,1166.7275390625,4197.58935546875,149.5345916748047,1308.229248046875,733.1361694335938,595.7353515625,3885.810302734375,2123.452392578125,1041.26025390625,1463.4071044921875,1300.52783203125,370.14984130859375,357.1085205078125,3425.19677734375,1520.2481689453125,2029.9617919921875,495.4042663574219,12333.3203125,2131.208251953125,1188.65283203125,330.6098327636719,246.91481018066406,3825.981201171875,1388.62353515625,262.354248046875,1452.607666015625,1442.79443359375,710.7332763671875,24098.79296875,1490.329833984375,1112.5772705078125,421.02435302734375,3520.94384765625,1100.2515869140625,3529.193359375,1884.620361328125,9065.0791015625,209.80789184570312
2024-04-22,1793.75,1303.59326171875,609.1885986328125,2755.8662109375,1051.427001953125,8391.0947265625,1626.241943359375,716.721923828125,176.27154541015625,257.7574768066406,270.0902099609375,4555.65771484375,1136.56884765625,1316.904541015625,379.51080322265625,996.1586303710938,487.488525390625,3682.676513671875,1181.1082763671875,4316.2470703125,151.15943908691406,1324.858642578125,723.9917602539062,600.0928955078125,3976.36865234375,2132.872314453125,1060.187744140625,1458.9141845703125,1320.341064453125,370.629150390625,360.5548095703125,3517.048583984375,1575.3582763671875,2037.5150146484375,496.090576171875,12405.6552734375,2091.019775390625,1198.892578125,323.3949890136719,248.3052520751953,3455.467529296875,1421.66259765625,264.2171936035156,1462.2166748046875,1470.5531005859375,725.5549926757812,24126.134765625,1507.260986328125,1144.690673828125,420.8768005371094,3556.280517578125,1113.52490234375,3562.57275390625,1928.4844970703125,9259.955078125,214.0944061279297
2024-04-23,1816.4000244140625,1304.5799560546875,629.2048950195312,2787.915771484375,1053.2227783203125,8391.140625,1617.9083251953125,713.54736328125,178.27020263671875,258.55255126953125,279.0550231933594,4598.30712890625,1139.80908203125,1308.9827880859375,377.7972412109375,1019.0308837890625,488.45166015625,3713.369384765625,1168.543701171875,4367.65185546875,151.40562438964844,1343.612548828125,721.7894287109375,595.3392944335938,4006.939208984375,2153.09228515625,1063.7000732421875,1455.9520263671875,1329.23388671875,374.02777099609375,361.17230224609375,3514.56591796875,1552.1746826171875,2010.177978515625,500.1593017578125,12610.14453125,2096.861328125,1219.640625,327.4032287597656,248.3052520751953,3475.706787109375,1429.6832275390625,265.8007507324219,1441.9364013671875,1465.021240234375,732.08984375,24107.693359375,1452.9932861328125,1147.036865234375,422.5487365722656,3565.574462890625,1106.335205078125,3598.478271484375,1938.259521484375,9229.2666015625,214.14076232910156
2024-04-24,1808.300048828125,1303.0010986328125,637.0137939453125,2780.98193359375,1060.7047119140625,8296.982421875,1627.14013671875,720.3535766601562,179.24514770507812,262.4285888671875,288.4681091308594,4628.162109375,1165.2822265625,1359.04052734375,380.28192138671875,1014.24560546875,490.6668395996094,3757.857421875,1168.288330078125,4377.84619140625,151.2579345703125,1336.9244384765625,723.7523803710938,588.4564208984375,4051.480712890625,2150.7138671875,1070.041748046875,1456.10009765625,1318.498046875,373.766357421875,367.0987243652344,3538.612548828125,1552.1256103515625,2006.13330078125,499.3259582519531,12559.4951171875,2096.814453125,1219.104248046875,331.6473083496094,250.5927734375,3414.00390625,1447.34326171875,270.5047912597656,1432.8953857421875,1455.25341796875,732.1845092773438,24099.185546875,1454.06982421875,1085.254150390625,421.22100830078125,3525.40673828125,1092.9234619140625,3575.449462890625,1949.3746337890625,9350.5673828125,213.12127685546875
2024-04-25,1812.6500244140625,1312.91796875,630.984130859375,2774.873046875,1124.30224609375,8333.0439453125,1652.2906494140625,716.9873046875,179.97637939453125,269.9322509765625,290.51007080078125,4642.72998046875,1151.87255859375,1366.81640625,387.65020751953125,1017.7319946289062,487.7774658203125,3787.417236328125,1220.8934326171875,4459.4951171875,153.5720672607422,1359.4287109375,723.2975463867188,588.9515991210938,4148.26416015625,2122.73876953125,1086.627685546875,1477.2802734375,1325.59375,381.3044128417969,327.1875915527344,3555.600341796875,1566.2716064453125,2043.5574951171875,500.1593017578125,12538.5859375,2083.54296875,1249.579833984375,338.767822265625,252.92514038085938,3378.4990234375,1432.16064453125,273.2060852050781,1442.5784912109375,1439.7047119140625,769.6887817382812,23706.041015625,1487.7362060546875,1081.441650390625,424.3189697265625,3544.86962890625,1097.16357421875,3537.166748046875,1990.509521484375,9374.6728515625,213.6310272216797
2024-04-26,1806.6500244140625,1307.0467529296875,625.0532836914062,2758.096435546875,1127.5943603515625,8561.4296875,1594.2052001953125,661.58349609375,179.58636474609375,277.13775634765625,305.202392578125,4600.84716796875,1168.1732177734375,1369.683837890625,390.5204162597656,1025.642578125,490.2334289550781,3957.436279296875,1227.44091796875,4445.77392578125,154.7045440673828,1332.0439453125,722.8427734375,582.167724609375,4142.08544921875,2114.93603515625,1080.9202880859375,1428.2054443359375,1318.037109375,383.4394836425781,320.4245300292969,3509.747314453125,1587.4412841796875,1992.927734375,507.70849609375,12325.947265625,2147.844482421875,1210.619873046875,335.74981689453125,253.77728271484375,3346.09619140625,1463.0902099609375,272.2280578613281,1435.2420654296875,1410.6005859375,758.8921508789062,23873.0703125,1474.4263916015625,1077.9224853515625,429.6789245605469,3516.48046875,1178.69287109375,3550.736572265625,2001.1778564453125,9391.275390625,215.2992706298828
2024-04-29,1806.8499755859375,1299.794189453125,622.3845825195312,2781.418701171875,1156.4749755859375,8357.083984375,1592.508544921875,670.9598999023438,179.29388427734375,275.19970703125,304.953369140625,4600.27197265625,1167.3758544921875,1368.5660400390625,388.33563232421875,1012.5949096679688,488.01824951171875,3930.73388671875,1236.2755126953125,4417.607421875,158.0034637451172,1253.91162109375,732.2744140625,569.541015625,4110.82421875,2118.21875,1131.8978271484375,1468.5416259765625,1322.1842041015625,381.87091064453125,326.7792053222656,3538.076904296875,1608.56201171875,2009.641845703125,505.5025329589844,12312.84765625,2187.799560546875,1223.8096923828125,342.3516540527344,254.04644775390625,3322.8037109375,1482.02587890625,273.5787048339844,1447.568359375,1417.67724609375,782.7584838867188,23877.669921875,1489.1553955078125,1073.865478515625,440.5954284667969,3561.43359375,1187.49560546875,3570.59619140625,2021.1251220703125,9646.4130859375,214.53466796875
2024-04-30,1797.6500244140625,1307.3428955078125,612.7470703125,2788.8857421875,1163.109130859375,8494.0302734375,1611.8203125,680.48876953125,183.58367919921875,279.97021484375,297.38311767578125,4577.365234375,1189.7083740234375,1360.7901611328125,389.2351989746094,996.78369140625,489.02947998046875,3943.690673828125,1218.056640625,4442.29541015625,160.12069702148438,1235.1129150390625,727.7739868164062,578.0083618164062,4189.53173828125,2122.35791015625,1122.3853759765625,1496.6336669921875,1309.0982666015625,379.64862060546875,323.5023193359375,3499.135986328125,1616.8629150390625,2101.54541015625,507.8555908203125,12436.705078125,2163.499267578125,1222.639404296875,342.5403137207031,253.73245239257812,3317.68212890625,1495.71240234375,281.17034912109375,1449.5198974609375,1431.83056640625,782.521728515625,24174.044921875,1470.0711669921875,1083.494384765625,441.82476806640625,3515.836669921875,1164.635986328125,3555.144287109375,2044.3472900390625,9653.578125,214.27978515625
2024-05-02,1786.8499755859375,1321.05859375,618.4801025390625,2885.375,1147.0975341796875,8691.5068359375,1612.26953125,676.4737548828125,185.9723358154297,290.9026794433594,309.684814453125,4561.7431640625,1297.6824951171875,1380.2786865234375,388.892578125,973.8232421875,505.9324645996094,3906.494384765625,1234.3907470703125,4447.126953125,165.43833923339844,1229.780517578125,733.591064453125,570.7789306640625,4206.5458984375,2118.4091796875,1111.701904296875,1486.265625,1303.476806640625,382.5680236816406,313.8805847167969,3504.197998046875,1618.5821533203125,2129.61328125,507.70849609375,12424.916015625,2167.751708984375,1225.0286865234375,348.0574951171875,253.68759155273438,3356.19091796875,1465.8128662109375,292.1153564453125,1449.0751953125,1456.1007080078125,786.12060546875,24552.162109375,1486.6109619140625,1066.6802978515625,450.28265380859375,3555.083984375,1167.7698974609375,3534.541748046875,2057.198974609375,9664.806640625,211.96275329589844
2024-05-03,1799.800048828125,1302.8038330078125,615.267578125,2841.1064453125,1138.7674560546875,8686.6884765625,1624.09619140625,681.2702026367188,182.90122985839844,303.1271667480469,304.0071105957031,4547.31884765625,1305.7581787109375,1384.846923828125,406.62786865234375,875.54638671875,512.1446533203125,3892.995361328125,1246.57275390625,4444.08349609375,163.4196014404297,1218.3477783203125,727.5345458984375,560.4299926757812,4198.4765625,2109.607421875,1114.2386474609375,1465.0361328125,1305.1817626953125,380.3458251953125,308.113525390625,3407.137939453125,1625.556884765625,2137.263671875,506.7771301269531,12121.021484375,2142.0498046875,1197.6248779296875,344.1907653808594,256.64788818359375,3315.958984375,1448.5206298828125,289.5537414550781,1416.9130859375,1438.508544921875,787.4464111328125,25461.33203125,1478.92822265625,1069.7596435546875,447.2338562011719,3536.771728515625,1152.607177734375,3500.320068359375,2037.15234375,9502.9921875,211.93959045410156
2024-05-06,1766.6500244140625,1272.85595703125,600.4407348632812,2843.43359375,1140.912353515625,8636.080078125,1608.177490234375,674.2279663085938,182.17001342773438,287.17572021484375,299.4250793457031,4851.13818359375,1322.0089111328125,1383.5347900390625,394.63299560546875,861.971435546875,511.2297058105469,3904.86865234375,1235.558837890625,4443.84130859375,161.2039031982422,1228.0635986328125,728.994873046875,549.684814453125,4158.8232421875,2146.860107421875,1118.3851318359375,1478.66259765625,1314.0284423828125,378.8643798828125,323.5719909667969,3371.6044921875,1650.0177001953125,2168.401611328125,519.9146728515625,12069.740234375,2148.825927734375,1198.2587890625,336.5042724609375,253.1044921875,3344.37255859375,1448.765869140625,285.82781982421875,1402.610595703125,1435.8671875,765.048095703125,25254.099609375,1496.5445556640625,1073.5233154296875,438.92352294921875,3608.226318359375,1163.4840087890625,3248.98095703125,2041.2213134765625,9464.8505859375,212.54200744628906
2024-05-07,1726.0,1270.58642578125,587.0964965820312,2824.863037109375,1125.00048828125,8278.666015625,1611.97021484375,675.4761352539062,176.61276245117188,278.5291442871094,293.89678955078125,4958.72119140625,1302.4180908203125,1348.3485107421875,390.6917724609375,863.1629028320312,537.8602294921875,3854.025634765625,1228.5206298828125,4466.4521484375,157.31414794921875,1219.0416259765625,721.0952758789062,547.0108642578125,4128.3916015625,2264.08935546875,1104.3358154296875,1434.278076171875,1327.897705078125,383.74444580078125,327.4764709472656,3336.99560546875,1582.185791015625,2135.8017578125,572.0728149414062,11996.7255859375,2137.283447265625,1223.2490234375,329.2894592285156,245.43467712402344,3311.0830078125,1447.269775390625,275.0224914550781,1384.775634765625,1445.385986328125,759.4603271484375,25114.31640625,1483.03857421875,1074.745361328125,429.1871337890625,3661.507080078125,1191.32080078125,3239.819091796875,1964.5582275390625,9373.3662109375,214.9748992919922
2024-05-08,1773.0,1260.32421875,587.6895141601562,2757.27197265625,1125.9482421875,8346.876953125,1599.8939208984375,668.29150390625,175.7840576171875,284.5419616699219,305.8000793457031,5011.0029296875,1260.1456298828125,1345.96728515625,397.93157958984375,861.2877807617188,536.0784912109375,3869.741943359375,1189.0103759765625,4444.904296875,154.8522491455078,1203.1962890625,709.84423828125,545.1293334960938,4254.86865234375,2227.59814453125,1095.652587890625,1424.3544921875,1315.3187255859375,384.3109436035156,328.3629455566406,3394.531005859375,1587.6378173828125,2126.93310546875,583.98486328125,12170.8935546875,2130.6474609375,1238.0479736328125,335.2311096191406,248.35011291503906,3336.59228515625,1380.9462890625,281.3100891113281,1401.647216796875,1422.0628662109375,767.8892822265625,25376.1796875,1489.3021240234375,1090.0443115234375,427.8594665527344,3659.66650390625,1186.2972412109375,3228.874267578125,1981.4786376953125,9215.568359375,214.6505126953125
2024-05-09,1712.1500244140625,1228.0576171875,567.6732177734375,2628.102294921875,1112.9793701171875,8439.8427734375,1561.51953125,649.1945190429688,178.22145080566406,271.47271728515625,297.48272705078125,4859.28515625,1218.820556640625,1320.7440185546875,379.9820556640625,840.24169921875,532.4185791015625,3734.35693359375,1153.8682861328125,4413.935546875,154.6553192138672,1209.0582275390625,693.0155029296875,534.3346557617188,4394.11865234375,2212.9443359375,1088.5302734375,1383.82080078125,1326.607421875,370.454833984375,327.31707763671875,3188.727783203125,1556.0059814453125,2156.31689453125,569.9649658203125,12133.1494140625,2102.281982421875,1225.5894775390625,326.36578369140625,237.94427490234375,3306.799560546875,1391.8857421875,275.8608093261719,1377.51318359375,1417.72705078125,776.4130249023438,25218.251953125,1462.7801513671875,1060.7171630859375,406.6656494140625,3644.253173828125,1169.7978515625,3214.858642578125,2047.9200439453125,9144.607421875,211.2676544189453
2024-05-10,1714.75,1249.96337890625,575.086669921875,2687.401611328125,1117.418701171875,8568.583984375,1569.6036376953125,656.9590454101562,182.36500549316406,272.61566162109375,302.8117980957031,4856.1220703125,1268.819580078125,1302.0330810546875,385.0370788574219,872.1771240234375,530.4922485351562,3737.855224609375,1162.4378662109375,4500.7060546875,157.51107788085938,1205.53173828125,697.820068359375,543.2476196289062,4497.86474609375,2248.05615234375,1089.847412109375,1392.4114990234375,1313.1070556640625,377.6443176269531,324.2991027832031,3184.833740234375,1580.171875,2137.3125,575.6513671875,12298.923828125,2085.318603515625,1235.2198486328125,335.2782897949219,242.42950439453125,3316.598876953125,1432.4058837890625,282.9401550292969,1390.65478515625,1427.2457275390625,774.0927124023438,25376.97265625,1474.4263916015625,1066.484619140625,407.99334716796875,3583.242919921875,1165.4656982421875,3258.589111328125,2047.870361328125,9188.7529296875,209.39083862304688
2024-05-13,1715.1500244140625,1289.0880126953125,581.412841796875,2792.13427734375,1129.290283203125,8578.6015625,1577.438232421875,660.3597412109375,183.4374542236328,281.56036376953125,300.4709777832031,4917.22119140625,1278.7396240234375,1375.02978515625,380.410400390625,885.7617797851562,529.962646484375,3854.12451171875,1159.993408203125,4500.3203125,159.23439025878906,1202.5093994140625,706.2400512695312,554.2404174804688,4505.38037109375,2246.248291015625,1100.53076171875,1386.8819580078125,1311.7706298828125,376.337158203125,326.9385681152344,3206.640625,1658.809814453125,2128.736328125,582.9064331054688,12297.322265625,2107.2353515625,1226.9547119140625,330.9399719238281,239.42442321777344,3345.5546875,1454.9224853515625,285.5483093261719,1385.986083984375,1420.418212890625,765.9951782226562,25704.552734375,1492.53173828125,1072.35009765625,404.9445495605469,3632.8427734375,1163.299560546875,3222.73291015625,2052.882080078125,9246.64453125,209.4371795654297
2024-05-14,1788.800048828125,1313.608642578125,603.1590576171875,2779.430419921875,1120.1622314453125,8648.1953125,1573.3463134765625,656.1286010742188,183.8274383544922,286.4800109863281,309.684814453125,4927.044921875,1248.2816162109375,1319.3345947265625,384.4372863769531,890.5472412109375,534.10400390625,3839.048828125,1152.189697265625,4570.953125,161.40086364746094,1209.9742431640625,709.0062866210938,556.1220092773438,4650.99267578125,2235.733642578125,1093.26220703125,1403.125,1312.9224853515625,374.4635009765625,327.9545593261719,3289.974365234375,1608.2674560546875,2212.209228515625,588.4948120117188,12433.50390625,2151.536376953125,1212.86279296875,335.56121826171875,244.80673217773438,3372.244873046875,1463.7034912109375,288.0633544921875,1403.1539306640625,1428.142822265625,774.897705078125,25736.59375,1512.301025390625,1061.108154296875,423.2371520996094,3589.960205078125,1175.6971435546875,3257.64794921875,2118.5791015625,9352.310546875,211.47616577148438
2024-05-15,1839.1500244140625,1320.1212158203125,606.1737670898438,2728.5673828125,1125.3497314453125,8493.5537109375,1565.9609375,656.5512084960938,185.14361572265625,289.56097412109375,310.680908203125,4853.43896484375,1227.6439208984375,1367.3023681640625,400.8446044921875,905.1792602539062,525.7247314453125,3835.4521484375,1153.406982421875,4492.4931640625,160.26840209960938,1220.8277587890625,698.1111450195312,550.5761108398438,4663.765625,2210.708251953125,1096.9696044921875,1399.2740478515625,1308.545166015625,372.8077392578125,328.8509826660156,3320.98095703125,1610.1829833984375,2243.785888671875,580.01416015625,12387.9970703125,2125.6474609375,1201.964599609375,340.7955017089844,245.3001251220703,3428.826171875,1465.5184326171875,293.2796936035156,1399.3994140625,1425.40185546875,776.8865356445312,25533.6171875,1494.831787109375,1044.9293212890625,424.1714172363281,3570.819580078125,1174.775390625,3237.49169921875,2083.99365234375,9307.24609375,212.3798065185547
2024-05-16,1844.4000244140625,1327.2259521484375,608.2989501953125,2728.906982421875,1136.57275390625,8463.693359375,1592.8577880859375,663.151123046875,175.10159301757812,292.9897766113281,304.55499267578125,4924.1220703125,1258.2015380859375,1381.299072265625,401.23016357421875,918.1245727539062,522.0648803710938,3873.48583984375,1148.5772705078125,4523.7998046875,161.59780883789062,1234.7955322265625,708.6665649414062,561.56884765625,4741.27587890625,2229.596435546875,1103.506591796875,1391.029052734375,1339.32470703125,375.98858642578125,333.08416748046875,3368.97607421875,1633.6121826171875,2311.470458984375,579.6710815429688,12126.3583984375,2215.931396484375,1203.5982666015625,340.8898620605469,249.0677490234375,3475.115966796875,1480.55419921875,291.0906677246094,1408.3660888671875,1447.4290771484375,768.978515625,25401.052734375,1503.5421142578125,1075.08740234375,426.7776794433594,3615.82080078125,1205.608154296875,3302.220458984375,2111.731201171875,9399.212890625,215.2297821044922
2024-05-17,1833.0,1317.9996337890625,613.537841796875,2724.882568359375,1138.6177978515625,8376.736328125,1581.6300048828125,661.2099609375,176.61276245117188,298.0584716796875,304.6545715332031,4875.29052734375,1281.1324462890625,1359.8668212890625,402.90093994140625,924.3324584960938,516.0452880859375,3853.38525390625,1138.59423828125,4535.5400390625,161.35162353515625,1221.1024169921875,710.5349731445312,564.6884155273438,4693.18359375,2207.901611328125,1102.9698486328125,1394.583740234375,1330.98486328125,380.2151184082031,337.9647216796875,3359.386474609375,1622.6097412109375,2450.690185546875,585.3574829101562,12265.93359375,2160.4619140625,1192.456298828125,344.66229248046875,248.88833618164062,3486.63916015625,1465.2733154296875,291.6961669921875,1418.5928955078125,1429.48828125,774.566162109375,26014.384765625,1498.74658203125,1070.639404296875,429.08880615234375,3553.857421875,1203.2574462890625,3329.21142578125,2167.8515625,9574.6787109375,213.6310272216797
2024-05-21,1859.3499755859375,1367.1397705078125,624.410888671875,2765.51513671875,1134.9267578125,8414.896484375,1579.434326171875,662.728515625,179.48890686035156,317.2399597167969,306.3977355957031,4962.79443359375,1288.5599365234375,1401.9053955078125,420.3792419433594,939.5432739257812,519.46435546875,3957.633056640625,1134.716796875,4515.296875,161.1546630859375,1229.0709228515625,707.9629516601562,560.1328735351562,4660.583984375,2198.71875,1093.65234375,1388.807373046875,1321.6312255859375,378.9079284667969,338.3033447265625,3349.845947265625,1654.1434326171875,2458.53564453125,578.5925903320312,12102.7314453125,2217.426513671875,1199.9166259765625,350.8396911621094,251.2655487060547,3460.785888671875,1479.156005859375,303.33978271484375,1419.0128173828125,1424.953369140625,786.6888427734375,25547.263671875,1508.0927734375,1069.4173583984375,434.3995666503906,3540.97314453125,1220.31005859375,3344.9111328125,2139.5185546875,9476.951171875,213.5846710205078
2024-05-22,1866.449951171875,1359.9364013671875,625.7453002929688,2798.437744140625,1123.3045654296875,8400.443359375,1580.8314208984375,662.8956298828125,178.90391540527344,300.0959167480469,306.74639892578125,5048.380859375,1265.92822265625,1440.78515625,429.8466491699219,963.1193237304688,533.5743408203125,3999.017333984375,1152.9652099609375,4537.0380859375,159.92372131347656,1230.1243896484375,708.1570434570312,554.983154296875,4607.18994140625,2252.195068359375,1084.0423583984375,1387.27685546875,1340.6611328125,383.3523254394531,338.5623474121094,3369.219482421875,1685.52978515625,2456.97607421875,590.8968505859375,12159.0556640625,2212.75390625,1203.9881591796875,352.5845031738281,249.38169860839844,3446.40673828125,1477.0465087890625,303.4329528808594,1443.2454833984375,1422.7108154296875,788.422119140625,25394.474609375,1506.4781494140625,1095.225341796875,440.3004150390625,3551.91064453125,1226.301513671875,3351.696044921875,2126.02197265625,9579.0341796875,213.77003479003906
2024-05-23,1888.800048828125,1424.22314453125,639.0401000976562,2815.892822265625,1162.460693359375,8551.0791015625,1605.2833251953125,670.9647827148438,183.7786865234375,302.9283752441406,314.266845703125,5061.55908203125,1275.3997802734375,1447.4432373046875,426.0767517089844,993.8546142578125,539.3049926757812,4052.66845703125,1157.863525390625,4689.12744140625,160.317626953125,1239.7415771484375,724.3661499023438,560.1824340820312,4744.826171875,2267.039306640625,1106.8724365234375,1422.7252197265625,1356.8802490234375,384.615966796875,340.4548034667969,3490.471435546875,1603.8466796875,2542.8857421875,596.2400512695312,12550.6181640625,2240.324951171875,1206.42626953125,351.12261962890625,254.2706756591797,3514.462158203125,1466.376953125,297.9837341308594,1468.3428955078125,1442.0469970703125,801.277587890625,25392.451171875,1463.2203369140625,1092.8792724609375,441.7264099121094,3608.869140625,1232.8458251953125,3419.248046875,2158.622314453125,9845.9365234375,215.85536193847656
2024-05-24,1926.6500244140625,1397.334228515625,627.9693603515625,2787.770751953125,1171.189697265625,8536.53125,1598.5465087890625,671.9722290039062,181.6337890625,303.7731628417969,318.2014465332031,5022.7919921875,1257.1546630859375,1444.81884765625,429.24688720703125,1001.3863525390625,537.5231323242188,4061.930419921875,1151.5909423828125,4716.279296875,160.9577178955078,1232.093505859375,736.3046875,559.6376342773438,4720.0185546875,2254.2412109375,1104.384521484375,1423.663330078125,1350.1529541015625,380.1279602050781,339.3392639160156,3529.899169921875,1585.86962890625,2514.184326171875,592.17138671875,12614.220703125,2234.62353515625,1203.3056640625,353.6219177246094,254.09129333496094,3501.4619140625,1457.9639892578125,296.9591064453125,1462.6119384765625,1431.5316162109375,797.9072265625,25174.44140625,1454.9996337890625,1081.0230712890625,439.8086853027344,3568.13134765625,1218.3282470703125,3379.974609375,2221.4912109375,9904.552734375,214.8590545654297
2024-05-27,1929.5,1412.67822265625,625.20166015625,2785.394287109375,1184.1585693359375,8584.70703125,1592.6583251953125,677.7318725585938,184.31491088867188,296.71673583984375,313.7190246582031,4995.5244140625,1266.177490234375,1437.2374267578125,423.635009765625,1032.4058837890625,546.4802856445312,4192.83203125,1152.9554443359375,4631.5859375,161.1546630859375,1239.5125732421875,741.400390625,558.7959594726562,4688.29541015625,2268.942626953125,1102.2869873046875,1446.670166015625,1355.9127197265625,376.0321350097656,340.8432922363281,3555.30810546875,1587.5887451171875,2484.313232421875,590.749755859375,12522.671875,2281.54150390625,1199.477783203125,348.6233825683594,249.0677490234375,3680.21826171875,1481.43701171875,296.1673889160156,1448.77880859375,1405.567138671875,802.818359375,25133.646484375,1434.7900390625,1070.83544921875,438.6776428222656,3565.86083984375,1225.6561279296875,3371.06005859375,2232.457275390625,9899.130859375,209.66888427734375
2024-05-28,1893.6500244140625,1381.9410400390625,622.3845825195312,2823.117431640625,1180.5672607421875,8576.1689453125,1596.500732421875,675.5253295898438,185.5336151123047,289.7100524902344,316.508056640625,5032.23193359375,1255.908447265625,1438.014892578125,417.80889892578125,1009.3888549804688,549.7549438476562,4327.6748046875,1171.135009765625,4609.99072265625,157.56031799316406,1244.1837158203125,742.75927734375,572.8587036132812,4780.560546875,2279.83740234375,1099.5062255859375,1440.992431640625,1351.9500732421875,373.8534851074219,339.37908935546875,3561.343994140625,1575.161865234375,2487.919189453125,596.1910400390625,12437.771484375,2243.455810546875,1195.4793701171875,344.6151123046875,246.06259155273438,3634.8642578125,1495.1484375,291.3701477050781,1438.8485107421875,1445.9840087890625,800.3628540039062,25350.66796875,1433.66455078125,1078.365478515625,429.6789245605469,3559.2333984375,1212.198486328125,3377.0029296875,2234.541015625,9854.01953125,211.33714294433594
2024-05-29,1879.5999755859375,1391.31494140625,622.8292846679688,2812.402099609375,1156.9737548828125,8652.91796875,1566.80908203125,669.0039672851562,186.89852905273438,292.2940979003906,322.335205078125,5012.3447265625,1236.6666259765625,1451.719970703125,416.7807312011719,1008.4669799804688,534.9708251953125,4382.75390625,1178.0946044921875,4585.30224609375,157.0679473876953,1239.329345703125,731.9855346679688,556.4191284179688,4743.48779296875,2258.380126953125,1075.1639404296875,1441.8812255859375,1337.1131591796875,375.5528564453125,336.23162841796875,3538.563720703125,1573.1971435546875,2469.255859375,593.593017578125,12408.7119140625,2209.669189453125,1207.4259033203125,343.8606262207031,243.86485290527344,3594.681396484375,1489.8255615234375,295.93450927734375,1423.607421875,1408.1588134765625,792.1776733398438,25044.9921875,1447.414794921875,1054.495849609375,425.6958312988281,3525.6328125,1185.790283203125,3348.2783203125,2236.724365234375,9703.4833984375,208.9042510986328
2024-05-30,1874.9000244140625,1365.1663818359375,612.0056762695312,2796.449951171875,1165.1541748046875,8555.896484375,1521.099365234375,650.30517578125,181.68252563476562,288.96466064453125,309.6350402832031,4982.39404296875,1209.1995849609375,1425.524658203125,413.0965881347656,980.1246337890625,530.829345703125,4348.07080078125,1153.1614990234375,4582.93505859375,157.8557586669922,1219.865966796875,735.1642456054688,545.4263916015625,4736.34130859375,2237.446533203125,1086.5789794921875,1428.6004638671875,1315.456787109375,369.3655090332031,336.6797790527344,3538.466064453125,1551.5361328125,2430.12646484375,585.5535278320312,12223.7265625,2161.58349609375,1172.610595703125,339.2393798828125,239.24496459960938,3463.888427734375,1471.08642578125,285.6880798339844,1407.8720703125,1375.5162353515625,795.2590942382812,24784.708984375,1427.988037109375,1050.4599609375,418.3197937011719,3463.02001953125,1143.75830078125,3240.76025390625,2213.899169921875,9553.8642578125,202.48606872558594
2024-05-31,1908.3499755859375,1418.35205078125,626.7337646484375,2794.025390625,1159.3681640625,8666.7978515625,1525.590576171875,658.2908935546875,183.58367919921875,297.0645751953125,308.0412902832031,4964.42333984375,1237.364501953125,1406.668212890625,420.8504638671875,975.0152587890625,525.00244140625,4244.02001953125,1137.08251953125,4573.755859375,159.57907104492188,1212.767578125,743.2688598632812,544.5350952148438,4721.2177734375,2216.179443359375,1093.75,1443.4610595703125,1322.459716796875,371.63128662109375,334.7475280761719,3572.150390625,1554.6307373046875,2442.552490234375,583.8868408203125,12030.9296875,2134.760009765625,1148.278564453125,338.5791931152344,237.13690185546875,3358.948974609375,1456.7130126953125,288.7619934082031,1413.35595703125,1381.845458984375,799.5924072265625,24407.185546875,1428.6732177734375,1043.6190185546875,429.5313720703125,3402.6318359375,1132.3284912109375,3211.0947265625,2162.691162109375,9599.0263671875,203.06532287597656
2024-06-03,2038.0,1562.9599609375,663.0596923828125,2779.7216796875,1220.9703369140625,8905.96484375,1572.6976318359375,679.7024536132812,190.16464233398438,309.5375671386719,308.4397277832031,4952.92236328125,1284.7713623046875,1411.6739501953125,438.9713134765625,983.959228515625,524.7135009765625,4258.50390625,1135.4039306640625,4513.267578125,161.84400939941406,1203.928955078125,762.9964599609375,544.7826538085938,4759.02734375,2241.728271484375,1131.75146484375,1510.45751953125,1321.519775390625,375.02996826171875,342.24761962890625,3793.96728515625,1556.0059814453125,2567.055419921875,582.4651489257812,12105.4970703125,2140.227294921875,1148.351806640625,369.513427734375,254.85377502441406,3374.067138671875,1464.1204833984375,314.5177001953125,1492.32861328125,1386.9287109375,872.1032104492188,25028.873046875,1422.067138671875,1052.3795166015625,449.0041198730469,3432.20068359375,1147.90625,3230.21142578125,2232.903564453125,10135.876953125,205.79945373535156
2024-06-04,1646.0,1232.3992919921875,550.1774291992188,2771.187744140625,1128.5421142578125,8821.345703125,1474.3916015625,639.7984008789062,172.81045532226562,245.03607177734375,289.76300048828125,5103.68212890625,1227.6937255859375,1421.5882568359375,378.6111755371094,974.2208251953125,556.882080078125,4260.720703125,1125.096923828125,4343.73681640625,152.29190063476562,1193.945556640625,719.7800903320312,529.2839965820312,4897.447265625,2375.32421875,1045.3577880859375,1373.9959716796875,1310.0050048828125,368.496826171875,326.2911682128906,3313.095703125,1537.1446533203125,2507.50830078125,602.5147094726562,11814.3125,2126.72216796875,1183.8011474609375,312.4076843261719,211.97447204589844,3301.185546875,1502.187744140625,275.6745300292969,1380.625732421875,1334.45166015625,746.4852905273438,24607.1484375,1399.3616943359375,1069.949462890625,392.99542236328125,3443.462890625,1142.32958984375,3208.172607421875,2194.646484375,9601.736328125,203.04212951660156
2024-06-05,1828.8499755859375,1336.649169921875,591.9894409179688,2872.137939453125,1181.66455078125,9160.490234375,1514.7119140625,671.9476928710938,185.8748321533203,253.7820281982422,304.0569152832031,5258.51513671875,1284.621826171875,1455.024658203125,394.59014892578125,1006.0249633789062,578.1190795898438,4436.65234375,1143.4237060546875,4424.5166015625,163.51808166503906,1230.7197265625,753.0962524414062,546.6148071289062,5218.18310546875,2476.615478515625,1081.6519775390625,1482.0692138671875,1344.2672119140625,381.8983154296875,342.25762939453125,3318.741943359375,1601.7347412109375,2671.287353515625,632.858642578125,12131.1611328125,2207.66015625,1223.8341064453125,321.6031188964844,222.02149963378906,3513.0341796875,1553.205810546875,278.3293151855469,1403.8209228515625,1385.533203125,760.4962768554688,25198.76953125,1455.586669921875,1124.48046875,415.81195068359375,3472.61376953125,1167.7698974609375,3286.124755859375,2333.93017578125,9717.712890625,209.22865295410156
2024-06-06,1865.199951171875,1335.02099609375,603.0106811523438,2816.9111328125,1168.14697265625,9255.126953125,1523.4447021484375,680.7098999023438,186.75230407714844,276.2432556152344,331.4494323730469,5214.236328125,1331.6796875,1435.633544921875,405.2142639160156,1022.41259765625,575.1815795898438,4383.64111328125,1156.5382080078125,4560.517578125,162.0409393310547,1279.9959716796875,756.93017578125,549.8829345703125,5103.60205078125,2426.041748046875,1083.359375,1462.4688720703125,1383.887451171875,386.42462158203125,345.5644836425781,3390.3447265625,1578.894775390625,2631.23193359375,625.3583984375,12296.984375,2277.0087890625,1205.0853271484375,329.8553466796875,226.32737731933594,3638.508544921875,1515.4327392578125,279.86627197265625,1414.5416259765625,1438.1099853515625,786.6887817382812,25352.248046875,1441.298095703125,1122.019775390625,424.41729736328125,3550.427490234375,1214.3646240234375,3290.086669921875,2379.9775390625,9734.0244140625,213.6310272216797
2024-06-07,1864.25,1360.577880859375,614.130859375,2839.118408203125,1183.9591064453125,9278.1171875,1564.613525390625,706.814697265625,191.62705993652344,283.74688720703125,334.6867370605469,5236.37548828125,1333.823486328125,1455.31640625,410.5262756347656,1065.259521484375,590.4953002929688,4457.68896484375,1189.982177734375,4601.34228515625,162.5333251953125,1311.1373291015625,763.5545654296875,557.5084838867188,5147.49755859375,2452.874755859375,1094.384033203125,1473.33056640625,1441.555419921875,389.7528076171875,349.3493957519531,3438.97216796875,1600.801513671875,2784.826416015625,640.2117309570312,12430.3017578125,2310.32763671875,1220.225830078125,340.08819580078125,233.593505859375,3792.052001953125,1532.3570556640625,288.156494140625,1452.4345703125,1421.165771484375,799.207275390625,25788.609375,1474.719970703125,1117.83642578125,436.218994140625,3609.332275390625,1269.80810546875,3411.323974609375,2389.355712890625,10129.1962890625,224.5442657470703
2024-06-10,1880.3499755859375,1365.7091064453125,632.9610595703125,2848.670654296875,1197.12744140625,9285.2724609375,1562.7174072265625,696.7354736328125,193.3527374267578,282.7033386230469,338.57147216796875,5260.19189453125,1355.856689453125,1491.2801513671875,409.2839660644531,1023.8837890625,596.9963989257812,4469.7099609375,1198.7872314453125,4621.39208984375,162.3363800048828,1299.4593505859375,757.7066650390625,563.6981201171875,5276.92626953125,2441.028076171875,1096.4329833984375,1467.1591796875,1409.737060546875,387.75592041015625,347.7457580566406,3449.92431640625,1605.3204345703125,2736.194580078125,638.8882446289062,12339.724609375,2238.03515625,1242.5340576171875,344.1435852050781,232.47219848632812,3688.885009765625,1557.056640625,294.1645812988281,1453.867431640625,1427.5946044921875,800.9887084960938,26937.9375,1480.8365478515625,1115.2772216796875,440.5954284667969,3576.65869140625,1235.472900390625,3389.68115234375,2418.333984375,10480.7080078125,220.2345733642578
2024-06-11,1855.699951171875,1384.8519287109375,632.3679809570312,2841.865478515625,1191.740478515625,9361.2587890625,1565.1624755859375,701.5760498046875,193.47946166992188,293.3873596191406,343.1037292480469,5288.3212890625,1328.2901611328125,1487.3922119140625,408.1272888183594,1015.194580078125,590.8323974609375,4409.80224609375,1185.6531982421875,4598.10546875,165.0345916748047,1308.6644287109375,759.4052734375,566.1738891601562,5336.31494140625,2432.46435546875,1090.9693603515625,1462.419677734375,1405.97705078125,384.29461669921875,342.6361083984375,3503.419189453125,1585.574951171875,2763.483154296875,634.623291015625,12481.4853515625,2235.511474609375,1239.4864501953125,346.50140380859375,245.3898162841797,3677.411376953125,1557.718994140625,294.8632507324219,1439.3179931640625,1423.358642578125,804.5997924804688,26764.03515625,1467.7713623046875,1117.787109375,440.98883056640625,3570.54150390625,1243.8607177734375,3378.29052734375,2423.891357421875,10584.5830078125,220.60531616210938
2024-06-12,1827.3499755859375,1375.477783203125,660.9839477539062,2845.145751953125,1185.0565185546875,9448.5966796875,1575.9910888671875,709.404541015625,191.549072265625,293.3376159667969,337.57537841796875,5213.13330078125,1354.959716796875,1497.79248046875,418.70849609375,1015.8516235351562,596.6593627929688,4387.041015625,1189.7366943359375,4687.00146484375,171.20899963378906,1317.7777099609375,763.94287109375,567.1642456054688,5339.634765625,2406.154296875,1092.2864990234375,1465.579345703125,1396.060302734375,383.6733703613281,341.78948974609375,3534.182861328125,1577.2249755859375,2716.702880859375,617.1719970703125,12467.609375,2241.166015625,1237.2191162109375,350.17950439453125,247.1390838623047,3713.50732421875,1510.183837890625,302.4082946777344,1445.8885498046875,1447.927490234375,808.018310546875,27233.82421875,1474.719970703125,1107.0089111328125,442.2181701660156,3551.5859375,1263.3558349609375,3350.16064453125,2402.108154296875,10692.2822265625,220.99920654296875
2024-06-13,1797.550048828125,1385.838623046875,656.8323974609375,2849.258056640625,1171.838134765625,9466.8662109375,1586.969482421875,716.9923095703125,189.3651580810547,302.0836181640625,336.8283386230469,5155.7724609375,1431.777587890625,1501.2918701171875,418.0230712890625,1034.2987060546875,587.1725463867188,4526.1201171875,1196.7652587890625,4639.50927734375,169.6333770751953,1322.7237548828125,767.1458129882812,587.76318359375,5363.42724609375,2366.855712890625,1080.383544921875,1488.2900390625,1404.28515625,381.8983154296875,343.9010925292969,3605.590576171875,1577.1265869140625,2788.96826171875,599.2793579101562,12465.18359375,2295.887939453125,1244.26513671875,348.9063415527344,248.08099365234375,3733.402099609375,1510.23291015625,299.42755126953125,1447.790771484375,1445.1368408203125,812.6405639648438,27186.20703125,1478.585693359375,1097.1165771484375,444.4309997558594,3594.6875,1280.27001953125,3439.20654296875,2423.09716796875,10817.1650390625,223.640625
2024-06-14,1806.300048828125,1417.7978515625,671.4066162109375,2860.61572265625,1178.2227783203125,9580.6884765625,1588.6162109375,721.5723876953125,189.472412109375,303.8228759765625,333.4914245605469,5169.3818359375,1442.644775390625,1520.9259033203125,417.2091369628906,1020.2747802734375,586.2094116210938,4521.29248046875,1194.6842041015625,4768.6025390625,171.74075317382812,1310.72509765625,774.9835205078125,592.5662841796875,5352.54541015625,2382.56494140625,1078.72509765625,1483.45166015625,1399.5382080078125,382.6527099609375,342.0783386230469,3590.160400390625,1575.8004150390625,2854.16796875,607.2207641601562,12463.58203125,2251.353515625,1239.754638671875,347.4916687011719,247.04937744140625,3715.7724609375,1525.538330078125,299.47412109375,1459.9442138671875,1465.071044921875,808.1145629882812,27232.931640625,1483.6749267578125,1095.000244140625,441.2347106933594,3551.95751953125,1264.139404296875,3496.5068359375,2484.82470703125,10883.9619140625,221.27723693847656
2024-06-18,1814.0,1431.9688720703125,668.3331909179688,2857.580078125,1189.0469970703125,9538.8046875,1594.803955078125,720.8990478515625,193.07972717285156,303.72344970703125,327.0666198730469,5171.490234375,1449.7733154296875,1530.6944580078125,419.00836181640625,1034.2694091796875,578.0709228515625,4497.5458984375,1176.2296142578125,4769.56884765625,172.42022705078125,1316.35791015625,780.2733764648438,595.3887939453125,5307.03515625,2388.810302734375,1095.506103515625,1488.931884765625,1408.2799072265625,380.5226745605469,342.5166015625,3591.523193359375,1553.550048828125,2886.62158203125,611.2894897460938,12187.77734375,2259.297607421875,1243.5823974609375,348.6233825683594,247.408203125,3789.392822265625,1531.817626953125,309.0684509277344,1463.3778076171875,1468.7091064453125,813.6034545898438,27157.875,1488.5191650390625,1109.2236328125,444.23431396484375,3536.245849609375,1264.047119140625,3554.896484375,2452.373046875,10764.162109375,227.9271697998047
2024-06-19,1789.6500244140625,1435.3382568359375,661.0956420898438,2831.340087890625,1223.713623046875,9315.294921875,1591.760009765625,710.996826171875,193.84996032714844,295.2259521484375,330.9513854980469,5137.75390625,1446.2838134765625,1516.114501953125,409.4981689453125,1058.20849609375,576.4817504882812,4413.98974609375,1169.3485107421875,4716.0859375,171.88845825195312,1324.28076171875,804.5628051757812,590.4370727539062,5208.2236328125,2360.70654296875,1116.580078125,1508.9764404296875,1420.6407470703125,375.996337890625,347.9549255371094,3494.901123046875,1544.5615234375,2859.28466796875,610.2600708007812,11878.3994140625,2253.736572265625,1231.7335205078125,341.880126953125,243.59568786621094,3784.468505859375,1529.16845703125,304.8767395019531,1441.2694091796875,1444.4390869140625,821.0182495117188,27139.380859375,1471.9307861328125,1088.2576904296875,435.0388488769531,3523.82568359375,1273.0804443359375,3429.4501953125,2419.22705078125,10644.6044921875,229.7344512939453
2024-06-20,1806.4000244140625,1456.1488037109375,653.5111083984375,2854.64306640625,1236.532958984375,9263.5517578125,1582.87744140625,708.3578491210938,202.96575927734375,291.5983581542969,341.46014404296875,5154.81396484375,1434.369873046875,1501.583251953125,413.953369140625,1042.673828125,578.6007080078125,4437.98193359375,1172.21484375,4712.36572265625,176.15245056152344,1322.08251953125,810.143798828125,584.39599609375,5076.2587890625,2384.9189453125,1128.62939453125,1508.630859375,1424.4476318359375,375.6856994628906,351.8494567871094,3526.7890625,1528.2542724609375,2798.226806640625,616.093505859375,11788.5517578125,2262.662353515625,1238.4136962890625,337.30596923828125,243.86485290527344,3839.425048828125,1536.6494140625,302.31512451171875,1456.1400146484375,1450.7183837890625,812.4960327148438,27391.60546875,1439.6343994140625,1085.9447021484375,436.31732177734375,3510.431640625,1284.0953369140625,3403.30078125,2409.50146484375,10555.201171875,227.2552032470703
2024-06-21,1780.449951171875,1472.1036376953125,651.8256225585938,2830.5078125,1234.48779296875,9234.9404296875,1576.78564453125,704.7177124023438,203.9894561767578,293.2382507324219,344.34881591796875,5108.66552734375,1397.33154296875,1498.375732421875,411.4259033203125,1055.9036865234375,568.1988525390625,4455.81689453125,1180.1954345703125,4682.025390625,173.8284454345703,1326.1126708984375,808.396728515625,577.2910766601562,5027.75244140625,2345.621826171875,1130.434326171875,1507.939697265625,1440.70947265625,372.40191650390625,353.72198486328125,3468.45849609375,1533.4608154296875,2767.77099609375,597.8577880859375,11839.005859375,2270.886962890625,1218.2508544921875,339.33367919921875,241.89132690429688,3884.82763671875,1542.5361328125,303.6192626953125,1436.872314453125,1459.340087890625,805.322021484375,27100.21875,1435.9642333984375,1067.882568359375,431.44915771484375,3532.214111328125,1290.2711181640625,3367.444580078125,2416.894775390625,10322.087890625,227.32472229003906
2024-06-24,1812.3499755859375,1447.0814208984375,652.123046875,2835.59912109375,1225.16015625,9372.470703125,1585.52392578125,699.5416870117188,202.7317657470703,292.89044189453125,340.8625183105469,5077.4697265625,1430.4315185546875,1462.2662353515625,405.8567810058594,1049.67626953125,577.6375122070312,4453.2548828125,1188.7354736328125,4706.568359375,173.15878295898438,1319.701171875,811.6240844726562,575.8502197265625,5094.564453125,2346.486328125,1141.60546875,1471.6519775390625,1435.492431640625,375.6856994628906,353.1044616699219,3465.12255859375,1539.1094970703125,2841.693359375,610.8483276367188,11821.4443359375,2237.6611328125,1233.6839599609375,342.1158752441406,242.11557006835938,3908.12060546875,1524.2138671875,310.1397399902344,1424.2989501953125,1447.9774169921875,801.8554077148438,27016.162109375,1462.6331787109375,1084.6649169921875,428.4004211425781,3537.821533203125,1292.0224609375,3379.925048828125,2421.162109375,10441.7412109375,227.32472229003906
2024-06-25,1797.0999755859375,1443.0184326171875,643.2495727539062,2798.783935546875,1268.4063720703125,9290.43359375,1601.202880859375,698.8107299804688,198.35423278808594,292.0953369140625,337.9240417480469,5129.51171875,1427.0419921875,1457.69775390625,402.0440979003906,1049.4801025390625,571.4734497070312,4472.71533203125,1193.3394775390625,4613.9521484375,173.3163604736328,1326.2041015625,830.5266723632812,587.2280883789062,5081.23828125,2336.87841796875,1168.7772216796875,1476.7371826171875,1449.404052734375,375.6856994628906,354.9670715332031,3520.2646484375,1531.3487548828125,2835.455810546875,603.0048828125,11756.62890625,2250.839111328125,1226.5645751953125,340.323974609375,239.5141143798828,3914.12841796875,1539.6663818359375,304.9698791503906,1436.822998046875,1457.197021484375,811.0516357421875,26916.033203125,1473.1051025390625,1077.4302978515625,423.63055419921875,3557.88916015625,1316.0341796875,3370.119140625,2396.35205078125,10500.021484375,230.2441864013672
2024-06-26,1774.300048828125,1454.5633544921875,651.4290771484375,2803.581787109375,1282.322998046875,9112.2216796875,1598.1070556640625,707.08349609375,200.421142578125,293.9339599609375,350.77362060546875,5196.265625,1425.9453125,1437.6748046875,401.61566162109375,1044.5177001953125,579.6119995117188,4478.6767578125,1191.699951171875,4579.794921875,174.46852111816406,1322.311279296875,825.7463989257812,585.3400268554688,5028.673828125,2349.753662109375,1188.339111328125,1479.0576171875,1448.229248046875,376.2625732421875,358.20416259765625,3535.12939453125,1555.711181640625,2779.027587890625,601.1421508789062,11835.8525390625,2261.260498046875,1235.7318115234375,344.2850341796875,240.1868896484375,3891.180419921875,1557.007568359375,304.31787109375,1495.9844970703125,1446.1334228515625,814.0367431640625,27194.265625,1488.715087890625,1069.85107421875,425.0566101074219,3574.017333984375,1302.484375,3340.701416015625,2358.6904296875,10787.443359375,229.4795684814453
2024-06-27,1808.449951171875,1472.1036376953125,654.9982299804688,2820.71630859375,1285.864501953125,9057.208984375,1600.9532470703125,707.9280395507812,195.2831268310547,295.1265869140625,344.79705810546875,5204.5078125,1433.771728515625,1439.42431640625,400.1591796875,1066.8092041015625,577.2041015625,4456.01416015625,1224.260498046875,4554.7685546875,174.32081604003906,1332.5697021484375,823.1500244140625,589.5136108398438,5058.3681640625,2365.654541015625,1190.1927490234375,1483.8466796875,1478.9195556640625,377.7270202636719,364.658447265625,3497.304931640625,1555.465576171875,2815.52587890625,599.6715698242188,11816.931640625,2282.429443359375,1235.4881591796875,355.69677734375,239.96263122558594,3970.660888671875,1542.2908935546875,308.8356018066406,1512.312744140625,1458.6422119140625,812.7367553710938,27524.1171875,1483.91943359375,1068.571533203125,432.186767578125,3646.594482421875,1320.18212890625,3359.43359375,2326.338134765625,11342.7373046875,236.70872497558594
2024-06-28,1788.800048828125,1464.7703857421875,664.51611328125,2856.16064453125,1262.22119140625,9138.1884765625,1586.023193359375,702.87060546875,198.67596435546875,299.00262451171875,349.72772216796875,5247.8759765625,1419.2156982421875,1439.3271484375,405.38555908203125,1070.6925048828125,578.552490234375,4529.02734375,1256.9385986328125,4515.296875,174.54730224609375,1336.87451171875,817.156494140625,591.30224609375,5145.4228515625,2376.127685546875,1170.3870849609375,1462.1318359375,1472.7158203125,377.1057434082031,359.0707092285156,3481.6552734375,1592.74609375,2793.79248046875,600.9951171875,11676.3359375,2295.934814453125,1244.21630859375,356.8284912109375,245.9729461669922,4177.3388671875,1549.649169921875,308.2767028808594,1546.7474365234375,1487.0484619140625,817.5034790039062,27561.650390625,1488.4212646484375,1080.2354736328125,433.3177490234375,3618.786865234375,1318.4305419921875,3382.8857421875,2346.880859375,11295.4951171875,238.58551025390625
2024-07-01,1776.8499755859375,1461.202880859375,689.0543823242188,2866.686279296875,1258.8792724609375,9167.76171875,1578.0838623046875,718.7938232421875,200.703857421875,300.5431213378906,356.2521057128906,5248.78662109375,1430.2822265625,1437.6748046875,406.7992858886719,1082.382568359375,588.424560546875,4534.59423828125,1247.387451171875,4479.15869140625,175.0298309326172,1345.346923828125,827.5420532226562,596.9663696289062,5167.09375,2406.921630859375,1182.3388671875,1454.5440673828125,1495.322265625,380.7889404296875,360.186279296875,3460.16748046875,1587.5396728515625,2802.7587890625,608.3482055664062,11748.9150390625,2331.77685546875,1252.237548828125,348.71771240234375,244.85162353515625,4428.189453125,1531.228759765625,307.0191955566406,1541.5599365234375,1496.9161376953125,810.7627563476562,28039.248046875,1487.6873779296875,1077.381103515625,428.20367431640625,3687.424560546875,1356.913818359375,3409.96484375,2336.708984375,11524.6884765625,244.3781280517578
2024-07-02,1774.1500244140625,1461.5496826171875,686.427001953125,2864.5322265625,1250.399658203125,9041.62890625,1577.634521484375,707.8145141601562,197.17454528808594,295.3253479003906,355.30584716796875,5177.048828125,1396.035400390625,1446.957275390625,410.4834289550781,1108.930419921875,580.5750732421875,4504.3935546875,1250.63671875,4469.689453125,172.35130310058594,1356.2919921875,839.8687744140625,586.0853271484375,5133.89599609375,2387.75341796875,1161.6063232421875,1427.138427734375,1523.7568359375,377.63824462890625,352.51678466796875,3558.236083984375,1603.994140625,2792.330322265625,591.3380737304688,11684.826171875,2342.291748046875,1240.7054443359375,349.3307189941406,246.5560302734375,4433.7041015625,1513.446044921875,308.1369323730469,1546.5250244140625,1489.989013671875,795.5480346679688,27390.9140625,1491.5531005859375,1087.6671142578125,425.5975036621094,3723.75927734375,1356.9599609375,3378.364013671875,2320.58251953125,11475.6064453125,249.40611267089844
2024-07-03,1775.050048828125,1497.02685546875,686.7741088867188,2864.483154296875,1276.9359130859375,9061.970703125,1592.0152587890625,717.020751953125,205.8418731689453,309.3884582519531,360.03729248046875,5222.5263671875,1430.9801025390625,1442.1944580078125,415.49560546875,1114.2554931640625,587.220703125,4492.2744140625,1261.5621337890625,4533.99365234375,178.693115234375,1356.4752197265625,858.3346557617188,592.3953857421875,5145.5615234375,2411.9658203125,1172.33837890625,1453.1463623046875,1529.7257080078125,380.123291015625,360.7041931152344,3546.31494140625,1601.8330078125,2804.80517578125,595.602783203125,11763.4697265625,2401.452880859375,1244.1431884765625,351.4527282714844,246.4214324951172,4523.96875,1526.5931396484375,312.1889343261719,1533.927001953125,1491.43408203125,808.8368530273438,27080.541015625,1501.2420654296875,1128.3685302734375,426.6793212890625,3675.42138671875,1364.011474609375,3339.210693359375,2297.0126953125,11493.17578125,249.77682495117188
2024-07-04,1766.800048828125,1490.090087890625,676.2647094726562,2873.63818359375,1277.8338623046875,9098.9482421875,1583.576416015625,702.0309448242188,202.84877014160156,309.1399841308594,359.8877868652344,5200.6259765625,1417.4208984375,1439.2784423828125,419.436767578125,1156.974853515625,583.6090087890625,4477.3955078125,1272.0556640625,4531.2880859375,178.2105712890625,1394.348388671875,838.1945190429688,600.146240234375,5125.826171875,2398.129638671875,1202.9737548828125,1440.5167236328125,1551.5802001953125,380.7889404296875,365.3157958984375,3506.037353515625,1728.2623291015625,2829.023681640625,596.1420288085938,11730.4306640625,2414.303955078125,1241.0467529296875,351.7356872558594,248.5294952392578,4679.0888671875,1519.4554443359375,312.0492858886719,1535.5079345703125,1502.7967529296875,808.2108764648438,27154.859375,1524.6815185546875,1117.3934326171875,431.026611328125,3727.050048828125,1344.9774169921875,3315.112548828125,2347.97265625,11384.703125,245.93055725097656
2024-07-05,1754.300048828125,1486.9188232421875,680.13134765625,2874.616943359375,1283.9691162109375,9267.20703125,1577.4847412109375,705.088134765625,199.21218872070312,314.4571533203125,369.26409912109375,5316.16357421875,1427.291259765625,1467.6121826171875,421.1075134277344,1151.375244140625,584.090576171875,4561.78955078125,1280.0362548828125,4577.4755859375,183.35098266601562,1391.646728515625,799.8311157226562,603.5247802734375,5125.548828125,2447.179443359375,1203.3641357421875,1431.9306640625,1548.572265625,384.87152099609375,369.0708923339844,3558.873779296875,1738.9700927734375,2827.94384765625,603.2990112304688,11744.451171875,2457.015869140625,1255.1875,358.1960144042969,258.53173828125,4699.130859375,1520.6082763671875,316.1478271484375,1569.695556640625,1524.3756103515625,827.9033813476562,27223.734375,1534.9576416015625,1119.5589599609375,434.6823425292969,3718.56884765625,1347.0050048828125,3248.880126953125,2411.684814453125,11317.0341796875,247.9695281982422
2024-07-08,1756.449951171875,1461.99560546875,677.7023315429688,2837.655029296875,1284.76708984375,9164.876953125,1567.997314453125,701.1616821289062,199.34869384765625,326.3337707519531,365.7230529785156,5337.00927734375,1407.8995361328125,1445.402099609375,422.6496887207031,1148.491943359375,600.4637451171875,4398.71728515625,1282.814208984375,4594.04736328125,185.19247436523438,1404.46923828125,793.6434326171875,616.989501953125,5073.7685546875,2485.755615234375,1204.973876953125,1435.724609375,1561.9200439453125,393.7023010253906,369.1705017089844,3563.632568359375,1747.5167236328125,2799.228515625,628.7408447265625,11666.3916015625,2438.93115234375,1269.4503173828125,355.979736328125,268.35443115234375,4516.97607421875,1505.5234375,316.1478271484375,1581.8243408203125,1509.9730224609375,824.5330810546875,26892.001953125,1523.2135009765625,1132.748779296875,428.2601623535156,3701.32861328125,1352.765869140625,3136.4384765625,2380.02734375,11213.2080078125,250.79632568359375
2024-07-09,1756.300048828125,1464.67138671875,671.8528442382812,2844.3623046875,1286.3134765625,9169.396484375,1579.4820556640625,698.1785278320312,195.7316131591797,327.4767150878906,362.082275390625,5433.138671875,1399.2757568359375,1469.701904296875,423.07806396484375,1129.8978271484375,606.9649047851562,4485.1796875,1292.3751220703125,4665.79248046875,184.88720703125,1402.36279296875,794.2015991210938,619.72216796875,5154.2294921875,2488.637939453125,1217.8524169921875,1431.9306640625,1557.68994140625,401.6899719238281,368.1047668457031,3597.0908203125,1782.7342529296875,2872.023193359375,625.3093872070312,12446.6025390625,2430.47265625,1283.932373046875,355.6024475097656,266.8294677734375,4577.62939453125,1527.5496826171875,317.77789306640625,1571.3260498046875,1519.7408447265625,829.39599609375,27468.59375,1551.5950927734375,1124.2835693359375,433.6943054199219,3694.19091796875,1351.060791015625,3195.019287109375,2419.673583984375,11307.0146484375,250.70362854003906
2024-07-10,1755.6500244140625,1474.383056640625,659.31103515625,2933.903564453125,1288.55810546875,9177.4287109375,1580.4307861328125,696.8845825195312,187.61024475097656,325.9362487792969,356.8455505371094,5516.2333984375,1416.77294921875,1470.819580078125,420.46490478515625,1111.94091796875,608.4096069335938,4568.93310546875,1294.2796630859375,4685.5517578125,185.7833251953125,1382.9910888671875,789.1544799804688,628.7648315429688,5080.0859375,2508.142578125,1212.92529296875,1423.64404296875,1549.32421875,400.6693115234375,364.5190124511719,3581.3427734375,1794.6697998046875,2682.060302734375,633.4468383789062,12393.333984375,2434.76953125,1275.8135986328125,359.70501708984375,267.4573974609375,4499.4560546875,1550.9736328125,322.34222412109375,1565.3480224609375,1553.6790771484375,817.5515747070312,27596.310546875,1564.4644775390625,1132.748779296875,432.11346435546875,3623.421630859375,1348.8486328125,3204.8076171875,2421.7080078125,11262.9189453125,248.17807006835938
2024-07-11,1747.050048828125,1470.468505859375,673.3399658203125,2958.968994140625,1293.6458740234375,9104.671875,1585.7236328125,686.5473022460938,191.7928009033203,330.6570739746094,353.6536560058594,5521.74462890625,1400.57177734375,1463.8212890625,428.4329528808594,1091.228515625,606.1461791992188,4515.28173828125,1294.71142578125,4665.74365234375,189.72232055664062,1384.77685546875,787.1161499023438,630.25537109375,5096.224609375,2506.60546875,1208.291015625,1427.43798828125,1553.5072021484375,407.0594482421875,367.4373779296875,3552.93798828125,1785.2391357421875,2648.73095703125,632.1723022460938,12337.4443359375,2444.604248046875,1264.4766845703125,355.6496276855469,273.3779602050781,4558.23486328125,1550.8756103515625,319.3148498535156,1561.815673828125,1553.6790771484375,824.9664306640625,27464.935546875,1548.0230712890625,1113.653076171875,435.1269226074219,3636.908447265625,1346.313720703125,3228.260009765625,2456.888427734375,11186.1494140625,247.50611877441406
2024-07-12,1735.25,1473.292724609375,670.712646484375,2936.546875,1315.160888671875,9070.0,1595.111083984375,691.8814086914062,187.7760009765625,323.8988037109375,349.8632507324219,5546.42431640625,1376.54443359375,1469.701904296875,425.1344299316406,1172.4600830078125,606.772216796875,4472.71533203125,1319.193115234375,4696.712890625,192.49932861328125,1429.0159912109375,787.50439453125,631.5471801757812,5115.26708984375,2519.47998046875,1202.876220703125,1432.230224609375,1609.012939453125,407.4144287109375,365.11663818359375,3580.656005859375,1766.0341796875,2654.52294921875,637.3685302734375,12189.28125,2569.111328125,1272.1810302734375,355.69677734375,275.4861145019531,4746.16650390625,1544.1058349609375,319.5943298339844,1577.6990966796875,1557.7156982421875,827.8552856445312,27359.017578125,1548.5628662109375,1134.176025390625,428.85296630859375,3878.136474609375,1387.28564453125,3209.62744140625,2420.9140625,11231.98828125,259.57794189453125
2024-07-15,1741.0999755859375,1481.5675048828125,678.3468017578125,2894.787109375,1305.3267822265625,9303.3193359375,1600.0543212890625,697.7537841796875,190.42787170410156,323.40185546875,358.2420349121094,5568.13232421875,1409.2457275390625,1474.7076416015625,426.4623718261719,1160.3681640625,609.083740234375,4508.2861328125,1333.976318359375,4716.666015625,191.7804718017578,1437.62548828125,787.213134765625,634.0314331054688,5170.091796875,2517.606689453125,1199.9979248046875,1441.7149658203125,1604.5950927734375,411.2751159667969,367.2481384277344,3582.863525390625,1800.41650390625,2681.127685546875,640.1627197265625,12268.3115234375,2613.176025390625,1270.279296875,363.7132568359375,289.30072021484375,4732.34716796875,1555.560546875,320.2929382324219,1578.1932373046875,1608.1494140625,848.7033081054688,27310.91015625,1557.300537109375,1130.7802734375,434.0895080566406,3864.464111328125,1381.7552490234375,3204.0126953125,2432.2275390625,11455.955078125,259.369384765625
2024-07-16,1759.949951171875,1485.531494140625,679.4869384765625,2912.3623046875,1301.8824462890625,9346.5986328125,1607.3946533203125,697.29443359375,193.4599609375,318.0350341796875,352.5065612792969,5618.5927734375,1403.9615478515625,1468.0982666015625,439.05706787109375,1156.621826171875,617.3185424804688,4503.75341796875,1312.509521484375,4750.24365234375,192.37132263183594,1437.5799560546875,786.07275390625,642.6766357421875,5144.0390625,2583.085693359375,1209.705810546875,1443.5618896484375,1622.454833984375,413.18328857421875,359.62847900390625,3568.0966796875,1820.446044921875,2706.357666015625,654.2807006835938,12264.0419921875,2672.947265625,1276.8662109375,358.80908203125,289.435302734375,4757.96142578125,1557.5963134765625,318.9888916015625,1557.4681396484375,1616.0235595703125,848.0773315429688,27597.646484375,1550.5264892578125,1157.799560546875,431.6688537597656,3873.03759765625,1397.563232421875,3213.801025390625,2436.742919921875,11286.587890625,259.369384765625
2024-07-18,1747.550048828125,1480.427978515625,684.344970703125,2870.358154296875,1307.2738037109375,9257.9736328125,1649.038818359375,702.3223266601562,191.0225830078125,306.7050476074219,342.3323669433594,5627.36279296875,1445.486328125,1464.4532470703125,432.8882141113281,1176.373291015625,621.07470703125,4517.5478515625,1316.7457275390625,4774.39990234375,193.60226440429688,1460.477783203125,783.6704711914062,644.8131103515625,5074.0458984375,2631.077880859375,1219.8525390625,1454.5440673828125,1652.5341796875,417.3546142578125,363.9014587402344,3587.376953125,1793.0166015625,2767.91162109375,671.43798828125,12268.408203125,2705.219970703125,1286.5382080078125,356.26263427734375,297.5536804199219,4832.6796875,1566.5489501953125,317.8710632324219,1567.7689208984375,1654.3472900390625,860.4513549804688,27750.73046875,1565.2041015625,1160.2589111328125,424.80206298828125,4000.117431640625,1418.90185546875,3241.675537109375,2389.30615234375,11275.50390625,265.6253967285156
2024-07-19,1723.300048828125,1456.0498046875,672.1007080078125,2884.555419921875,1290.2513427734375,9027.009765625,1638.053466796875,684.7692260742188,187.62974548339844,292.2940979003906,334.3525695800781,5633.54443359375,1423.0927734375,1443.8955078125,418.1087951660156,1173.656494140625,612.1759643554688,4453.50146484375,1310.5247802734375,4687.0498046875,188.55047607421875,1460.477783203125,780.0307006835938,631.89501953125,5005.34326171875,2620.125,1218.24267578125,1430.133544921875,1685.3394775390625,421.1708984375,363.2732849121094,3550.38671875,1762.82470703125,2699.0439453125,655.5552978515625,12152.2158203125,2743.69873046875,1272.2381591796875,343.90777587890625,286.744140625,4524.03369140625,1537.77783203125,309.44110107421875,1536.6195068359375,1642.286865234375,856.406982421875,26981.892578125,1540.0704345703125,1155.0087890625,409.19122314453125,3997.190673828125,1400.1722412109375,3238.594970703125,2386.279296875,10898.9677734375,258.21087646484375
2024-07-22,1715.25,1454.1173095703125,681.2219848632812,2873.05078125,1280.41748046875,9049.755859375,1628.9656982421875,680.0228881835938,192.98223876953125,303.02777099609375,334.502197265625,5643.03271484375,1399.8018798828125,1448.2694091796875,420.8504638671875,1191.789794921875,615.8031616210938,4468.28076171875,1337.1658935546875,4693.4755859375,189.9882049560547,1444.4949951171875,797.1377563476562,633.3856201171875,5038.03466796875,2628.099853515625,1210.9254150390625,1421.0982666015625,1702.1651611328125,414.07080078125,350.50006103515625,3582.71630859375,1781.2259521484375,2753.48046875,654.9669799804688,12265.69140625,2793.539794921875,1267.0716552734375,352.2543640136719,287.7757263183594,4697.3076171875,1545.430419921875,315.4026184082031,1482.793701171875,1615.82421875,844.3218383789062,27610.505859375,1558.4298095703125,1171.34228515625,418.9726867675781,3983.20751953125,1404.068359375,3234.0732421875,2407.66552734375,11148.15234375,234.3916778564453
2024-07-23,1720.300048828125,1493.7564697265625,685.4356079101562,2836.627197265625,1261.1986083984375,9023.5966796875,1616.68212890625,664.4996948242188,190.62286376953125,305.4627380371094,336.1978759765625,5697.56689453125,1392.12158203125,1455.9482421875,417.251953125,1212.021728515625,630.9407348632812,4460.595703125,1355.74951171875,4753.5771484375,194.9415283203125,1475.1827392578125,785.4175415039062,639.894287109375,5084.51220703125,2657.932861328125,1196.8759765625,1410.9146728515625,1726.6517333984375,436.8355712890625,352.7635498046875,3471.450927734375,1775.9967041015625,2769.77685546875,659.37890625,12253.853515625,2804.424560546875,1264.2554931640625,360.6953125,281.8103332519531,4747.79443359375,1558.2093505859375,311.3506164550781,1470.1707763671875,1589.6104736328125,831.899658203125,27905.1875,1572.4200439453125,1221.99560546875,411.4637145996094,3997.144287109375,1402.0498046875,3445.143310546875,2453.415283203125,11177.2919921875,231.9587860107422
2024-07-24,1716.0,1471.4100341796875,676.5621948242188,2851.99951171875,1237.237548828125,8905.974609375,1577.1351318359375,652.651123046875,183.38870239257812,307.2516784667969,347.1202087402344,5587.109375,1385.3885498046875,1461.391357421875,423.07806396484375,1242.37451171875,613.385009765625,4484.8349609375,1346.8922119140625,4749.51904296875,198.16165161132812,1461.66162109375,778.4534301757812,668.5625610351562,4996.16650390625,2610.564697265625,1193.21728515625,1394.3914794921875,1723.878662109375,438.47747802734375,348.2366027832031,3453.201171875,1791.43798828125,2754.216796875,645.0648193359375,12116.267578125,2740.166015625,1244.593017578125,370.2679748535156,286.6543884277344,4756.03662109375,1532.8177490234375,314.0519714355469,1477.8778076171875,1627.5853271484375,820.4404296875,27300.55859375,1589.94482421875,1197.057861328125,414.9217834472656,4000.76708984375,1439.5091552734375,3456.62109375,2430.9375,11087.8408203125,231.75025939941406
2024-07-25,1820.5,1473.590087890625,670.1177978515625,2840.83740234375,1173.990478515625,8923.333984375,1569.8448486328125,656.6615600585938,181.17555236816406,309.63690185546875,360.9352111816406,5587.205078125,1360.202392578125,1458.0380859375,423.2494201660156,1239.942138671875,610.5316162109375,4480.30224609375,1353.4190673828125,4735.314453125,201.5491943359375,1465.26123046875,784.5440673828125,678.8474731445312,4982.74951171875,2601.100830078125,1168.728515625,1376.869873046875,1715.3250732421875,434.83868408203125,354.00994873046875,3551.0244140625,1776.3419189453125,2760.0087890625,661.7809448242188,12137.5654296875,2716.05712890625,1214.842041015625,369.8435363769531,301.2315979003906,4655.9013671875,1533.1383056640625,316.19439697265625,1474.6173095703125,1689.830322265625,817.0701293945312,27233.52734375,1635.450439453125,1189.6202392578125,418.28106689453125,4015.8642578125,1436.4111328125,3384.4755859375,2430.689453125,11076.3203125,234.87826538085938
2024-07-26,1803.699951171875,1528.8372802734375,680.5279541015625,2888.569580078125,1175.4381103515625,9129.7734375,1584.325439453125,670.6881713867188,187.67848205566406,315.3515930175781,367.5683898925781,5628.60791015625,1407.3828125,1530.8887939453125,436.8294372558594,1244.25732421875,611.7407836914062,4720.3291015625,1358.4451904296875,4843.39111328125,194.9809112548828,1509.33154296875,785.2962646484375,698.920166015625,5052.55810546875,2604.800048828125,1177.802001953125,1401.6297607421875,1766.130859375,445.7107849121094,361.7276916503906,3610.630859375,1816.1539306640625,2835.012451171875,666.4378662109375,12287.474609375,2892.88818359375,1213.0054931640625,373.7574768066406,297.4639587402344,4711.0771484375,1545.8587646484375,320.6189880371094,1491.044189453125,1745.19775390625,830.5033569335938,27315.171875,1683.0177001953125,1194.6129150390625,439.3754577636719,4076.578369140625,1446.8790283203125,3472.2724609375,2488.943359375,11300.4794921875,243.1964111328125
2024-07-29,1836.25,1534.733642578125,674.0339965820312,2893.024658203125,1168.1500244140625,9192.046875,1614.9844970703125,672.9305419921875,213.3880157470703,321.0662841796875,360.9352111816406,5652.3779296875,1429.776123046875,1510.4283447265625,438.800048828125,1238.3240966796875,620.107421875,4851.62451171875,1350.8221435546875,4794.8369140625,197.94500732421875,1506.562744140625,778.9387817382812,692.4611206054688,5002.25390625,2605.328369140625,1183.1680908203125,1409.217529296875,1758.799072265625,440.2525329589844,357.7491760253906,3703.8916015625,1836.3311767578125,2879.385986328125,669.6732177734375,12372.7138671875,2799.125732421875,1209.7734375,371.4939270019531,298.630126953125,4716.65380859375,1553.9940185546875,318.8957214355469,1501.987060546875,1740.961669921875,839.3143920898438,26989.32421875,1691.853759765625,1182.55517578125,436.9548034667969,4070.307373046875,1432.0452880859375,3390.338623046875,2465.72119140625,11494.822265625,243.0110626220703
2024-07-30,1832.4000244140625,1532.3057861328125,668.68017578125,2942.323974609375,1168.10009765625,9198.4892578125,1640.4503173828125,674.0318603515625,214.26547241210938,315.4510192871094,358.541259765625,5599.28125,1414.265380859375,1486.080078125,444.96881103515625,1238.2359619140625,613.1431884765625,4840.29345703125,1343.7322998046875,4784.78759765625,198.76234436035156,1504.6246337890625,784.034423828125,692.8088989257812,5020.6513671875,2585.919921875,1179.997314453125,1427.3880615234375,1764.4859619140625,434.7942810058594,356.19366455078125,3713.408935546875,1837.6632080078125,2868.685546875,667.6633911132812,12491.1875,2783.323486328125,1203.5782470703125,383.80169677734375,297.73309326171875,4714.6796875,1556.0401611328125,325.8352966308594,1495.1199951171875,1715.39599609375,840.469970703125,27065.076171875,1670.59814453125,1176.156982421875,438.7826232910156,4055.67431640625,1443.9686279296875,3446.534423828125,2477.72900390625,11497.4033203125,241.66720581054688
2024-07-31,1847.199951171875,1555.7425537109375,674.1331787109375,3020.06640625,1164.2064208984375,9294.5205078125,1649.438232421875,672.3872680664062,212.6177978515625,313.3142395019531,361.4339294433594,5543.9326171875,1413.0185546875,1501.0487060546875,447.41064453125,1236.764892578125,614.88427734375,4850.984375,1333.1370849609375,4795.271484375,198.31919860839844,1516.0228271484375,784.1315307617188,710.9937133789062,5061.36572265625,2599.611328125,1185.3145751953125,1425.4912109375,1756.1201171875,439.6312561035156,360.5411071777344,3743.187744140625,1886.3551025390625,2854.646728515625,660.8984985351562,12726.142578125,2761.792236328125,1202.941650390625,392.33685302734375,299.7962951660156,4769.65673828125,1571.028564453125,324.34490966796875,1487.4869384765625,1747.888916015625,840.0848388671875,27487.28515625,1688.0247802734375,1170.30029296875,448.1689147949219,4074.255859375,1459.3184814453125,3437.292724609375,2511.7685546875,11576.0400390625,241.8988800048828
2024-08-01,1901.949951171875,1575.8099365234375,658.319580078125,3034.6552734375,1170.396484375,9358.2841796875,1632.61083984375,668.9002685546875,208.3572540283203,306.6056823730469,353.8531494140625,5491.89013671875,1387.1341552734375,1502.8953857421875,463.0041198730469,1232.9696044921875,622.4288940429688,4845.76171875,1360.28173828125,4801.16552734375,197.68898010253906,1514.1309814453125,795.3178100585938,709.1055908203125,4990.20751953125,2609.123779296875,1180.63134765625,1417.553955078125,1741.4095458984375,438.1669006347656,357.4998779296875,3708.159912109375,1927.3017578125,2776.697998046875,661.682861328125,12962.166015625,2725.98681640625,1216.482666015625,399.3631286621094,306.5690612792969,4734.2724609375,1538.931640625,336.3611145019531,1497.2445068359375,1761.4442138671875,830.696044921875,27515.080078125,1683.9503173828125,1189.3961181640625,458.8395690917969,4085.1728515625,1449.9771728515625,3446.634033203125,2564.564208984375,11670.79296875,241.6903533935547
2024-08-02,1881.4000244140625,1573.6793212890625,647.2153930664062,3041.85205078125,1158.9649658203125,9248.357421875,1621.2760009765625,664.292236328125,207.20680236816406,299.7976989746094,355.1997375488281,5482.49755859375,1381.59814453125,1498.58251953125,449.3812561035156,1196.150634765625,607.0010986328125,4948.220703125,1375.3302001953125,4567.2333984375,194.69532775878906,1485.2890625,805.1937255859375,702.9447021484375,4899.4951171875,2587.025146484375,1167.411376953125,1402.0291748046875,1711.8939208984375,434.08428955078125,359.6537170410156,3596.6982421875,1935.343017578125,2699.387451171875,649.4276733398438,12464.9462890625,2649.888671875,1221.918701171875,395.82647705078125,296.118408203125,4576.24755859375,1545.2178955078125,333.70635986328125,1481.459716796875,1739.167724609375,816.4441528320312,27046.248046875,1700.1007080078125,1174.9266357421875,454.83807373046875,3979.212646484375,1415.47509765625,3440.671875,2549.876708984375,11456.55078125,232.70025634765625
2024-08-05,1768.75,1480.37841796875,630.7078247070312,3028.829345703125,1131.6593017578125,9122.22265625,1565.6005859375,651.6188354492188,197.17454528808594,289.8591003417969,339.5394287109375,5532.0615234375,1343.44482421875,1485.104248046875,434.21624755859375,1160.1578369140625,613.2399291992188,4785.33740234375,1345.29248046875,4518.001953125,189.90943908691406,1442.0030517578125,784.1315307617188,706.4226684570312,4815.61083984375,2609.4599609375,1144.0445556640625,1387.203125,1646.7532958984375,431.3329772949219,353.7108459472656,3461.590087890625,1922.2696533203125,2629.97998046875,658.9867553710938,11950.1923828125,2532.39892578125,1229.6563720703125,389.7433166503906,278.3117980957031,4477.79052734375,1515.093017578125,319.3148498535156,1430.079345703125,1716.5421142578125,781.5851440429688,26589.90234375,1689.006591796875,1180.58642578125,429.5939636230469,3860.29345703125,1367.26611328125,3354.8125,2474.40478515625,11118.390625,224.75279235839844
2024-08-06,1749.5999755859375,1480.6260986328125,620.1985473632812,3037.00537109375,1124.2713623046875,9066.779296875,1562.00537109375,645.8550415039062,196.04359436035156,285.7843017578125,333.6543273925781,5684.10400390625,1331.973876953125,1501.62109375,428.04742431640625,1159.9512939453125,608.548828125,4785.93212890625,1344.3741455078125,4496.8896484375,188.45199584960938,1460.7847900390625,777.0703125,675.3197631835938,4806.22802734375,2642.271240234375,1138.4346923828125,1378.766845703125,1646.0013427734375,431.5992431640625,353.09259033203125,3508.8828125,1885.269775390625,2584.82080078125,616.1915283203125,11881.875,2519.79541015625,1228.4810791015625,391.3937683105469,274.5890197753906,4441.123046875,1506.3660888671875,317.4053039550781,1438.7003173828125,1668.9989013671875,768.15185546875,25863.146484375,1676.43994140625,1167.0029296875,431.47125244140625,3875.2978515625,1392.66162109375,3314.21826171875,2459.965087890625,11028.84765625,226.838134765625
2024-08-07,1772.5,1529.8779296875,637.796630859375,3036.711669921875,1134.9541015625,9336.8369140625,1569.295654296875,655.614501953125,198.51022338867188,302.7296447753906,345.9731140136719,5666.9189453125,1374.2169189453125,1522.84326171875,455.3786315917969,1183.6971435546875,618.3180541992188,4903.85693359375,1367.865234375,4491.27197265625,189.76170349121094,1471.721923828125,787.892578125,691.8649291992188,4868.79296875,2636.5068359375,1143.898193359375,1342.974853515625,1684.11767578125,437.2349853515625,354.2891540527344,3569.764892578125,1967.8536376953125,2631.84521484375,636.339111328125,12117.337890625,2602.816162109375,1235.4842529296875,395.7188415527344,295.2213439941406,4615.53173828125,1554.487060546875,327.93115234375,1447.3707275390625,1680.162109375,778.6962280273438,24869.546875,1702.849609375,1180.7833251953125,425.1478576660156,3902.47265625,1383.5079345703125,3305.423828125,2554.987548828125,11241.0439453125,230.49905395507812
2024-08-08,1778.1500244140625,1505.301513671875,633.0377807617188,2942.66650390625,1136.3018798828125,9272.49609375,1537.9876708984375,650.1864624023438,194.19117736816406,296.02105712890625,338.2925720214844,5577.45068359375,1346.8363037109375,1538.9190673828125,448.4815673828125,1149.9375,616.5770874023438,4792.822265625,1370.225341796875,4471.48779296875,190.8252410888672,1437.8037109375,797.2105102539062,705.8760375976562,4792.38671875,2626.081787109375,1136.239501953125,1345.121337890625,1638.5284423828125,439.0987548828125,353.5313415527344,3486.6591796875,2023.4521484375,2633.90673828125,639.4764404296875,11967.8232421875,2525.953857421875,1218.9803466796875,387.54400634765625,289.4801330566406,4551.62109375,1562.1046142578125,319.1751403808594,1431.8577880859375,1700.6944580078125,778.1184692382812,23923.064453125,1705.4024658203125,1159.8175048828125,412.9457702636719,3876.551513671875,1376.7481689453125,3275.85986328125,2509.833251953125,10963.3095703125,225.81863403320312
2024-08-09,1780.8499755859375,1519.9681396484375,626.5933227539062,2977.1318359375,1140.894287109375,9392.37890625,1558.110595703125,653.7426147460938,194.503173828125,300.5966796875,336.0981750488281,5573.22705078125,1345.240234375,1543.6241455078125,453.9221496582031,1156.48876953125,603.51904296875,4788.3115234375,1385.076171875,4719.34521484375,194.547607421875,1467.43017578125,800.8502197265625,697.9761962890625,4837.25537109375,2639.533203125,1143.0689697265625,1347.6173095703125,1664.4718017578125,440.11944580078125,352.9131164550781,3524.4345703125,2085.365234375,2698.896728515625,640.2117309570312,11973.0634765625,2597.56494140625,1226.6199951171875,390.34814453125,298.3161315917969,4638.134765625,1544.7740478515625,322.29559326171875,1456.73291015625,1719.4326171875,793.7665405273438,24074.869140625,1703.6842041015625,1167.5443115234375,412.7481384277344,3928.764892578125,1414.5361328125,3310.839599609375,2561.835205078125,11004.5498046875,227.67227172851562
2024-08-12,1798.300048828125,1487.8602294921875,630.0138549804688,2989.468994140625,1162.409423828125,9339.3857421875,1556.912353515625,652.7498779296875,192.11453247070312,297.115234375,336.995849609375,5481.42919921875,1345.340087890625,1554.89697265625,448.9100341796875,1155.7315673828125,600.036865234375,4848.83544921875,1360.0052490234375,4698.046875,198.1715087890625,1463.0921630859375,805.65478515625,698.02587890625,4934.470703125,2640.974365234375,1154.09033203125,1348.66552734375,1689.5224609375,438.96563720703125,353.491455078125,3504.712890625,2069.628173828125,2667.972412109375,632.0253295898438,12021.10546875,2580.760009765625,1211.14453125,381.0326843261719,306.1654357910156,4615.28515625,1504.6651611328125,317.77789306640625,1443.2208251953125,1699.3988037109375,782.4998779296875,24185.59765625,1702.2606201171875,1152.4351806640625,413.1433410644531,3898.012939453125,1419.9815673828125,3300.0576171875,2558.411376953125,11006.984375,226.62960815429688
2024-08-13,1825.6500244140625,1470.072021484375,619.058349609375,2960.4375,1157.7169189453125,9301.63671875,1541.283203125,638.614501953125,189.21636962890625,288.4116516113281,336.2477722167969,5501.5751953125,1311.5758056640625,1552.1522216796875,447.02508544921875,1150.458740234375,586.0116577148438,4819.88671875,1372.2198486328125,4691.64794921875,199.1168670654297,1469.9219970703125,778.0408935546875,680.6857299804688,4872.833984375,2633.960205078125,1149.7113037109375,1348.416015625,1689.5693359375,434.883056640625,349.40325927734375,3484.942138671875,2069.67724609375,2668.365234375,647.6138916015625,11926.0986328125,2574.697265625,1216.825439453125,376.6125183105469,301.3212890625,4651.45947265625,1502.347900390625,313.86566162109375,1446.1851806640625,1676.873046875,768.0073852539062,23985.04296875,1708.3968505859375,1160.3096923828125,403.36187744140625,3899.221435546875,1411.438232421875,3362.364990234375,2615.772216796875,10976.1650390625,227.30154418945312
2024-08-14,1808.300048828125,1448.7659912109375,617.8685913085938,2962.689697265625,1151.2275390625,9376.6533203125,1527.102294921875,637.967529296875,186.65220642089844,288.4613952636719,326.8216552734375,5494.439453125,1340.60205078125,1532.890625,432.4169616699219,1154.895263671875,584.609130859375,4621.8095703125,1343.1201171875,4624.2373046875,199.63877868652344,1500.8404541015625,780.2733764648438,682.0272216796875,4712.07861328125,2615.368896484375,1143.1181640625,1335.9361572265625,1713.821044921875,436.8355712890625,348.5755920410156,3478.46630859375,2046.29345703125,2695.068115234375,637.515625,11954.89453125,2595.989501953125,1211.8792724609375,376.755126953125,294.3691101074219,4702.341796875,1494.28662109375,310.6519775390625,1444.43115234375,1686.541015625,773.2554931640625,24116.830078125,1709.918701171875,1149.236083984375,400.59539794921875,3990.5478515625,1431.153564453125,3380.848388671875,2585.702392578125,10714.59375,229.45639038085938
2024-08-16,1831.0,1479.9818115234375,635.0206298828125,2984.524169921875,1164.9552001953125,9509.904296875,1547.824462890625,651.0458984375,188.22409057617188,294.97662353515625,340.0880432128906,5562.88720703125,1365.6884765625,1544.9473876953125,443.3204345703125,1195.560302734375,597.3768920898438,4593.95166015625,1341.6488037109375,4707.03515625,200.564453125,1539.6964111328125,792.0662841796875,685.0580444335938,4763.77490234375,2640.5419921875,1168.3096923828125,1361.944091796875,1747.378173828125,446.11016845703125,354.438720703125,3501.180908203125,2058.232177734375,2788.527587890625,648.1040649414062,11962.38671875,2779.40869140625,1236.7818603515625,378.37109375,295.6698303222656,4794.185546875,1507.4014892578125,318.0250549316406,1460.58642578125,1683.3516845703125,782.0183715820312,24417.95703125,1710.99853515625,1169.119140625,408.69720458984375,4102.77734375,1488.328369140625,3423.181640625,2580.492431640625,11000.0234375,239.2342987060547
2024-08-19,1898.0,1482.954833984375,628.27880859375,3012.08642578125,1151.3773193359375,9396.8994140625,1549.0228271484375,653.559814453125,188.64654541015625,292.19146728515625,343.92828369140625,5565.65478515625,1346.2877197265625,1544.359375,451.71441650390625,1192.1473388671875,600.9557495117188,4629.64111328125,1364.9029541015625,4702.443359375,199.59938049316406,1549.156494140625,791.7993774414062,681.38134765625,4820.2548828125,2635.0654296875,1157.140869140625,1345.4207763671875,1752.8773193359375,445.04510498046875,355.24639892578125,3488.131103515625,2041.212158203125,2714.60400390625,656.0454711914062,11900.19140625,2843.142333984375,1225.8609619140625,383.17144775390625,300.78302001953125,4811.310546875,1507.03173828125,319.6217041015625,1475.65625,1666.05859375,783.5591430664062,24622.17578125,1715.9566650390625,1158.9315185546875,413.7855529785156,4171.482421875,1497.1065673828125,3443.156005859375,2587.786376953125,11019.1572265625,240.8562469482422
2024-08-20,1924.5999755859375,1479.090087890625,621.0908203125,3038.42529296875,1166.1033935546875,9405.6025390625,1599.95458984375,664.015625,193.4506378173828,294.8274230957031,345.87335205078125,5597.9853515625,1384.3411865234375,1531.95947265625,453.9642639160156,1203.0855712890625,602.6968383789062,4682.43212890625,1375.567138671875,4770.7822265625,200.59397888183594,1556.7706298828125,794.783935546875,706.12451171875,4871.81201171875,2643.232177734375,1160.6341552734375,1379.06640625,1759.8330078125,442.69317626953125,360.0924377441406,3505.44873046875,2067.3095703125,2720.641845703125,655.8003540039062,11964.00390625,2872.980224609375,1233.3782958984375,386.16571044921875,296.118408203125,4871.17431640625,1511.88818359375,319.8095703125,1483.1416015625,1755.5137939453125,789.9146728515625,24504.857421875,1734.16845703125,1152.8287353515625,417.24365234375,4202.41943359375,1528.979736328125,3453.142822265625,2616.169189453125,11052.609375,243.12693786621094
2024-08-21,1920.8499755859375,1489.94140625,623.8668823242188,3085.765869140625,1172.492919921875,9475.13671875,1618.779296875,665.3145751953125,200.19012451171875,295.07611083984375,354.1025085449219,5667.45263671875,1396.8594970703125,1563.0819091796875,460.5409851074219,1198.1866455078125,613.5784301757812,4858.55029296875,1394.7432861328125,4800.38427734375,200.15084838867188,1548.0028076171875,789.0089111328125,719.9866333007812,4909.24951171875,2681.80859375,1156.1075439453125,1381.761962890625,1760.3028564453125,448.55084228515625,361.5482177734375,3528.359130859375,2089.2626953125,2718.776611328125,665.9967041015625,11969.8798828125,2899.71484375,1249.6617431640625,388.7322082519531,293.9654541015625,4848.9169921875,1507.5987548828125,316.1934814453125,1485.8433837890625,1794.6845703125,785.3406372070312,24581.650390625,1732.49951171875,1159.0792236328125,419.4173278808594,4228.61962890625,1506.4947509765625,3538.107666015625,2611.5048828125,10907.7041015625,243.9147186279297
2024-08-22,1886.3499755859375,1478.8424072265625,626.39501953125,3120.084228515625,1168.050048828125,9534.9580078125,1623.52294921875,666.1295166015625,201.82095336914062,298.0601806640625,355.59869384765625,5666.9189453125,1362.197509765625,1554.4559326171875,457.64202880859375,1196.976806640625,624.9921264648438,4869.109375,1376.2979736328125,4819.923828125,200.2198028564453,1546.987548828125,791.6780395507812,721.427490234375,4951.28466796875,2683.345947265625,1172.098388671875,1379.6654052734375,1767.39990234375,447.7964172363281,363.2533264160156,3538.612548828125,2081.073486328125,2682.99267578125,669.5752563476562,12024.1416015625,2927.117919921875,1249.2943115234375,383.4090881347656,290.9602966308594,4895.45556640625,1541.791259765625,313.7044982910156,1485.2979736328125,1789.3521728515625,789.9146728515625,24784.13671875,1718.754638671875,1186.885986328125,417.8858947753906,4182.630859375,1512.691162109375,3581.832275390625,2685.68701171875,11013.3642578125,240.50865173339844
2024-08-23,1900.9000244140625,1477.851318359375,628.1796264648438,3088.801025390625,1164.056640625,10008.3779296875,1637.7039794921875,665.364013671875,198.17613220214844,294.6285095214844,350.71112060546875,5624.0537109375,1345.3900146484375,1543.42822265625,466.29559326171875,1184.7889404296875,622.1870727539062,4814.08740234375,1373.4244384765625,4785.29052734375,197.68385314941406,1533.4202880859375,788.6448364257812,724.4086303710938,5002.330078125,2705.252685546875,1184.300537109375,1386.3046875,1750.3392333984375,448.90582275390625,362.5553283691406,3530.812255859375,2065.632080078125,2708.566650390625,664.9182739257812,12049.55859375,2862.190673828125,1238.6182861328125,382.0782775878906,288.29339599609375,4819.20654296875,1520.861572265625,315.81781005859375,1487.1322021484375,1783.421875,785.1480102539062,24480.58203125,1743.397216796875,1178.02734375,412.9457702636719,4147.23388671875,1500.626953125,3547.6474609375,2745.975341796875,11044.9150390625,237.4501953125
2024-08-26,1888.9000244140625,1469.1802978515625,622.2805786132812,3105.152587890625,1168.399658203125,10033.478515625,1683.94189453125,669.5621337890625,196.5452880859375,295.7226257324219,352.35693359375,5628.22900390625,1391.5230712890625,1562.4447021484375,465.64654541015625,1185.556396484375,633.1170043945312,4883.78125,1371.212646484375,4762.91796875,196.86166381835938,1586.950927734375,795.8758544921875,721.0797729492188,4964.10400390625,2710.5849609375,1193.9442138671875,1382.2611083984375,1763.5458984375,448.8170471191406,361.4585266113281,3573.345947265625,2087.97998046875,2742.04345703125,675.0654907226562,11992.2607421875,2883.2919921875,1233.892578125,394.3405456542969,296.38446044921875,4928.66845703125,1532.6944580078125,317.6962890625,1499.649169921875,1790.3489990234375,784.859130859375,24679.150390625,1740.1572265625,1200.91259765625,417.4412536621094,4183.048828125,1539.8232421875,3607.470703125,2754.11279296875,11040.3388671875,240.97207641601562
2024-08-27,1886.800048828125,1465.0181884765625,619.10791015625,3100.110107421875,1179.331787109375,10099.8876953125,1716.697998046875,677.9830322265625,197.52772521972656,296.2200012207031,351.8581848144531,5596.52880859375,1440.14990234375,1566.4637451171875,459.8487243652344,1196.3277587890625,622.3322143554688,4860.236328125,1375.09326171875,4756.71435546875,195.0686798095703,1579.7056884765625,794.8082885742188,734.8921508789062,4975.99462890625,2658.4609375,1206.7860107421875,1380.9632568359375,1786.05859375,444.2907409667969,359.6337890625,3633.001708984375,2142.592041015625,2729.968017578125,662.5652465820312,12240.1611328125,2896.898193359375,1234.8228759765625,389.3975830078125,297.2884826660156,4845.90625,1528.0106201171875,314.9725036621094,1487.6031494140625,1832.9085693359375,785.677734375,24586.751953125,1756.7987060546875,1190.6263427734375,423.0235900878906,4178.125,1525.224365234375,3529.01513671875,2720.272216796875,11004.5498046875,239.65138244628906
2024-08-28,1861.0999755859375,1456.5452880859375,611.1268310546875,3060.259765625,1169.0484619140625,10249.1025390625,1711.205322265625,681.5786743164062,193.2050323486328,293.0369873046875,355.7982482910156,5537.35302734375,1447.0323486328125,1586.21533203125,455.4786071777344,1230.6676025390625,623.2994995117188,4987.3310546875,1382.27197265625,4832.91748046875,193.72145080566406,1586.950927734375,794.4927368164062,737.4260864257812,4934.05224609375,2656.010986328125,1204.325927734375,1413.4605712890625,1822.7177734375,441.3619079589844,357.230712890625,3619.608642578125,2171.402587890625,2746.853759765625,648.9374389648438,12103.625,2949.842529296875,1220.645263671875,388.8272705078125,296.3392333984375,4933.16064453125,1520.1219482421875,314.127197265625,1485.4716796875,1837.6429443359375,779.41845703125,24466.85546875,1778.8394775390625,1182.30908203125,426.23468017578125,4186.3935546875,1527.80615234375,3505.413818359375,2716.451171875,10940.716796875,247.73782348632812
2024-08-29,1829.6500244140625,1462.739013671875,607.2601928710938,3050.811279296875,1173.4913330078125,10394.4228515625,1753.2989501953125,697.7340087890625,190.5229949951172,289.4560852050781,354.5513610839844,5661.67626953125,1451.919921875,1586.5584716796875,456.5170593261719,1235.940185546875,623.0575561523438,4969.3369140625,1368.8131103515625,4802.68017578125,194.0780792236328,1616.8541259765625,795.1964721679688,732.2589111328125,4992.6689453125,2676.091552734375,1202.4071044921875,1415.1578369140625,1817.3128662109375,448.2845764160156,354.42877197265625,3614.114013671875,2164.495849609375,2707.1923828125,647.8099365234375,12197.9462890625,2963.209716796875,1226.546630859375,389.6352233886719,297.96649169921875,5012.12353515625,1518.988037109375,313.04705810546875,1507.90283203125,1837.6429443359375,784.3295288085938,24594.828125,1766.419921875,1179.6512451171875,425.7406921386719,4191.7353515625,1546.582763671875,3511.077880859375,2730.642578125,10928.251953125,249.6378173828125
2024-08-30,1838.1500244140625,1468.5361328125,611.771240234375,3061.532470703125,1173.341552734375,10474.921875,1780.662353515625,711.2273559570312,196.7810821533203,289.0084533691406,358.1921691894531,5684.83203125,1451.919921875,1622.1900634765625,454.2672119140625,1248.0986328125,616.2867431640625,5049.98583984375,1388.6014404296875,4846.25341796875,192.86953735351562,1618.1463623046875,794.395751953125,734.0475463867188,5067.82177734375,2669.126220703125,1209.5904541015625,1422.9453125,1827.041748046875,445.44451904296875,355.13671875,3634.914794921875,2210.326416015625,2754.118408203125,634.476318359375,12148.1904296875,2964.64208984375,1224.6856689453125,395.6237487792969,299.006103515625,5103.81884765625,1539.9176025390625,316.89788818359375,1496.6995849609375,1844.221435546875,785.3887939453125,25249.447265625,1788.4610595703125,1181.32470703125,429.4457702636719,4230.7099609375,1536.3963623046875,3542.82763671875,2791.923583984375,11006.060546875,249.498779296875
2024-09-02,1945.699951171875,1481.0224609375,615.0925903320312,3085.178466796875,1186.86962890625,10700.498046875,1838.0853271484375,734.924560546875,198.0680694580078,285.2783508300781,362.48126220703125,5749.78466796875,1482.5423583984375,1614.1031494140625,450.71917724609375,1247.419921875,615.8031616210938,4993.42822265625,1357.1614990234375,4798.82177734375,192.88937377929688,1667.4315185546875,789.56689453125,740.60595703125,5181.8974609375,2679.7431640625,1210.3284912109375,1446.706787109375,1846.5933837890625,452.6777648925781,355.0270080566406,3613.770751953125,2202.97607421875,2726.237548828125,638.201904296875,12172.0888671875,2962.302734375,1229.16650390625,389.73028564453125,294.892822265625,5139.302734375,1559.096923828125,315.16033935546875,1503.2679443359375,1882.5450439453125,791.6961669921875,25195.25,1782.8648681640625,1180.8817138671875,428.0131530761719,4200.32958984375,1545.92578125,3565.087646484375,2769.4951171875,11125.8408203125,246.74151611328125
2024-09-03,1897.9000244140625,1466.207275390625,612.5147705078125,3088.997314453125,1189.6650390625,10621.203125,1863.1016845703125,726.40478515625,197.832275390625,284.83074951171875,360.98504638671875,5743.86181640625,1496.207763671875,1620.5235595703125,449.637451171875,1260.6009521484375,617.3023681640625,5022.32666015625,1353.5474853515625,4753.734375,192.7803955078125,1652.4798583984375,794.6141357421875,753.9712524414062,5245.345703125,2684.787109375,1227.79541015625,1434.376708984375,1824.7388916015625,452.10089111328125,355.7349853515625,3620.687744140625,2210.3759765625,2733.9443359375,627.515380859375,12142.4111328125,2984.120361328125,1239.37744140625,386.30828857421875,291.2767333984375,5222.0654296875,1564.6929931640625,314.3150329589844,1496.203857421875,1922.31396484375,794.248046875,25274.81640625,1778.4959716796875,1180.192626953125,428.7541809082031,4192.2470703125,1543.5316162109375,3598.47705078125,2761.456787109375,11160.80078125,248.40975952148438
2024-09-04,1930.9000244140625,1458.824462890625,621.7352294921875,3164.19384765625,1175.78759765625,10544.3115234375,1869.393310546875,721.0410766601562,196.10321044921875,277.2213439941406,378.4408264160156,5754.056640625,1483.5399169921875,1619.249267578125,435.8351135253906,1245.5506591796875,628.7643432617188,5052.66259765625,1340.3848876953125,4722.22705078125,186.103759765625,1647.6805419921875,796.773681640625,754.0209350585938,5279.9482421875,2729.897216796875,1216.62646484375,1432.0804443359375,1807.0670166015625,449.39398193359375,355.7349853515625,3582.07861328125,2246.882568359375,2699.33837890625,632.9566040039062,12082.810546875,2949.12646484375,1241.3363037109375,385.072509765625,284.22528076171875,5181.69580078125,1585.10498046875,312.6713562011719,1501.5823974609375,1905.91796875,786.2554321289062,25535.564453125,1799.4569091796875,1176.2061767578125,415.86041259765625,4161.4951171875,1544.6583251953125,3585.111328125,2753.81494140625,11277.3193359375,240.57821655273438
2024-09-05,1890.300048828125,1452.3336181640625,626.444580078125,3170.656005859375,1178.633056640625,10440.490234375,1862.4525146484375,715.647705078125,200.08206176757812,272.0986328125,381.8821105957031,5679.73486328125,1529.72265625,1595.5765380859375,430.0805358886719,1288.862060546875,623.6862182617188,5076.7529296875,1322.32470703125,4689.5478515625,187.8670196533203,1652.5721435546875,798.5450439453125,747.1146850585938,5326.814453125,2727.206787109375,1216.23291015625,1420.59912109375,1817.1248779296875,453.69842529296875,354.5683288574219,3555.93017578125,2259.65966796875,2673.322998046875,631.2899780273438,12045.9345703125,2948.171630859375,1226.718017578125,383.3139953613281,281.5132141113281,5196.40283203125,1582.2698974609375,311.1216125488281,1480.192138671875,1901.582275390625,788.422119140625,25428.0546875,1793.22265625,1170.005126953125,415.86041259765625,4158.4287109375,1539.213134765625,3699.540771484375,2740.715576171875,11240.5087890625,243.21958923339844
2024-09-06,1863.300048828125,1429.392333984375,617.9181518554688,3205.365966796875,1156.8682861328125,10415.8212890625,1854.6629638671875,722.7845458984375,192.88082885742188,262.4003601074219,372.7552490234375,5673.47216796875,1507.5289306640625,1579.2066650390625,422.7683410644531,1303.302490234375,623.2994995117188,5093.50732421875,1316.676513671875,4643.0439453125,181.72531127929688,1620.77685546875,794.4199829101562,733.7494506835938,5335.6865234375,2727.687255859375,1188.8763427734375,1407.0709228515625,1787.7034912109375,445.2669982910156,351.8162536621094,3507.460205078125,2226.4091796875,2648.780029296875,652.2218627929688,11935.7958984375,2913.607421875,1225.8853759765625,375.28173828125,279.16278076171875,5122.67138671875,1594.349365234375,309.7597351074219,1452.2830810546875,1890.0703125,753.514892578125,25376.7265625,1791.3082275390625,1155.4371337890625,412.0071105957031,4140.59033203125,1523.9571533203125,3672.36181640625,2731.38720703125,11133.58203125,241.25010681152344
2024-09-09,1865.75,1422.950927734375,624.7591552734375,3212.268798828125,1168.94873046875,10432.65234375,1857.95849609375,725.777587890625,191.9770050048828,260.6596374511719,376.6453552246094,5766.5810546875,1534.3609619140625,1588.1268310546875,419.2203674316406,1276.9595947265625,640.6615600585938,5128.89990234375,1314.4549560546875,4638.0126953125,183.25083923339844,1612.1470947265625,799.0546264648438,731.1658325195312,5337.1259765625,2807.29052734375,1215.2979736328125,1425.7906494140625,1780.9356689453125,454.1865539550781,357.0013427734375,3510.943359375,2187.238525390625,2659.33349609375,662.7612915039062,11896.224609375,2858.41943359375,1232.5213623046875,370.57647705078125,270.212890625,5101.74609375,1614.1943359375,308.5856628417969,1449.928466796875,1895.5023193359375,755.2000122070312,25563.16015625,1788.6572265625,1173.351806640625,412.8469543457031,4133.90234375,1482.6015625,3661.48046875,2744.08984375,11193.47265625,238.58551025390625
2024-09-10,1849.699951171875,1440.2930908203125,621.6856689453125,3226.2705078125,1185.2720947265625,10567.44140625,1822.0567626953125,715.346435546875,196.52565002441406,263.0966796875,385.62261962890625,5796.14501953125,1503.7884521484375,1599.7425537109375,424.9749450683594,1339.1771240234375,643.4667358398438,5379.66943359375,1313.3685302734375,4628.0966796875,183.62725830078125,1642.0042724609375,800.9229736328125,698.4730834960938,5266.89697265625,2784.999755859375,1217.5614013671875,1433.2286376953125,1797.5263671875,455.8284606933594,357.2904968261719,3528.457275390625,2192.911865234375,2640.827880859375,666.6829833984375,12011.4580078125,2941.201416015625,1241.7037353515625,376.70758056640625,267.22967529296875,5205.82958984375,1593.239990234375,313.84539794921875,1449.011474609375,1847.3609619140625,753.6593017578125,25490.380859375,1802.8931884765625,1185.261962890625,440.0176696777344,4188.06640625,1509.0765380859375,3704.06201171875,2734.06640625,11238.9501953125,243.63668823242188
2024-09-11,1814.449951171875,1417.69873046875,617.6702880859375,3297.158935546875,1184.1739501953125,10983.8779296875,1830.6951904296875,725.5899047851562,192.2520751953125,257.3771667480469,384.3258972167969,5833.76708984375,1517.6033935546875,1596.1646728515625,418.7876892089844,1345.8858642578125,642.1609497070312,5392.408203125,1305.8839111328125,4617.7890625,181.45785522460938,1641.681396484375,797.7929077148438,695.7403564453125,5252.73046875,2790.33203125,1216.62646484375,1418.9017333984375,1795.50537109375,456.49407958984375,356.8218688964844,3470.371826171875,2179.937255859375,2605.7314453125,667.1241455078125,11991.0849609375,2928.025146484375,1237.467529296875,370.3863525390625,257.918212890625,5221.47314453125,1604.506103515625,312.9531555175781,1439.072265625,1853.0423583984375,740.1297607421875,25380.345703125,1812.0728759765625,1185.508056640625,430.4338073730469,4161.587890625,1504.5701904296875,3687.8642578125,2738.680908203125,11186.75390625,238.3538055419922
2024-09-12,1811.9000244140625,1459.3199462890625,622.7763061523438,3312.62939453125,1201.3958740234375,11275.0478515625,1852.3660888671875,733.7638549804688,193.5194091796875,264.5887145996094,375.6479187011719,5931.43896484375,1571.5667724609375,1624.4935302734375,428.9122619628906,1352.8502197265625,642.9830322265625,5435.533203125,1319.974609375,4762.72265625,181.85409545898438,1668.30810546875,808.8092651367188,710.0496215820312,5390.8662109375,2840.5341796875,1232.174560546875,1441.0159912109375,1833.3865966796875,461.0647888183594,364.4399108886719,3553.82080078125,2217.529052734375,2690.79736328125,672.6634521484375,12146.083984375,2958.053955078125,1237.957275390625,384.8348388671875,265.8283386230469,5237.90771484375,1612.0743408203125,317.6492919921875,1467.1298828125,1869.787109375,758.5703735351562,25782.193359375,1831.4139404296875,1203.5701904296875,434.6329040527344,4197.21728515625,1542.7335205078125,3740.68115234375,2801.40087890625,11403.720703125,245.6293182373047
2024-09-13,1788.199951171875,1439.0048828125,624.2138671875,3287.95556640625,1215.4730224609375,11288.17578125,1891.9130859375,750.5761108398438,203.46163940429688,262.8977355957031,377.9919738769531,5954.59521484375,1570.5194091796875,1626.89501953125,424.2393798828125,1379.8521728515625,639.2591552734375,5451.24658203125,1315.40283203125,4746.4072265625,184.76644897460938,1673.1075439453125,808.4937744140625,700.9573364257812,5384.03857421875,2818.003173828125,1230.403076171875,1461.6826171875,1827.417724609375,456.0503234863281,363.02398681640625,3544.990234375,2226.359619140625,2689.030517578125,668.5947875976562,12063.0263671875,3003.980224609375,1239.6956787109375,381.555419921875,263.47796630859375,5290.41748046875,1631.968505859375,316.7570495605469,1460.016357421875,1840.433837890625,761.5555419921875,25646.88671875,1819.9761962890625,1191.3154296875,436.5101623535156,4201.76953125,1554.750732421875,3743.4140625,2807.15673828125,11411.220703125,255.15234375
2024-09-16,1930.800048828125,1427.7076416015625,621.9335327148438,3266.169921875,1229.051025390625,11241.2412109375,1855.1124267578125,725.6096801757812,201.673583984375,268.07012939453125,390.21099853515625,5886.53515625,1560.7939453125,1626.60107421875,426.8354797363281,1375.0419921875,639.6943359375,5432.11328125,1312.7169189453125,4786.36572265625,182.9536590576172,1672.23046875,810.9202880859375,696.9328002929688,5368.849609375,2754.734130859375,1242.7037353515625,1467.822509765625,1833.1986083984375,453.60968017578125,365.20770263671875,3593.31298828125,2221.8212890625,2706.99560546875,681.5853271484375,12036.5322265625,2984.502197265625,1248.6087646484375,390.77593994140625,264.42718505859375,5232.28173828125,1629.380126953125,317.6962890625,1458.7523193359375,1815.266845703125,756.451904296875,25385.595703125,1829.008544921875,1199.3868408203125,438.0416259765625,4193.0830078125,1548.1318359375,3717.22900390625,2820.157470703125,11337.8916015625,255.75482177734375
2024-09-17,1954.4000244140625,1413.73486328125,617.6702880859375,3243.64990234375,1230.09912109375,11493.171875,1846.2242431640625,727.560546875,204.03143310546875,263.44482421875,374.8998107910156,5933.1865234375,1569.970703125,1638.7559814453125,422.72503662109375,1376.8616943359375,638.5337524414062,5405.197265625,1309.665771484375,4738.494140625,182.5970458984375,1673.9844970703125,809.876953125,694.4982299804688,5537.68701171875,2760.88330078125,1247.8699951171875,1463.978759765625,1835.360595703125,450.636474609375,368.26885986328125,3625.642822265625,2240.12353515625,2736.69287109375,678.447998046875,11994.1708984375,3034.2001953125,1247.261962890625,395.7188415527344,266.3708190917969,5286.51953125,1611.80322265625,316.4283142089844,1459.6942138671875,1813.1737060546875,753.9000854492188,25204.958984375,1832.1011962890625,1201.109375,439.7706604003906,4186.021484375,1550.52587890625,3743.8115234375,2797.33203125,11340.8134765625,255.75482177734375
2024-09-18,1950.800048828125,1415.9150390625,614.7951049804688,3206.296142578125,1238.4356689453125,11314.6240234375,1885.67138671875,753.7963256835938,209.38568115234375,263.8924255371094,362.73065185546875,5945.03173828125,1586.1297607421875,1618.9552001953125,421.5135498046875,1349.751708984375,632.9719848632812,5422.0009765625,1297.0562744140625,4738.640625,184.1621856689453,1621.145751953125,822.494873046875,694.3988647460938,5540.9853515625,2763.141357421875,1267.796875,1477.8563232421875,1778.5855712890625,450.2814636230469,366.88287353515625,3660.229248046875,2195.27978515625,2756.8671875,681.6834106445312,11953.3759765625,2868.6357421875,1271.895263671875,393.6751403808594,262.5287170410156,5112.5546875,1573.9376220703125,313.98626708984375,1450.9197998046875,1836.397216796875,763.3851928710938,24847.798828125,1802.5494384765625,1182.013671875,435.3245544433594,4037.83740234375,1507.1988525390625,3702.02490234375,2763.59033203125,11326.44921875,249.38294982910156
2024-09-19,1962.949951171875,1395.500732421875,603.1952514648438,3225.095703125,1240.6820068359375,11414.01953125,1887.8685302734375,749.7710571289062,207.636962890625,255.78565979003906,360.5860900878906,5955.9541015625,1592.2642822265625,1605.3299560546875,413.5955810546875,1360.5426025390625,642.9346923828125,5382.3955078125,1284.170166015625,4752.85546875,184.449462890625,1602.6868896484375,829.1435546875,697.0818481445312,5579.35107421875,2797.63427734375,1271.388671875,1482.3489990234375,1780.5126953125,451.0802307128906,373.3143615722656,3614.359130859375,2142.937255859375,2746.36279296875,683.35009765625,12097.748046875,2843.66748046875,1290.0396728515625,402.99066162109375,257.8730163574219,5215.05810546875,1599.4278564453125,314.5498352050781,1457.0916748046875,1834.902099609375,760.6889038085938,24704.16796875,1812.4166259765625,1196.1878662109375,434.3365173339844,3991.383544921875,1497.7635498046875,3757.276611328125,2749.548095703125,11323.13671875,247.15855407714844
2024-09-20,2003.949951171875,1425.7257080078125,611.2755126953125,3237.921875,1242.978271484375,11484.9013671875,1914.233154296875,748.9907836914062,206.34996032714844,264.7379150390625,364.4263610839844,6029.79052734375,1600.243896484375,1606.26123046875,424.8451232910156,1366.3953857421875,645.6913452148438,5403.759765625,1293.76806640625,4848.8427734375,183.3003692626953,1624.4224853515625,845.0130004882812,706.621337890625,5586.0390625,2860.903564453125,1317.09765625,1477.806396484375,1791.3695068359375,456.5384521484375,379.8056335449219,3722.48486328125,2123.0068359375,2896.909912109375,695.1150512695312,12355.3447265625,2891.503662109375,1322.04345703125,402.99066162109375,258.7770690917969,5285.630859375,1620.677978515625,320.1383056640625,1473.2025146484375,1864.1058349609375,752.7445068359375,24912.251953125,1831.757568359375,1197.7626953125,438.83203125,3980.931640625,1522.8304443359375,3773.425048828125,2794.2060546875,11489.466796875,249.82315063476562
2024-09-23,2031.199951171875,1443.0184326171875,616.7284545898438,3209.03759765625,1244.775390625,11866.9541015625,1917.37890625,750.2402954101562,209.0811309814453,272.7452087402344,369.4136962890625,6030.421875,1629.7193603515625,1625.375732421875,433.19580078125,1354.58154296875,639.4041748046875,5326.53125,1314.1685791015625,4767.16748046875,185.8858184814453,1617.7310791015625,854.0397338867188,722.9180908203125,5750.7431640625,2909.85693359375,1300.8116455078125,1462.7308349609375,1782.6275634765625,458.8016052246094,385.8282775878906,3716.401611328125,2153.149169921875,2994.051025390625,688.7423706054688,12422.53515625,2904.91845703125,1334.5804443359375,407.173095703125,267.09405517578125,5260.412109375,1624.7454833984375,320.4200744628906,1480.5887451171875,1913.8419189453125,772.1480712890625,25721.203125,1828.7630615234375,1192.5458984375,449.00872802734375,3965.695068359375,1508.8419189453125,3796.181640625,2823.5810546875,11648.9306640625,247.87686157226562
2024-09-24,2070.550048828125,1443.513916015625,613.0105590820312,3180.59423828125,1237.537109375,11967.650390625,1902.0994873046875,746.2002563476562,204.2180938720703,280.75250244140625,374.8998107910156,6022.6064453125,1610.21875,1605.1829833984375,436.3976135253906,1376.75341796875,634.3744506835938,5329.45556640625,1313.3587646484375,4764.57861328125,188.91705322265625,1638.77392578125,858.0435180664062,716.1609497070312,5691.0576171875,2834.91357421875,1297.5643310546875,1445.9580078125,1784.6485595703125,457.2928466796875,381.83978271484375,3720.228271484375,2186.20263671875,3018.103271484375,691.2914428710938,12476.8955078125,2933.32421875,1320.500732421875,406.9354553222656,270.7101745605469,5319.140625,1609.8062744140625,328.7792663574219,1476.6229248046875,1858.22509765625,768.6814575195312,25675.1796875,1834.0645751953125,1192.644287109375,463.1374816894531,3968.296142578125,1536.9598388671875,3761.201904296875,2846.902587890625,11453.775390625,250.03172302246094
2024-09-25,2066.75,1439.4508056640625,610.77978515625,3177.020263671875,1266.0406494140625,11923.0244140625,1925.91748046875,753.0851440429688,201.12344360351562,280.65301513671875,370.51092529296875,6000.42138671875,1614.2086181640625,1610.72119140625,437.2629699707031,1358.8114013671875,606.4691772460938,5347.7958984375,1321.4755859375,4782.50634765625,190.93788146972656,1645.050048828125,863.406005859375,712.0370483398438,5655.75732421875,2833.376220703125,1302.7305908203125,1437.1722412109375,1781.546630859375,459.3341369628906,378.4993896484375,3722.43603515625,2191.481201171875,3034.547119140625,675.7028198242188,12522.6357421875,2882.0986328125,1320.9659423828125,414.5399475097656,270.0321350097656,5254.09521484375,1605.689453125,341.64678955078125,1481.15869140625,1857.4776611328125,763.72216796875,25667.251953125,1836.4700927734375,1170.940185546875,462.49530029296875,3971.501953125,1504.7109375,3713.850341796875,2849.68115234375,11506.9951171875,248.47926330566406
2024-09-26,2057.85009765625,1459.3199462890625,619.8019409179688,3208.646240234375,1275.0262451171875,12138.8408203125,1980.144775390625,767.3588256835938,201.71290588378906,279.1609802246094,371.9073791503906,6072.07373046875,1637.599365234375,1589.744384765625,438.34466552734375,1352.407470703125,605.2600708007812,5332.92578125,1331.9324951171875,4879.22607421875,190.75958251953125,1646.3883056640625,865.5171508789062,724.9551391601562,5621.52587890625,2869.0703125,1307.84765625,1450.350830078125,1786.19970703125,463.9492492675781,379.36688232421875,3691.33251953125,2158.970458984375,3122.950927734375,680.0166015625,13108.8408203125,2915.7080078125,1349.4437255859375,413.11407470703125,266.8680114746094,5356.10595703125,1621.93505859375,343.2434387207031,1485.12451171875,1892.063720703125,772.1480712890625,25884.697265625,1863.812744140625,1194.416015625,470.35009765625,3987.992919921875,1508.654052734375,3734.0234375,2869.13232421875,11749.185546875,251.12071228027344
2024-09-27,1981.8499755859375,1443.5633544921875,628.5762329101562,3241.642822265625,1271.08251953125,12181.87890625,2008.00732421875,766.1338500976562,199.64979553222656,286.02435302734375,367.9175109863281,6086.34521484375,1604.93212890625,1639.442138671875,446.6087951660156,1364.427978515625,612.2726440429688,5410.84814453125,1333.0185546875,4946.001953125,191.8888702392578,1669.0465087890625,850.5697631835938,725.6011352539062,5534.11083984375,2849.998046875,1285.7557373046875,1460.334716796875,1792.309326171875,463.9048156738281,373.4140319824219,3635.89599609375,2188.915771484375,3125.4541015625,678.88916015625,13218.3427734375,2943.302001953125,1344.644287109375,415.3004150390625,268.6761169433594,5366.51904296875,1658.3216552734375,332.72406005859375,1513.10791015625,1876.465087890625,772.9185180664062,26008.359375,1913.1962890625,1182.70263671875,479.68695068359375,4003.043701171875,1510.8133544921875,3792.802978515625,2927.287109375,11639.4345703125,251.07435607910156
2024-09-30,1902.699951171875,1435.1400146484375,627.1386108398438,3259.60986328125,1230.1990966796875,11873.6875,1970.7574462890625,760.8985595703125,195.2484893798828,278.216064453125,362.1820373535156,6153.6767578125,1603.9346923828125,1621.40576171875,441.45989990234375,1380.38330078125,604.7280883789062,5396.42333984375,1333.354248046875,4910.48876953125,194.88046264648438,1657.6943359375,840.572509765625,713.4779663085938,5306.56298828125,2842.35986328125,1252.69189453125,1445.2591552734375,1763.029052734375,459.8666687011719,369.7247009277344,3606.36279296875,2161.88134765625,3038.326416015625,681.7814331054688,12966.03515625,2874.36474609375,1317.3419189453125,421.2889709472656,269.0377197265625,5379.7451171875,1656.3248291015625,331.40911865234375,1463.9324951171875,1837.9420166015625,758.71484375,26068.802734375,1891.5970458984375,1178.1748046875,476.8216857910156,3965.695068359375,1480.7237548828125,3800.00732421875,2818.27197265625,11493.0693359375,250.9121856689453
2024-10-01,1884.949951171875,1454.2659912109375,627.0394897460938,3208.940185546875,1224.6580810546875,11692.3984375,1972.6048583984375,760.8985595703125,191.84927368164062,278.9620666503906,369.71295166015625,6258.4365234375,1577.8507080078125,1631.943359375,440.0320739746094,1402.0242919921875,598.7311401367188,5377.04150390625,1332.860595703125,4858.12353515625,195.26678466796875,1676.5223388671875,837.7334594726562,705.72705078125,5341.5849609375,2809.163818359375,1254.069580078125,1407.42041015625,1790.0533447265625,458.135986328125,374.8000793457031,3584.727783203125,2165.136962890625,3107.635986328125,680.065673828125,12895.5146484375,2879.32958984375,1325.71630859375,418.3421936035156,263.92999267578125,5416.61083984375,1646.8336181640625,329.4836120605469,1452.2830810546875,1828.1741943359375,767.4296264648438,26281.197265625,1884.969970703125,1177.48583984375,475.48785400390625,3983.71875,1525.9757080078125,3752.307861328125,2817.080810546875,11527.2998046875,253.36825561523438
2024-10-03,1807.800048828125,1412.347412109375,612.1677856445312,3083.562744140625,1173.790771484375,11354.82421875,1910.8377685546875,734.3120727539062,185.68942260742188,267.5230712890625,355.6485595703125,6147.46337890625,1512.4166259765625,1623.8074951171875,434.7102355957031,1388.980712890625,561.2015991210938,5383.48583984375,1330.2044677734375,4672.35302734375,191.97801208496094,1641.4969482421875,816.282958984375,697.8270874023438,5260.4404296875,2779.955322265625,1236.307373046875,1385.505859375,1779.7606201171875,455.0740661621094,363.5125732421875,3431.8115234375,2154.4814453125,3072.6376953125,685.3599243164062,12387.51953125,2789.00439453125,1309.9471435546875,413.8270263671875,264.0203552246094,5182.18994140625,1626.9395751953125,323.2377014160156,1394.928466796875,1799.618408203125,764.6851806640625,26019.5546875,1876.0357666015625,1134.668212890625,466.15093994140625,3932.481201171875,1505.9315185546875,3651.940185546875,2704.889892578125,11417.8896484375,245.67568969726562
2024-10-04,1801.199951171875,1400.9510498046875,605.4755859375,3008.365966796875,1176.4864501953125,11324.0,1882.0263671875,712.3336791992188,183.5771942138672,266.18023681640625,345.4743957519531,6025.373046875,1493.6142578125,1591.2147216796875,430.25360107421875,1401.84716796875,553.7053833007812,5378.77685546875,1309.981689453125,4598.39599609375,191.84922790527344,1639.6968994140625,804.4658203125,704.3358154296875,5128.6220703125,2737.103515625,1219.97216796875,1380.61376953125,1803.025146484375,446.9089050292969,360.760498046875,3428.180908203125,2168.935791015625,2962.292236328125,676.6832275390625,12346.7744140625,2717.966552734375,1272.385009765625,409.1693115234375,266.9132385253906,5074.65185546875,1582.07275390625,318.2597961425781,1374.653564453125,1792.19287109375,767.1407470703125,25796.609375,1875.2503662109375,1112.6688232421875,461.0626525878906,3950.59765625,1517.5728759765625,3647.120849609375,2667.079345703125,11150.52734375,247.25128173828125
2024-10-07,1752.449951171875,1342.9786376953125,585.2996215820312,2998.329833984375,1143.8394775390625,11172.6689453125,1876.783447265625,718.0677490234375,181.10147094726562,255.28829956054688,339.1404113769531,5942.1669921875,1474.712158203125,1592.5379638671875,415.7589416503906,1418.0780029296875,550.7552490234375,5357.759765625,1305.3704833984375,4560.44140625,182.46826171875,1640.0198974609375,785.1264038085938,701.4044189453125,5110.69287109375,2722.35498046875,1214.215576171875,1348.66552734375,1818.2059326171875,452.8108825683594,357.02130126953125,3403.063232421875,2145.897216796875,3004.2607421875,665.5065307617188,12270.1318359375,2744.55810546875,1260.484619140625,394.91082763671875,261.669921875,5162.35009765625,1554.708984375,308.9613952636719,1358.98876953125,1782.076171875,742.1038208007812,25144.861328125,1870.537841796875,1093.966796875,436.0161437988281,3969.73681640625,1519.5445556640625,3566.777099609375,2617.806884765625,10936.3828125,246.27810668945312
2024-10-08,1813.8499755859375,1405.7574462890625,601.2123413085938,3023.59130859375,1151.42724609375,11434.3115234375,1835.6884765625,709.9234008789062,184.3631591796875,264.09136962890625,341.8336181640625,6023.8193359375,1527.079345703125,1608.2706298828125,425.62396240234375,1440.4859619140625,548.7723999023438,5499.2294921875,1314.484375,4585.3544921875,185.9947967529297,1651.556640625,801.2627563476562,705.6276245117188,5136.982421875,2708.327392578125,1216.8724365234375,1357.3515625,1831.6005859375,450.81396484375,359.6437072753906,3465.9072265625,2187.386474609375,3107.979736328125,684.2324829101562,12274.4912109375,2770.00390625,1264.353515625,400.1389465332031,265.2860107421875,5239.83251953125,1570.4615478515625,307.270751953125,1385.3857421875,1722.3729248046875,752.5037841796875,25349.427734375,1882.2210693359375,1101.496826171875,451.42938232421875,3951.527099609375,1529.4490966796875,3471.4775390625,2719.72607421875,11091.6591796875,244.1927947998047
2024-10-09,1784.449951171875,1395.4512939453125,602.7490844726562,3014.58349609375,1168.2498779296875,11366.0283203125,1864.4498291015625,721.1348266601562,185.53225708007812,262.8977355957031,346.1725769042969,5919.78857421875,1557.602294921875,1647.2840576171875,421.3837585449219,1451.3851318359375,546.5476684570312,5938.11279296875,1316.2222900390625,4600.4482421875,184.09283447265625,1670.2462158203125,792.5758056640625,712.7822875976562,5159.97412109375,2660.430908203125,1224.302001953125,1339.380615234375,1835.5484619140625,436.3918151855469,359.125244140625,3421.460205078125,2255.565185546875,3095.364501953125,684.5265502929688,12498.5419921875,2768.141845703125,1232.15380859375,397.76251220703125,260.8110656738281,5264.95263671875,1565.0628662109375,309.7127685546875,1362.8306884765625,1731.6922607421875,767.8629760742188,24747.126953125,1895.6715087890625,1100.2664794921875,455.33209228515625,3951.24853515625,1557.3323974609375,3471.576904296875,2761.4072265625,11053.046875,246.13909912109375
2024-10-10,1780.5,1404.4195556640625,580.2432861328125,2995.24560546875,1182.326904296875,11379.3974609375,1873.1881103515625,723.0364379882812,184.40243530273438,269.91033935546875,344.9257507324219,5827.4560546875,1513.2645263671875,1586.901611328125,422.3788757324219,1432.528076171875,552.9799194335938,5890.92333984375,1300.0777587890625,4589.701171875,183.93434143066406,1669.27734375,806.7709350585938,719.0923461914062,5068.47216796875,2646.7392578125,1223.6624755859375,1354.2066650390625,1803.82421875,436.7024841308594,374.1419677734375,3395.2138671875,2125.917236328125,3135.90966796875,671.68310546875,12678.1728515625,2725.079833984375,1230.4154052734375,401.80242919921875,261.037109375,5173.15771484375,1547.0174560546875,314.03326416015625,1359.31103515625,1728.8017578125,767.5740356445312,24416.916015625,1853.356689453125,1096.6737060546875,460.0745849609375,3927.51025390625,1520.6240234375,3425.666259765625,2772.27392578125,11130.85546875,243.2891082763672
2024-10-11,1792.199951171875,1395.5504150390625,580.1937255859375,2973.802734375,1170.546142578125,11422.6279296875,1873.8873291015625,721.2880249023438,206.56610107421875,268.5675048828125,345.2748718261719,5804.49462890625,1497.255126953125,1564.2091064453125,426.57586669921875,1455.8231201171875,552.15771484375,6089.29833984375,1303.25732421875,4619.15673828125,185.78675842285156,1697.888427734375,801.238525390625,719.291015625,5087.23681640625,2674.122314453125,1203.489501953125,1345.4207763671875,1818.9580078125,433.2855224609375,375.3983459472656,3416.995849609375,2194.835693359375,3077.0556640625,672.0752563476562,12514.1640625,2746.372314453125,1230.0970458984375,401.6123352050781,264.47235107421875,5398.64599609375,1533.458740234375,309.9945068359375,1360.35205078125,1729.35009765625,770.1258544921875,24114.94921875,1867.2979736328125,1095.6400146484375,455.62847900390625,3854.8583984375,1546.30126953125,3452.64599609375,2773.117431640625,11122.3349609375,244.818359375
2024-10-14,1775.3499755859375,1397.5819091796875,583.862060546875,2975.711669921875,1162.459228515625,11444.1220703125,1864.699462890625,712.0817260742188,196.5452880859375,267.3241271972656,345.6239929199219,5804.0576171875,1509.074951171875,1566.855712890625,431.2054748535156,1465.9818115234375,548.7239990234375,6161.2724609375,1315.2447509765625,4669.71484375,194.890380859375,1712.88623046875,819.2432861328125,735.935546875,5160.6708984375,2679.791259765625,1212.099853515625,1368.23388671875,1841.3294677734375,441.0513000488281,381.0620422363281,3488.131103515625,2213.97705078125,3097.229736328125,675.849853515625,12280.26953125,2828.724609375,1225.322265625,403.5134582519531,259.0030517578125,5543.88916015625,1543.9359130859375,310.60504150390625,1360.7734375,1732.58935546875,775.325927734375,24347.951171875,1874.955810546875,1096.0831298828125,456.76470947265625,3843.19873046875,1588.9710693359375,3475.899658203125,2808.8935546875,11004.501953125,254.66580200195312
2024-10-15,1763.0,1407.49169921875,585.2996215820312,3003.07861328125,1151.976318359375,11080.7734375,1851.46728515625,693.1259765625,190.9356231689453,270.15899658203125,351.3096008300781,5892.0693359375,1499.25,1540.6834716796875,427.8739013671875,1473.447509765625,552.3027954101562,6054.05517578125,1305.7159423828125,4613.34423828125,196.752685546875,1725.991943359375,817.3020629882812,709.7515258789062,5114.50146484375,2672.44091796875,1235.470947265625,1358.6993408203125,1841.7054443359375,442.4713134765625,377.95098876953125,3485.0400390625,2220.8837890625,3098.113525390625,672.2714233398438,12191.041015625,2797.406982421875,1216.6051025390625,405.5096740722656,256.4717712402344,5557.90478515625,1559.8612060546875,309.8066711425781,1332.5174560546875,1718.0870361328125,774.8444213867188,24492.916015625,1863.8616943359375,1097.7564697265625,457.95037841796875,3824.756591796875,1572.8701171875,3486.532470703125,2812.0693359375,11118.05078125,246.9732208251953
2024-10-16,1751.050048828125,1391.1405029296875,584.0107421875,3017.765380859375,1151.3272705078125,11172.5732421875,1859.5565185546875,687.1448974609375,189.35391235351562,268.1696472167969,345.77362060546875,5912.8466796875,1481.445068359375,1531.322265625,428.99884033203125,1421.0382080078125,559.3637084960938,6070.8583984375,1325.3167724609375,4570.50390625,192.57235717773438,1721.5157470703125,824.9214477539062,722.2224731445312,5014.685546875,2672.24853515625,1223.3179931640625,1344.1229248046875,1804.8582763671875,437.7231140136719,374.1918029785156,3466.103759765625,2166.025390625,3011.918212890625,666.2417602539062,12129.482421875,2779.790771484375,1205.8310546875,403.2757873535156,258.0085754394531,5471.9833984375,1567.9224853515625,307.3177185058594,1342.4814453125,1728.0543212890625,775.61474609375,24216.513671875,1863.910888671875,1096.4766845703125,454.9368591308594,3804.456787109375,1558.7408447265625,3449.267578125,2753.07080078125,11025.9267578125,246.60250854492188
2024-10-17,1733.550048828125,1382.1224365234375,566.363037109375,2992.0634765625,1130.0120849609375,9732.3564453125,1813.368408203125,681.529296875,186.8487091064453,252.851318359375,338.19281005859375,5814.20361328125,1452.8675537109375,1527.891357421875,423.9365539550781,1431.492431640625,553.8021240234375,6025.00732421875,1323.9638671875,4517.35693359375,191.789794921875,1723.8692626953125,811.988037109375,721.5269165039062,4846.77685546875,2631.318115234375,1211.60791015625,1345.1712646484375,1849.977294921875,433.9067687988281,371.7388916015625,3503.093994140625,2147.27880859375,2910.408447265625,653.05517578125,11894.265625,2941.010498046875,1164.914306640625,397.0971374511719,254.5732879638672,5464.2353515625,1555.27587890625,311.0277099609375,1344.811279296875,1696.4085693359375,781.00732421875,24023.837890625,1855.1239013671875,1073.050048828125,444.80963134765625,3817.51025390625,1595.073486328125,3382.041015625,2658.891845703125,10728.9091796875,245.0269012451172
2024-10-18,1736.050048828125,1392.9241943359375,569.0399780273438,2929.692626953125,1194.906494140625,9678.9794921875,1817.462890625,681.5342407226562,188.58761596679688,252.503173828125,339.090576171875,5715.8525390625,1456.608154296875,1521.02978515625,425.9268798828125,1422.251220703125,552.6897583007812,5970.3330078125,1331.28076171875,4655.890625,193.4639129638672,1714.54736328125,816.2101440429688,737.77392578125,4845.61572265625,2610.613037109375,1244.327392578125,1345.0714111328125,1766.7889404296875,431.95428466796875,373.1348571777344,3510.45263671875,2150.63330078125,2910.064697265625,656.1925048828125,11856.41015625,2955.85791015625,1150.981689453125,403.9411926269531,256.1101379394531,5434.7724609375,1569.8453369140625,311.8730163574219,1347.66162109375,1700.4453125,790.0110473632812,24103.255859375,1875.5450439453125,1076.1014404296875,448.1194763183594,3839.908447265625,1584.6524658203125,3360.278076171875,2695.263427734375,10779.548828125,254.2487335205078
2024-10-21,1710.800048828125,1363.0955810546875,567.0075073242188,2985.552001953125,1188.3671875,10098.830078125,1756.0452880859375,669.8140258789062,181.64181518554688,246.3360595703125,336.5469970703125,5610.12158203125,1435.0626220703125,1493.6322021484375,420.04241943359375,1346.2806396484375,549.5945434570312,5873.92138671875,1322.6505126953125,4699.6591796875,191.5718536376953,1701.5340576171875,838.9466552734375,741.1524658203125,4869.81494140625,2587.985595703125,1238.9644775390625,1306.134521484375,1741.5504150390625,429.247314453125,356.8118591308594,3518.10595703125,2123.253173828125,2943.39404296875,648.9864501953125,11925.755859375,2850.58984375,1153.136474609375,403.9887390136719,250.05322265625,5179.62353515625,1554.8074951171875,311.0277099609375,1357.4769287109375,1706.2261962890625,783.7999267578125,24076.005859375,1862.438232421875,1001.0967407226562,448.3664855957031,3799.67529296875,1597.1387939453125,3342.192138671875,2716.89794921875,10584.7841796875,253.9938507080078
2024-10-22,1684.449951171875,1350.5596923828125,553.7221069335938,2944.08642578125,1173.8406982421875,9971.7353515625,1720.293212890625,659.6397094726562,170.74664306640625,231.5648651123047,324.976318359375,5560.31494140625,1407.632080078125,1480.4970703125,405.2881774902344,1341.3492431640625,540.79248046875,5767.7939453125,1315.7384033203125,4649.44287109375,187.5599365234375,1693.3125,832.0797119140625,723.6137084960938,4808.0859375,2576.60009765625,1247.279541015625,1272.289306640625,1740.46923828125,427.60540771484375,351.6168518066406,3445.793212890625,2103.61865234375,2834.423095703125,644.1334228515625,11678.3447265625,2843.094482421875,1150.981689453125,395.196044921875,244.80979919433594,5091.3330078125,1541.9637451171875,303.1380920410156,1331.84814453125,1692.5712890625,761.1222534179688,24211.41015625,1853.160400390625,982.5916748046875,430.6314392089844,3739.744140625,1592.7733154296875,3308.951416015625,2642.269287109375,10541.7900390625,252.76580810546875
2024-10-23,1702.0999755859375,1328.361572265625,551.0947265625,2927.294189453125,1158.5157470703125,10181.7802734375,1737.3702392578125,691.041748046875,179.08749389648438,222.5131378173828,324.3778381347656,5581.52880859375,1403.1435546875,1456.2362060546875,410.2639465332031,1490.7760009765625,540.4056396484375,5678.22314453125,1304.975341796875,4570.015625,186.94577026367188,1714.6793212890625,842.3923950195312,719.1917114257812,4780.12451171875,2555.078125,1231.6331787109375,1272.2393798828125,1760.961181640625,426.31854248046875,352.544189453125,3390.356689453125,2046.8856201171875,2742.43603515625,643.7412109375,11710.5693359375,2978.868896484375,1139.6688232421875,388.11431884765625,244.8550567626953,5644.6162109375,1523.844482421875,297.6435852050781,1327.064453125,1710.3626708984375,756.88525390625,24484.7421875,1805.83837890625,998.6359252929688,432.4592590332031,3787.009033203125,1629.76318359375,3268.009521484375,2543.475830078125,10471.5771484375,253.5767822265625
2024-10-24,1692.4000244140625,1342.1859130859375,554.1187133789062,2909.9638671875,1165.454345703125,9908.404296875,1739.7669677734375,695.4967041015625,177.4861297607422,226.0940399169922,321.83428955078125,5449.05029296875,1382.6456298828125,1462.8038330078125,412.9897766113281,1518.637451171875,523.2852172851562,5687.19482421875,1299.998779296875,4560.978515625,187.08445739746094,1713.8895263671875,849.1138305664062,710.3477172851562,4750.3056640625,2406.921630859375,1232.764892578125,1277.9801025390625,1751.51416015625,418.6414794921875,351.4273986816406,3377.8466796875,2103.12548828125,2774.685546875,621.8289184570312,11522.0244140625,2958.72216796875,1106.1226806640625,391.536376953125,243.2730255126953,5617.423828125,1539.054931640625,299.75689697265625,1328.3287353515625,1629.927734375,765.1184692382812,24836.552734375,1815.2144775390625,980.8198852539062,432.75567626953125,3769.919189453125,1629.575439453125,3310.04443359375,2463.48828125,10754.521484375,253.43775939941406
2024-10-25,1644.0,1306.8077392578125,547.9718017578125,2896.255859375,1187.4185791015625,9815.69140625,1705.1136474609375,682.5812377929688,165.25485229492188,215.69949340820312,311.2112121582031,5504.39111328125,1368.730712890625,1459.47119140625,399.0143737792969,1526.6854248046875,521.0604858398438,5730.91455078125,1286.5697021484375,4485.849609375,184.4890899658203,1720.810546875,846.0806884765625,704.9818115234375,4619.97265625,2428.9716796875,1235.4217529296875,1039.9156494140625,1750.2923583984375,428.0491943359375,352.7535705566406,3263.784912109375,2127.93994140625,2671.114013671875,627.5643310546875,11266.5322265625,2903.629638671875,1107.1265869140625,379.1790466308594,238.70767211914062,5597.38623046875,1567.35546875,296.61041259765625,1316.4808349609375,1611.4385986328125,752.0223388671875,24729.04296875,1826.5050048828125,957.786865234375,417.0460510253906,3778.90673828125,1611.4559326171875,3246.09765625,2431.185546875,10707.388671875,251.83900451660156
2024-10-28,1613.1500244140625,1340.0057373046875,564.5288696289062,2939.190673828125,1169.697509765625,9628.2958984375,1728.1326904296875,682.6997680664062,181.56321716308594,228.53103637695312,322.9315185546875,5555.7509765625,1277.113037109375,1473.439453125,382.1831970214844,1519.8802490234375,535.5693359375,5764.2744140625,1295.0220947265625,4611.92724609375,183.25083923339844,1738.8328857421875,841.6158447265625,713.726318359375,4577.705078125,2474.850830078125,1272.2252197265625,1053.0943603515625,1753.394287109375,429.6910400390625,348.9644775390625,3277.9140625,2175.2998046875,2730.16455078125,621.5838012695312,11247.3359375,2876.7041015625,1112.68505859375,383.9319152832031,238.07485961914062,5593.04345703125,1558.82568359375,298.95849609375,1322.9251708984375,1600.6243896484375,762.7111206054688,24827.486328125,1868.230712890625,960.5922241210938,420.60296630859375,3809.919677734375,1598.40625,3262.494140625,2443.64013671875,10802.23828125,258.8595886230469
2024-10-29,1635.0999755859375,1360.3209228515625,570.0809936523438,2930.37841796875,1184.9227294921875,9474.0302734375,1764.3341064453125,693.6791381835938,175.98300170898438,233.75318908691406,326.1733093261719,5502.54638671875,1289.1324462890625,1448.345458984375,385.55810546875,1529.4271240234375,518.3038330078125,5753.31982421875,1258.6844482421875,4785.33935546875,198.81312561035156,1738.8328857421875,850.1814575195312,737.7243041992188,4447.32666015625,2447.8037109375,1310.6029052734375,1036.4713134765625,1748.59326171875,433.0636291503906,351.028564453125,3317.259033203125,2176.73046875,2696.687744140625,616.828857421875,10819.0693359375,2885.91796875,1110.40771484375,391.7739562988281,239.56649780273438,5596.99169921875,1532.8671875,301.0718078613281,1328.52685546875,1655.89208984375,801.8554077148438,25100.5703125,1837.5008544921875,976.4888916015625,420.3065185546875,3795.39111328125,1594.60400390625,3262.842041015625,2428.605224609375,10821.2275390625,260.52789306640625
2024-10-30,1634.199951171875,1383.60888671875,574.7407836914062,2934.09912109375,1168.49951171875,9560.396484375,1750.1031494140625,687.0115356445312,174.43077087402344,235.34471130371094,319.8892517089844,5614.19921875,1271.27783203125,1390.217529296875,388.67340087890625,1527.1883544921875,528.7501831054688,5835.8525390625,1234.1466064453125,4757.10498046875,201.32925415039062,1708.2227783203125,841.8099975585938,722.4708862304688,4560.51953125,2454.817626953125,1291.21728515625,1054.6917724609375,1713.227783203125,436.2586975097656,345.92327880859375,3344.192626953125,2129.469482421875,2658.204345703125,638.3980102539062,11025.1953125,2871.1181640625,1114.766357421875,388.3044128417969,236.5380096435547,5545.0244140625,1554.8568115234375,299.0993957519531,1332.3935546875,1618.8143310546875,791.9850463867188,25119.9921875,1818.356201171875,1006.6581420898438,421.88739013671875,3804.1455078125,1581.8829345703125,3287.735107421875,2440.21630859375,10911.79296875,261.9412841796875
2024-10-31,1598.300048828125,1363.54150390625,575.5834350585938,2874.37255859375,1157.6671142578125,9460.037109375,1748.405517578125,680.566162109375,179.00889587402344,237.73196411132812,315.3008728027344,5560.21728515625,1269.5322265625,1521.078857421875,391.1828918457031,1503.8536376953125,522.3179931640625,5838.87548828125,1258.190673828125,4781.919921875,201.9929656982422,1640.6387939453125,842.3438720703125,715.6144409179688,4635.06787109375,2429.1640625,1271.6346435546875,1053.8929443359375,1670.5897216796875,433.81805419921875,345.22528076171875,3554.115234375,2157.78662109375,2678.673095703125,627.4663696289062,10848.8935546875,2749.427490234375,1108.2283935546875,390.3607177734375,240.60610961914062,5302.85498046875,1551.0357666015625,301.3066101074219,1320.64501953125,1616.8209228515625,789.8184204101562,24843.33984375,1815.2144775390625,986.8241577148438,434.7811279296875,3695.925048828125,1523.8155517578125,3246.594482421875,2474.751953125,10775.9951171875,255.70843505859375
2024-11-01,1632.6500244140625,1381.8253173828125,577.4672241210938,2878.48486328125,1167.65087890625,9498.1708984375,1752.35009765625,683.9097900390625,180.42359924316406,240.6862030029297,316.9965515136719,5527.3525390625,1279.955810546875,1528.724609375,393.00018310546875,1489.7701416015625,524.7843627929688,5852.65576171875,1243.774169921875,4839.51220703125,202.25051879882812,1632.6031494140625,843.120361328125,719.1420288085938,4663.8193359375,2438.051513671875,1271.19189453125,1060.7818603515625,1674.011962890625,435.1492919921875,347.8776550292969,3558.089111328125,2168.393310546875,2766.14453125,633.2998657226562,10881.75390625,2763.36767578125,1117.7047119140625,393.4212646484375,245.66868591308594,5319.140625,1557.39599609375,302.48065185546875,1327.1884765625,1623.4989013671875,790.7813720703125,25010.69921875,1824.54150390625,988.349853515625,440.1164855957031,3710.593017578125,1519.079345703125,3273.077392578125,2490.630126953125,10854.0458984375,255.49993896484375
2024-11-04,1611.949951171875,1337.0823974609375,566.5117797851562,2854.447021484375,1137.4000244140625,9161.173828125,1710.2066650390625,676.017333984375,177.01454162597656,232.1517333984375,310.1139831542969,5461.47802734375,1248.086669921875,1553.2794189453125,383.6111145019531,1487.9058837890625,517.4332885742188,5850.87158203125,1252.3648681640625,4720.56640625,202.369384765625,1637.759033203125,831.8612670898438,706.3729248046875,4464.6044921875,2425.849365234375,1256.82470703125,1062.079833984375,1676.6739501953125,430.0904541015625,344.87628173828125,3507.165771484375,2159.168212890625,2831.232666015625,622.5152587890625,10825.38671875,2740.452392578125,1100.025390625,383.4745788574219,239.83770751953125,5289.03662109375,1538.561767578125,296.2817687988281,1291.0009765625,1603.514892578125,799.1109008789062,24638.376953125,1775.9432373046875,978.9989013671875,423.912841796875,3691.920654296875,1551.9967041015625,3201.826416015625,2393.8212890625,10713.8642578125,250.61094665527344
2024-11-05,1644.25,1317.36181640625,567.1066284179688,2827.03173828125,1169.7972412109375,9497.1123046875,1733.32568359375,684.5765380859375,178.08541870117188,234.0018768310547,314.90185546875,5441.962890625,1279.7562255859375,1569.5513916015625,390.2057189941406,1488.5469970703125,517.3364868164062,5761.15185546875,1256.2158203125,4786.951171875,202.34957885742188,1647.6063232421875,853.0933227539062,712.7326049804688,4478.2138671875,2422.534912109375,1276.013671875,1088.337158203125,1667.68994140625,426.1853942871094,350.4202880859375,3507.50927734375,2152.656005859375,2846.44921875,621.5838012695312,10940.6181640625,2728.56494140625,1107.9835205078125,385.5308837890625,241.7361297607422,5349.9365234375,1530.673095703125,297.36181640625,1294.1240234375,1627.83447265625,817.7442016601562,24470.5234375,1770.7398681640625,985.0523681640625,428.9023742675781,3698.626220703125,1546.5499267578125,3210.02490234375,2439.719970703125,10883.7958984375,251.95486450195312
2024-11-06,1721.1500244140625,1357.645263671875,577.6655883789062,2836.82275390625,1164.605712890625,9637.19140625,1746.358154296875,692.0690307617188,180.01097106933594,246.66432189941406,322.0337829589844,5529.14892578125,1301.2518310546875,1562.542724609375,391.0132141113281,1544.368896484375,521.9310302734375,5902.81982421875,1285.740234375,4803.90185546875,202.81517028808594,1707.851318359375,851.83154296875,704.2365112304688,4545.19189453125,2430.650634765625,1281.5736083984375,1075.9073486328125,1733.7625732421875,426.9841613769531,351.50714111328125,3576.829345703125,2137.165283203125,2880.90771484375,635.9959716796875,11120.9853515625,2765.51611328125,1114.4234619140625,391.07806396484375,243.227783203125,5643.52978515625,1568.267578125,299.1463623046875,1314.0023193359375,1598.6806640625,823.13671875,24780.916015625,1794.1552734375,991.2536010742188,443.92034912109375,3855.368408203125,1604.2384033203125,3157.15771484375,2467.01123046875,10979.2802734375,261.3157043457031
2024-11-07,1642.699951171875,1340.897705078125,565.8177490234375,2783.509521484375,1158.0164794921875,9479.609375,1727.3836669921875,682.023193359375,178.21311950683594,242.993896484375,327.1707763671875,5523.3232421875,1279.7562255859375,1544.99658203125,390.6094665527344,1549.0733642578125,516.9979858398438,5908.5703125,1271.1754150390625,4765.65380859375,204.07321166992188,1701.859130859375,847.6094360351562,707.2175903320312,4473.84814453125,2406.15673828125,1258.30078125,1055.091064453125,1714.1309814453125,424.1440734863281,348.376220703125,3577.90869140625,2083.3427734375,2838.497314453125,619.2799072265625,11067.998046875,2710.85302734375,1108.1795654296875,386.2003479003906,239.74729919433594,5663.0244140625,1557.1988525390625,293.93365478515625,1294.4710693359375,1584.626953125,827.7589111328125,24552.517578125,1758.3203125,969.4017944335938,439.57305908203125,3865.84521484375,1563.93212890625,3101.309814453125,2460.610107421875,10761.533203125,261.083984375
2024-11-08,1598.550048828125,1349.81640625,560.0673828125,2711.6416015625,1159.064697265625,9531.3037109375,1737.4202880859375,681.1785278320312,174.5584716796875,237.77175903320312,320.4877014160156,5579.8779296875,1257.5125732421875,1561.121337890625,380.47076416015625,1568.886962890625,516.7550048828125,5898.55712890625,1267.52197265625,4675.03955078125,204.82608032226562,1707.01513671875,851.4432983398438,704.0377807617188,4430.09423828125,2437.45458984375,1238.7674560546875,1052.095947265625,1739.704345703125,424.2772216796875,348.1568298339844,3591.399658203125,2076.534912109375,2920.52001953125,617.5150756835938,11070.7890625,2729.185546875,1124.242431640625,380.3183898925781,237.3516387939453,5595.21484375,1541.1009521484375,297.0330810546875,1272.7584228515625,1564.792236328125,811.9183349609375,24309.109375,1776.6304931640625,977.3748168945312,427.56854248046875,3862.213623046875,1592.681640625,3166.30029296875,2449.147705078125,10754.2783203125,263.6790466308594
2024-11-11,1557.4000244140625,1335.7445068359375,555.6058959960938,2490.016357421875,1169.0985107421875,9539.91015625,1715.150146484375,669.6066284179688,172.06309509277344,237.9508056640625,347.8184509277344,5276.4736328125,1259.3580322265625,1522.108154296875,378.2276611328125,1591.1959228515625,508.2477722167969,5849.08740234375,1271.7186279296875,4683.05078125,205.7770538330078,1734.6988525390625,857.1941528320312,700.9075927734375,4419.50390625,2421.27099609375,1249.0509033203125,1059.084716796875,1768.367431640625,423.3009338378906,347.7978515625,3560.5419921875,2057.097412109375,2877.030029296875,605.0147705078125,11165.501953125,2732.193359375,1116.1131591796875,375.44061279296875,232.243896484375,5647.47802734375,1528.2572021484375,309.7597351074219,1261.802978515625,1560.8553466796875,816.2515869140625,24195.408203125,1761.90380859375,960.6414794921875,426.33349609375,3910.36376953125,1614.279296875,3186.52294921875,2441.80419921875,10683.287109375,265.7643737792969
2024-11-12,1524.1500244140625,1314.0419921875,551.83837890625,2423.19091796875,1156.2694091796875,9308.4658203125,1689.4844970703125,655.7182006835938,169.55789184570312,228.99855041503906,346.6214904785156,4881.2216796875,1236.61572265625,1495.004638671875,371.49847412109375,1597.5770263671875,496.3375549316406,5760.6064453125,1248.0201416015625,4629.07373046875,205.3213653564453,1739.854736328125,833.8509521484375,695.59130859375,4388.5703125,2392.548828125,1250.330078125,1057.836669921875,1776.6383056640625,419.66217041015625,343.29083251953125,3523.747802734375,2062.228271484375,2845.565673828125,583.8868408203125,10914.173828125,2724.507080078125,1104.9228515625,363.7245788574219,231.56588745117188,5606.5166015625,1498.9952392578125,303.0911865234375,1263.33984375,1557.3170166015625,796.07763671875,24150.37109375,1768.0399169921875,952.3731689453125,409.19122314453125,3909.152099609375,1598.0338134765625,3178.423828125,2421.757568359375,10606.8896484375,264.4436950683594
2024-11-13,1468.449951171875,1276.28564453125,540.6846313476562,2418.931640625,1137.30029296875,9090.58203125,1662.2210693359375,648.5862426757812,162.19949340820312,221.37918090820312,330.7117919921875,4899.62060546875,1202.00341796875,1475.841064453125,365.083251953125,1589.0853271484375,496.6778564453125,5720.35693359375,1229.357666015625,4483.0166015625,197.50555419921875,1732.3302001953125,815.967529296875,680.7354736328125,4198.505859375,2395.902099609375,1233.6995849609375,1035.0235595703125,1776.2581787109375,419.0852355957031,336.6001281738281,3481.16455078125,2011.8095703125,2747.786376953125,585.5045776367188,10822.5947265625,2716.773193359375,1094.6629638671875,364.72882080078125,228.3114013671875,5567.47998046875,1473.480224609375,298.6767578125,1241.3299560546875,1541.6187744140625,778.6962280273438,23829.724609375,1746.5880126953125,937.8053588867188,394.5684509277344,3865.33349609375,1587.23486328125,3167.890380859375,2367.6220703125,10499.9638671875,263.6790466308594
2024-11-14,1490.300048828125,1253.146240234375,539.8418579101562,2431.3173828125,1138.84765625,9120.2041015625,1637.6041259765625,646.921875,164.321533203125,222.52308654785156,334.9510498046875,4772.53076171875,1202.651611328125,1470.1065673828125,367.640380859375,1592.596435546875,494.004150390625,5700.529296875,1211.28759765625,4771.22265625,195.1280975341797,1726.9417724609375,821.5,689.6290283203125,4276.9091796875,2322.27392578125,1236.897705078125,1015.5051879882812,1772.5980224609375,413.53826904296875,340.5986022949219,3459.873291015625,1988.96826171875,2755.8857421875,580.6514282226562,10779.9384765625,2710.996337890625,1068.976806640625,356.2644958496094,226.72935485839844,5639.72998046875,1489.824462890625,297.343017578125,1256.746826171875,1557.16748046875,774.459228515625,23871.8359375,1735.9847412109375,910.4906005859375,399.80499267578125,3861.189453125,1598.50732421875,3163.76611328125,2377.943115234375,10447.669921875,262.6132507324219
2024-11-18,1456.949951171875,1267.7633056640625,545.840087890625,2431.856201171875,1124.37109375,9152.4697265625,1613.8359375,648.7789306640625,162.7791290283203,221.4886016845703,324.5274963378906,4768.404296875,1239.6580810546875,1436.2884521484375,370.87042236328125,1579.3017578125,494.3930358886719,5716.9365234375,1178.5540771484375,4763.35791015625,198.36737060546875,1704.6923828125,827.4934692382812,686.151123046875,4396.74462890625,2355.02978515625,1233.45361328125,1002.9754638671875,1722.11669921875,414.07080078125,343.56005859375,3475.473876953125,2008.602783203125,2794.85986328125,583.4946899414062,10866.033203125,2633.513427734375,1083.864501953125,350.7173767089844,226.59373474121094,5572.90869140625,1488.641357421875,297.2953186035156,1249.9554443359375,1557.466552734375,784.136962890625,23716.6171875,1715.9073486328125,916.1504516601562,399.8544006347656,3743.469482421875,1573.2154541015625,3152.437744140625,2397.642333984375,10352.625,256.19500732421875
2024-11-19,1412.699951171875,1278.0198974609375,544.8486938476562,2436.024658203125,1132.1085205078125,9180.552734375,1594.2122802734375,651.4805908203125,164.66539001464844,224.68157958984375,326.22314453125,4750.29736328125,1232.8751220703125,1442.464111328125,369.8834228515625,1600.9794921875,494.10137939453125,5849.9794921875,1198.2039794921875,4851.08984375,204.7071990966797,1691.2686767578125,845.5226440429688,676.11474609375,4436.50390625,2342.831787109375,1229.173095703125,998.5826416015625,1734.7607421875,414.78082275390625,344.55718994140625,3439.906005859375,2011.0201416015625,2895.04443359375,579.376953125,10734.1494140625,2663.2080078125,1084.32958984375,350.7173767089844,229.69650268554688,5636.27587890625,1480.062255859375,300.1534423828125,1231.0189208984375,1517.89697265625,773.2554931640625,23886.353515625,1744.869873046875,902.7637939453125,403.21368408203125,3762.142822265625,1610.0166015625,3204.509521484375,2410.79150390625,10487.64453125,260.4351806640625
2024-11-21,1145.699951171875,1104.5980224609375,480.0081787109375,2381.540771484375,1137.30029296875,9141.41015625,1567.1485595703125,638.6737670898438,162.94613647460938,226.73065185546875,322.2831726074219,4663.5478515625,1201.853759765625,1436.5335693359375,364.2757568359375,1619.4422607421875,491.7193298339844,5925.572265625,1180.3314208984375,4769.6591796875,208.89744567871094,1705.94677734375,845.0130004882812,670.152587890625,4429.119140625,2316.053466796875,1230.5999755859375,979.8629150390625,1743.6021728515625,405.7281494140625,346.4218444824219,3417.927734375,2015.7562255859375,2882.57666015625,579.4749145507812,10638.310546875,2660.2958984375,1082.885009765625,340.6271667480469,224.27825927734375,5651.27880859375,1448.5816650390625,310.49041748046875,1212.5286865234375,1473.0946044921875,751.8297119140625,23833.33984375,1747.56982421875,897.3992309570312,403.1642761230469,3793.155517578125,1612.4793701171875,3158.549072265625,2370.301513671875,10668.09375,258.1877136230469
2024-11-22,1051.800048828125,1126.498779296875,495.5738525390625,2424.745361328125,1140.544921875,9118.9541015625,1598.706298828125,660.2374267578125,166.9446258544922,233.14642333984375,330.66192626953125,4707.23828125,1205.3448486328125,1457.118408203125,371.49847412109375,1642.599365234375,498.7681884765625,5946.63916015625,1199.19140625,4871.36181640625,207.40162658691406,1763.5904541015625,847.1483154296875,683.8656005859375,4453.50439453125,2376.75390625,1257.6612548828125,996.5858764648438,1808.438720703125,421.2596740722656,351.27783203125,3535.6689453125,2043.728271484375,2957.87451171875,587.4163208007812,10836.306640625,2753.246826171875,1100.5643310546875,349.5218200683594,227.47364807128906,5721.11181640625,1457.702880859375,321.0179748535156,1254.5655517578125,1480.27099609375,785.8221435546875,24568.46875,1762.591064453125,930.373779296875,408.7960205078125,3953.11181640625,1655.295654296875,3287.983642578125,2395.90576171875,11077.5390625,264.9071350097656
2024-11-25,968.7999877929688,1156.27783203125,500.6302490234375,2412.4853515625,1154.02294921875,9060.5751953125,1602.7508544921875,660.3804931640625,168.1333770751953,239.940185546875,335.4996643066406,4761.2197265625,1236.76513671875,1473.5865478515625,374.5490417480469,1698.63818359375,507.0323791503906,6085.53125,1194.106201171875,4887.14013671875,210.87863159179688,1757.3663330078125,866.560546875,680.4869995117188,4513.14208984375,2402.22021484375,1280.1959228515625,1001.8772583007812,1796.5076904296875,423.1678161621094,357.1210021972656,3682.35498046875,2079.050537109375,2989.927978515625,595.8969116210938,10798.6474609375,2847.629638671875,1105.2900390625,352.34320068359375,238.86582946777344,5840.9873046875,1472.321533203125,326.5437316894531,1275.9805908203125,1490.287841796875,813.1701049804688,25234.884765625,1766.1256103515625,940.7091064453125,407.41278076171875,4018.7705078125,1641.2288818359375,3288.38134765625,2439.670654296875,11157.5380859375,269.91192626953125
2024-11-26,898.5499877929688,1118.669921875,489.47650146484375,2456.915771484375,1142.9410400390625,8787.919921875,1592.2650146484375,653.7178955078125,167.3572540283203,242.67559814453125,351.7584533691406,4867.67822265625,1262.2506103515625,1463.1959228515625,369.2105407714844,1699.6143798828125,510.77557373046875,6020.1494140625,1193.4642333984375,4818.16552734375,211.63148498535156,1764.6588134765625,866.5363159179688,678.1021118164062,4494.93603515625,2409.7529296875,1284.132080078125,1007.9674072265625,1829.2586669921875,423.3453674316406,355.69512939453125,3632.90380859375,2008.849609375,2930.6318359375,616.04443359375,10719.115234375,2863.5751953125,1109.3548583984375,345.887451171875,235.4852294921875,5891.5732421875,1485.0667724609375,322.78045654296875,1284.606201171875,1501.7999267578125,808.3072509765625,24752.67578125,1729.5050048828125,948.4359130859375,405.3872985839844,4053.787841796875,1653.3538818359375,3306.665771484375,2406.177001953125,10829.9443359375,272.94720458984375
2024-11-27,988.4000244140625,1189.1287841796875,510.5942687988281,2444.067138671875,1147.7830810546875,8838.7958984375,1597.9073486328125,662.3363647460938,168.3102264404297,246.3460235595703,357.7432556152344,4839.08544921875,1275.916015625,1461.6766357421875,374.2799072265625,1710.7294921875,512.865966796875,5947.48193359375,1184.82421875,4804.24365234375,210.87863159179688,1756.7623291015625,879.5181884765625,676.2637939453125,4525.1728515625,2417.237060546875,1279.9498291015625,1000.3297729492188,1829.591552734375,423.3009338378906,355.6153564453125,3629.076904296875,1979.5948486328125,2949.87353515625,637.1724243164062,10831.1650390625,2880.66650390625,1113.6153564453125,353.2040100097656,235.53155517578125,5834.275390625,1501.6822509765625,323.20916748046875,1282.1275634765625,1500.454345703125,803.2034912109375,25189.84765625,1717.5762939453125,944.9907836914062,412.6493225097656,4035.02099609375,1664.15283203125,3271.040283203125,2422.104736328125,10848.30078125,270.1204528808594
2024-11-28,1087.199951171875,1157.0704345703125,508.6113586425781,2410.866943359375,1130.6610107421875,8668.7119140625,1572.94091796875,642.995361328125,167.95654296875,251.150390625,363.0299072265625,4780.34619140625,1265.143310546875,1463.2449951171875,372.5302734375,1708.391845703125,511.4075622558594,5900.490234375,1176.97412109375,4704.78857421875,209.0658416748047,1710.173583984375,870.2245483398438,653.5577392578125,4443.65673828125,2393.22900390625,1265.8287353515625,991.9932250976562,1765.0875244140625,421.4815673828125,350.8291320800781,3597.041748046875,1971.7509765625,2845.713134765625,632.2213134765625,10724.8935546875,2823.95068359375,1095.1527099609375,346.2699890136719,233.58651733398438,5745.19482421875,1500.77001953125,317.8739929199219,1259.91943359375,1423.90673828125,807.7775268554688,25312.466796875,1702.6533203125,926.288818359375,409.53704833984375,3953.390625,1622.9940185546875,3192.237060546875,2397.096435546875,10709.9208984375,265.1619567871094
2024-11-29,1323.9000244140625,1179.318115234375,526.9530639648438,2432.00341796875,1134.454833984375,8688.0908203125,1577.8341064453125,649.5642700195312,166.1095733642578,249.75782775878906,364.2268371582031,4797.3369140625,1230.8302001953125,1503.5816650390625,373.6069641113281,1713.283935546875,512.5256958007812,6119.486328125,1187.194091796875,4720.56640625,208.79837036132812,1716.81591796875,871.632080078125,653.607421875,4423.40576171875,2426.228271484375,1279.3594970703125,994.2396240234375,1766.2283935546875,423.1235046386719,352.03564453125,3654.685791015625,2023.40283203125,2911.881103515625,632.3193969726562,10846.689453125,2840.134521484375,1094.369140625,347.80023193359375,237.75440979003906,5829.09326171875,1511.764892578125,313.824951171875,1281.1361083984375,1433.0267333984375,807.8738403320312,25838.474609375,1748.45361328125,943.61279296875,409.19122314453125,3977.55810546875,1621.99951171875,3228.657470703125,2415.9521484375,10908.921875,267.78021240234375
2024-12-02,1327.949951171875,1204.8359375,534.1906127929688,2431.463623046875,1135.2535400390625,8781.0908203125,1594.511962890625,656.947998046875,167.78952026367188,248.32545471191406,374.4010925292969,4764.42333984375,1246.041748046875,1477.8994140625,378.3622741699219,1718.185546875,509.3658752441406,6201.42333984375,1206.399658203125,4709.67333984375,207.11434936523438,1738.6005859375,875.8298950195312,636.1679077148438,4411.09716796875,2409.704345703125,1283.8369140625,989.3475952148438,1787.0960693359375,423.5228576660156,349.7821350097656,3634.326171875,2041.9521484375,2961.26123046875,633.8881225585938,11008.396484375,2912.17529296875,1102.7926025390625,342.5878601074219,238.5416717529297,5855.49658203125,1544.45361328125,312.3482360839844,1297.941162109375,1417.3782958984375,805.4183349609375,26539.568359375,1775.5997314453125,941.9887084960938,411.51312255859375,3982.960205078125,1653.8748779296875,3286.145263671875,2474.4541015625,11343.6357421875,270.885009765625
2024-12-03,1312.800048828125,1277.02880859375,561.7032470703125,2421.9990234375,1158.615478515625,8811.337890625,1604.9478759765625,659.397705078125,172.19081115722656,251.0111541748047,372.90484619140625,4766.705078125,1250.48046875,1503.5816650390625,378.7211608886719,1719.6748046875,508.0532531738281,6157.00927734375,1209.1151123046875,4732.77880859375,207.986083984375,1756.483642578125,886.3125,630.0069580078125,4363.30224609375,2413.30078125,1287.527099609375,996.735595703125,1798.789306640625,419.3959045410156,348.9744873046875,3715.763916015625,2053.890625,2971.962158203125,629.133056640625,11047.52734375,2882.5283203125,1107.6163330078125,351.4346618652344,242.9874267578125,5962.984375,1552.5888671875,314.0631408691406,1311.9698486328125,1436.216064453125,822.3182373046875,26911.4921875,1767.254638671875,940.02001953125,423.4187927246094,4007.267822265625,1657.2376708984375,3311.883056640625,2536.777099609375,11542.1015625,270.3057861328125
2024-12-04,1260.8499755859375,1258.1011962890625,559.8690795898438,2412.239990234375,1157.5672607421875,8654.9111328125,1625.919677734375,665.77392578125,174.92198181152344,250.01644897460938,378.74005126953125,4710.3447265625,1288.98291015625,1471.184814453125,373.8312683105469,1729.07373046875,508.29632568359375,6202.5634765625,1200.277587890625,4686.56787109375,213.41456604003906,1762.8936767578125,902.7157592773438,646.1546020507812,4306.49658203125,2395.464599609375,1295.0550537109375,997.2347412109375,1796.079833984375,414.5589294433594,350.4901123046875,3718.560302734375,2073.6240234375,2976.330810546875,619.2308349609375,10901.1953125,2881.334716796875,1105.70654296875,356.5036315917969,241.4591827392578,5933.423828125,1580.075927734375,309.68060302734375,1297.74267578125,1447.827880859375,827.8552856445312,27153.810546875,1767.4017333984375,946.122802734375,420.55352783203125,4055.370849609375,1666.804931640625,3343.384521484375,2499.561767578125,11458.791015625,272.4837951660156
2024-12-05,1229.5999755859375,1265.533447265625,566.2142944335938,2405.129150390625,1164.5059814453125,8551.8115234375,1641.8983154296875,676.67919921875,174.32269287109375,250.46405029296875,374.3013000488281,4730.19921875,1288.184814453125,1468.63623046875,375.4013977050781,1739.3109130859375,508.6366271972656,6043.6455078125,1224.2723388671875,4726.134765625,212.948974609375,1787.3724365234375,905.457763671875,639.099365234375,4314.392578125,2424.7216796875,1315.1788330078125,996.5858764648438,1839.4310302734375,414.9139404296875,354.00994873046875,3759.426513671875,2096.7119140625,3015.45263671875,620.8485107421875,10952.51953125,2913.41650390625,1109.4771728515625,353.0605773925781,242.014892578125,6022.65185546875,1573.764892578125,312.8245849609375,1310.7305908203125,1427.14599609375,833.3922729492188,26365.173828125,1780.410400390625,951.2904663085938,425.6912841796875,4157.49072265625,1692.712646484375,3419.505126953125,2493.111328125,11620.4462890625,277.39593505859375
2024-12-06,1210.6500244140625,1247.69580078125,560.4639282226562,2383.060791015625,1182.62646484375,8751.806640625,1633.01025390625,676.6693115234375,173.17324829101562,247.72865295410156,379.08917236328125,4729.08349609375,1271.876220703125,1448.1983642578125,374.2799072265625,1755.81103515625,509.2685852050781,6077.89697265625,1237.9482421875,4764.72509765625,211.3937225341797,1786.1646728515625,900.6531982421875,632.4912109375,4300.69091796875,2414.22412109375,1307.552490234375,988.74853515625,1827.5950927734375,418.1533508300781,354.36895751953125,3793.91455078125,2105.0986328125,3016.826904296875,621.24072265625,11085.431640625,2915.946533203125,1110.603515625,353.39532470703125,240.85714721679688,6094.21142578125,1559.1217041015625,313.3486022949219,1300.3204345703125,1443.791259765625,831.658935546875,26829.544921875,1771.967041015625,959.1649780273438,434.4353332519531,4140.21484375,1688.7816162109375,3448.373291015625,2502.390380859375,11538.3515625,275.58868408203125
2024-12-09,1216.949951171875,1255.4254150390625,566.4126586914062,2345.93798828125,1161.361083984375,8730.2158203125,1634.8577880859375,678.4522705078125,171.48345947265625,248.22598266601562,368.6656188964844,4653.4990234375,1279.0081787109375,1439.9644775390625,371.4536437988281,1759.19384765625,492.788818359375,5908.2724609375,1239.380126953125,4730.58056640625,211.76026916503906,1774.273681640625,907.5203247070312,637.7578125,4269.43212890625,2333.500244140625,1301.205322265625,981.0110473632812,1828.783447265625,412.6507568359375,356.2236022949219,3872.99755859375,2076.63330078125,2995.474365234375,595.8479614257812,11048.0654296875,2964.30810546875,1091.52880859375,353.73004150390625,239.7920379638672,6153.43408203125,1558.382080078125,313.5391540527344,1284.0609130859375,1464.4730224609375,826.266357421875,26467.48046875,1773.734375,919.3002319335938,435.4727478027344,4146.408203125,1684.0926513671875,3446.48486328125,2469.93896484375,11505.5341796875,281.520263671875
2024-12-10,1176.6500244140625,1237.4886474609375,568.5938110351562,2343.04443359375,1151.776611328125,8668.5185546875,1661.1724853515625,685.1544799804688,172.36766052246094,247.28103637695312,368.2666015625,4647.916015625,1332.921630859375,1426.4371337890625,371.49847412109375,1776.9361572265625,492.88604736328125,5881.45556640625,1224.7659912109375,4702.19921875,212.3249053955078,1798.8455810546875,906.59814453125,629.3113403320312,4262.32470703125,2330.196044921875,1309.2252197265625,982.7083129882812,1852.4554443359375,413.0945129394531,357.9087219238281,3849.3017578125,2105.592041015625,3010.83837890625,601.8775024414062,10968.1416015625,3038.019287109375,1084.4766845703125,353.0605773925781,237.93963623046875,6263.09326171875,1584.2174072265625,312.3958740234375,1273.8489990234375,1457.0474853515625,835.3662719726562,26871.80859375,1776.9742431640625,912.2131958007812,429.98919677734375,4128.154296875,1670.546875,3453.987548828125,2501.050537109375,11438.3408203125,285.5519104003906
2024-12-11,1148.050048828125,1222.673583984375,573.50146484375,2370.899169921875,1145.3870849609375,8722.9052734375,1684.2415771484375,702.8261108398438,171.3557586669922,252.35397338867188,366.9200134277344,4747.1904296875,1345.5394287109375,1425.35888671875,374.1004638671875,1774.50048828125,494.2471923828125,5876.845703125,1222.98876953125,4691.35546875,212.6616973876953,1793.782470703125,904.1716918945312,630.6528930664062,4320.06005859375,2334.083984375,1306.3223876953125,983.2573852539062,1876.79296875,412.9169921875,357.9087219238281,3843.0224609375,2121.723876953125,3015.894287109375,620.50537109375,11046.0576171875,3040.645263671875,1097.50341796875,349.56964111328125,237.6617889404297,6277.30712890625,1573.3951416015625,312.0624084472656,1267.2559814453125,1451.3663330078125,829.684814453125,27056.306640625,1780.9503173828125,920.3829956054688,429.5939636230469,4123.40478515625,1669.8363037109375,3451.3544921875,2512.21484375,11587.04296875,286.38604736328125
2024-12-12,1217.949951171875,1232.781494140625,566.8587646484375,2343.68212890625,1143.7896728515625,8620.3837890625,1677.05126953125,703.8831176757812,167.51443481445312,243.20277404785156,355.7982482910156,4687.8203125,1339.654541015625,1416.8309326171875,367.05718994140625,1813.9010009765625,492.5943603515625,5900.39111328125,1229.7525634765625,4696.923828125,210.6804962158203,1798.7061767578125,902.30322265625,622.6038818359375,4233.0166015625,2279.263671875,1308.04443359375,996.3362426757812,1889.00927734375,408.79010009765625,352.7236633300781,3787.242431640625,2091.58154296875,3011.378173828125,623.4466552734375,10937.974609375,3046.18310546875,1089.177978515625,340.1011657714844,235.29998779296875,6352.51904296875,1572.8529052734375,313.6344299316406,1252.0870361328125,1427.7939453125,822.0775146484375,26980.255859375,1772.55615234375,906.7994384765625,428.35894775390625,4149.015625,1695.2227783203125,3424.175537109375,2504.57373046875,11546.5810546875,286.478759765625
2024-12-13,1198.4000244140625,1248.587646484375,567.8502197265625,2361.434326171875,1146.28564453125,8676.3095703125,1677.4505615234375,709.5135498046875,166.74813842773438,241.46206665039062,351.9080505371094,4708.93701171875,1301.551025390625,1418.693359375,368.1338195800781,1834.5726318359375,498.57373046875,5826.03759765625,1230.6905517578125,4714.75341796875,211.14608764648438,1828.9913330078125,908.3695678710938,628.5661010742188,4250.3876953125,2323.14892578125,1323.44482421875,985.0545654296875,1901.0828857421875,417.1327209472656,360.0924377441406,3813.83251953125,2049.05615234375,3025.0732421875,627.2702026367188,11040.9638671875,3051.004638671875,1103.6005859375,341.58355712890625,235.4852294921875,6393.67822265625,1570.4368896484375,318.0645446777344,1261.951904296875,1424.106201171875,829.6366577148438,27339.6484375,1780.410400390625,915.1168823242188,423.3200378417969,4166.66455078125,1701.664306640625,3486.880615234375,2502.737548828125,11767.591796875,287.2665100097656
2024-12-16,1168.050048828125,1231.939208984375,572.0143432617188,2356.137939453125,1149.0311279296875,8654.140625,1671.40869140625,712.042236328125,166.8463897705078,246.28634643554688,352.8058166503906,4705.44189453125,1282.449462890625,1419.820556640625,368.2684326171875,1831.4068603515625,495.8028259277344,5805.9619140625,1253.994140625,4727.06298828125,211.3937225341797,1815.6136474609375,905.1907958984375,630.9509887695312,4216.52685546875,2299.869384765625,1324.6256103515625,997.7339477539062,1882.402099609375,417.22149658203125,359.8531188964844,3804.854736328125,2035.884033203125,3028.46044921875,632.4664306640625,11045.3232421875,3052.81884765625,1096.3770751953125,337.5187683105469,233.21604919433594,6424.22705078125,1574.7017822265625,319.16015625,1257.44091796875,1416.9796142578125,829.0589599609375,27834.888671875,1776.826904296875,905.9135131835938,420.40533447265625,4111.99609375,1681.9139404296875,3416.672607421875,2508.69189453125,11629.8916015625,286.5714111328125
2024-12-17,1143.25,1220.7906494140625,566.2142944335938,2310.77587890625,1134.4049072265625,8554.7451171875,1640.9495849609375,706.5501098632812,160.99110412597656,241.064208984375,350.0627746582031,4637.72216796875,1243.6478271484375,1422.173095703125,361.4943542480469,1854.7318115234375,491.3790588378906,5796.990234375,1231.974365234375,4633.42041015625,208.31297302246094,1812.08349609375,889.6853637695312,622.8026733398438,4101.43017578125,2297.05078125,1312.47265625,974.0723266601562,1879.1221923828125,416.7333679199219,355.78485107421875,3735.534423828125,2019.949462890625,2985.902587890625,621.0446166992188,10880.333984375,3037.4462890625,1078.8447265625,333.83660888671875,229.14077758789062,6464.44873046875,1519.234619140625,314.2060241699219,1234.6376953125,1405.06884765625,819.044189453125,28093.453125,1756.455078125,890.7059326171875,415.86041259765625,4031.249267578125,1677.366943359375,3384.77392578125,2434.410888671875,11466.7275390625,286.24700927734375
2024-12-18,1105.5,1199.1378173828125,559.7203369140625,2300.42822265625,1120.4276123046875,8614.1318359375,1628.5662841796875,698.8107299804688,161.06968688964844,238.57745361328125,347.1700744628906,4643.44970703125,1239.6080322265625,1443.2972412109375,355.1239929199219,1868.2237548828125,491.3790588378906,5799.31982421875,1259.3756103515625,4640.455078125,198.14944458007812,1821.14111328125,878.74169921875,620.616455078125,4077.602294921875,2293.1142578125,1293.1854248046875,963.6392211914062,1881.54638671875,417.57647705078125,354.9771728515625,3687.407958984375,2071.108154296875,2995.42529296875,628.2996826171875,10776.4130859375,3033.006591796875,1071.5479736328125,326.85479736328125,226.13064575195312,6463.36328125,1507.5494384765625,306.34613037109375,1242.5196533203125,1393.4073486328125,807.103515625,27654.1015625,1768.236328125,895.0860595703125,410.0310363769531,4049.27099609375,1685.0872802734375,3380.599853515625,2460.41162109375,11456.015625,289.7226257324219
2024-12-19,1073.6500244140625,1194.1331787109375,558.4810180664062,2247.857177734375,1107.099365234375,8639.0419921875,1587.42138671875,683.4110107421875,160.3033905029297,240.96473693847656,349.4642639160156,4646.4599609375,1210.681396484375,1476.772216796875,351.669677734375,1904.8629150390625,489.9692687988281,5770.56982421875,1308.9449462890625,4662.04638671875,199.06077575683594,1796.8946533203125,870.3944702148438,619.6227416992188,4093.859375,2293.74609375,1266.3701171875,962.8405151367188,1850.2213134765625,414.07080078125,351.407470703125,3646.394775390625,2134.008056640625,2959.54345703125,628.397705078125,10730.28125,2976.2431640625,1058.0068359375,322.69439697265625,224.00039672851562,6587.6806640625,1473.7021484375,306.44140625,1219.914794921875,1401.2813720703125,801.9515991210938,27365.0625,1790.0810546875,892.8713989257812,407.6597900390625,3978.5361328125,1661.8319091796875,3335.832275390625,2440.96044921875,11365.3037109375,289.861572265625
2024-12-20,1034.3499755859375,1171.78662109375,544.1050415039062,2238.53955078125,1070.109375,8451.1162109375,1567.5479736328125,676.466796875,156.2557830810547,234.05160522460938,335.1006774902344,4561.36083984375,1186.5426025390625,1442.9542236328125,342.7421875,1848.321044921875,488.6081237792969,5796.345703125,1326.7681884765625,4625.45849609375,192.63182067871094,1775.620849609375,859.7177734375,619.8712158203125,4031.618896484375,2268.523193359375,1267.84619140625,927.947021484375,1827.357421875,412.384521484375,347.7080993652344,3561.523193359375,2122.02001953125,2853.22314453125,615.65234375,10677.095703125,2817.26708984375,1059.525146484375,318.72528076171875,219.60098266601562,6286.14111328125,1467.68701171875,300.86798095703125,1194.980224609375,1395.9986572265625,781.9221801757812,26816.515625,1775.894287109375,875.498291015625,396.2974853515625,3883.91357421875,1597.1337890625,3335.23583984375,2373.477294921875,11123.794921875,282.8641662597656
2024-12-23,1034.6500244140625,1181.05224609375,545.9392700195312,2235.449951171875,1077.3975830078125,8433.03515625,1561.306396484375,678.2892456054688,161.4921417236328,239.67161560058594,328.7168273925781,4567.42919921875,1168.1390380859375,1446.8751220703125,343.5945739746094,1855.4024658203125,495.36529541015625,5799.0224609375,1324.4970703125,4641.138671875,195.16773986816406,1767.8638916015625,874.0343017578125,618.6290283203125,3969.053466796875,2273.3828125,1276.1121826171875,944.1707153320312,1829.4013671875,420.90472412109375,348.06707763671875,3571.972412109375,2131.4921875,2856.119140625,624.0838623046875,10599.669921875,2843.094482421875,1053.6973876953125,319.1078186035156,223.07421875,6320.14404296875,1455.3609619140625,300.3916015625,1211.834716796875,1400.683349609375,790.7332763671875,26951.671875,1781.5394287109375,888.5896606445312,395.1118469238281,3872.7373046875,1622.09423828125,3375.68115234375,2370.15283203125,11172.291015625,285.3665466308594
2024-12-24,1031.050048828125,1171.538818359375,538.4537963867188,2240.157958984375,1077.1480712890625,8442.2685546875,1562.4549560546875,672.5106811523438,163.6141815185547,238.08010864257812,343.6290588378906,4606.0224609375,1182.452880859375,1446.5809326171875,344.9853210449219,1852.9072265625,495.8028259277344,5732.5009765625,1333.927001953125,4682.513671875,194.8705596923828,1762.243408203125,872.6268310546875,618.5794067382812,3956.512939453125,2270.126953125,1276.5550537109375,933.7875366210938,1814.9034423828125,424.6322021484375,348.804931640625,3571.236572265625,2140.519775390625,2875.16455078125,620.946533203125,10516.0244140625,2798.21826171875,1061.0921630859375,320.6858825683594,221.31442260742188,6268.57177734375,1464.284912109375,295.4375305175781,1212.28076171875,1382.443359375,781.9702758789062,26463.9609375,1785.8592529296875,893.0682373046875,394.6178283691406,3892.4814453125,1614.98974609375,3332.403564453125,2408.70751953125,11092.1943359375,282.9568176269531
2024-12-26,1064.25,1232.73193359375,544.1050415039062,2218.972412109375,1074.9515380859375,8538.875,1557.2120361328125,673.2564697265625,158.6332550048828,240.46737670898438,345.57415771484375,4623.0615234375,1186.343017578125,1461.0885009765625,346.8694763183594,1872.54345703125,491.573486328125,5836.0009765625,1338.1236572265625,4690.76904296875,195.82151794433594,1765.773681640625,869.059814453125,622.454833984375,3971.283203125,2267.4052734375,1276.6533203125,930.4429931640625,1813.3348388671875,423.3009338378906,349.55279541015625,3561.1796875,2153.00146484375,2921.25634765625,620.2112426757812,10672.150390625,2777.021484375,1052.86474609375,320.06427001953125,222.5184783935547,6312.88916015625,1445.820556640625,295.6280517578125,1206.1339111328125,1404.4210205078125,782.3555297851562,26102.29296875,1807.8021240234375,886.81787109375,399.45916748046875,3882.7958984375,1609.1165771484375,3302.243896484375,2420.02099609375,11160.6552734375,282.7251281738281
2024-12-27,1054.0,1219.6014404296875,543.2623901367188,2227.7998046875,1075.7003173828125,8586.76953125,1577.1851806640625,682.34423828125,157.96519470214844,234.15106201171875,351.65869140625,4630.48828125,1190.8316650390625,1476.8211669921875,341.3963623046875,1864.2293701171875,493.08050537109375,5830.35009765625,1371.99267578125,4764.57861328125,194.88046264648438,1757.64501953125,872.6996459960938,617.9832153320312,3936.865234375,2275.667236328125,1286.6907958984375,951.8582763671875,1822.2237548828125,424.7653503417969,350.96875,3540.1826171875,2198.092041015625,2993.707275390625,620.2112426757812,10716.2744140625,2753.628662109375,1060.5535888671875,320.3990173339844,219.4157257080078,6310.71826171875,1436.921142578125,294.7705993652344,1210.595458984375,1400.683349609375,770.0296630859375,25811.2734375,1827.33935546875,893.7080688476562,394.2226257324219,3878.838134765625,1621.3837890625,3288.48046875,2402.058349609375,11107.970703125,286.478759765625
2024-12-30,1075.6500244140625,1207.511474609375,539.9409790039062,2244.326416015625,1068.2125244140625,8444.046875,1574.5885009765625,680.4180297851562,156.20664978027344,224.403076171875,366.7704162597656,4659.76123046875,1209.3348388671875,1491.3287353515625,339.0635986328125,1936.5904541015625,491.23321533203125,5992.88671875,1359.6004638671875,4743.96484375,199.15985107421875,1791.970947265625,862.82373046875,613.5115356445312,3890.0927734375,2277.854248046875,1273.9964599609375,961.9419555664062,1812.0037841796875,423.3453674316406,347.1397705078125,3511.5810546875,2280.52783203125,2948.008056640625,629.623291015625,10577.09375,2802.610595703125,1057.761962890625,316.9559020996094,215.47940063476562,6551.654296875,1435.02294921875,293.0080871582031,1200.333984375,1399.238037109375,759.1000366210938,25554.986328125,1849.576904296875,889.3278198242188,385.0833740234375,3873.202880859375,1649.0438232421875,3236.955322265625,2335.716552734375,10992.8642578125,281.47393798828125
2024-12-31,1040.699951171875,1219.997802734375,531.2162475585938,2237.558837890625,1062.970947265625,8462.0322265625,1566.0,673.9725952148438,156.26559448242188,228.18289184570312,364.4263610839844,4624.12890625,1182.95166015625,1498.778564453125,344.6712646484375,1906.0167236328125,492.93463134765625,6046.22265625,1371.0545654296875,4710.84521484375,198.13954162597656,1781.2410888671875,860.3728637695312,613.1636962890625,3865.010986328125,2261.67041015625,1261.203857421875,958.597412109375,1787.2860107421875,429.247314453125,356.1836853027344,3539.74072265625,2324.286376953125,2952.131591796875,626.9761352539062,10635.3232421875,2718.539306640625,1062.7327880859375,318.8208923339844,221.59230041503906,6373.98779296875,1431.9168701171875,294.10369873046875,1205.043212890625,1385.832275390625,765.503662109375,25459.7109375,1851.982177734375,900.3521728515625,387.7016296386719,3813.598388671875,1616.22119140625,3232.78125,2350.50341796875,11127.2529296875,279.75933837890625
2025-01-01,1046.4000244140625,1207.7095947265625,533.9923095703125,2260.411376953125,1070.0596923828125,8406.203125,1574.2889404296875,685.0656127929688,157.12030029296875,231.99256896972656,367.86761474609375,4655.1982421875,1181.355712890625,1498.87646484375,346.6900329589844,1899.231201171875,496.7751159667969,6020.64501953125,1351.7996826171875,4772.78515625,198.6249237060547,1776.1783447265625,865.1774291992188,613.3128051757812,3887.0732421875,2257.0537109375,1263.1719970703125,967.8324584960938,1789.662841796875,429.5136413574219,356.6523132324219,3598.464111328125,2333.363525390625,3025.662353515625,631.3880615234375,10978.0341796875,2725.891357421875,1062.341064453125,319.1078186035156,219.46205139160156,6353.3583984375,1411.9239501953125,295.7232971191406,1210.7935791015625,1395.7994384765625,763.8185424804688,25271.494140625,1855.5166015625,905.8643188476562,387.6522521972656,3830.03662109375,1613.9949951171875,3233.477294921875,2388.313720703125,11147.3623046875,278.3227233886719
2025-01-02,1046.5,1214.94384765625,545.1461181640625,2298.270751953125,1084.83544921875,8732.1875,1698.3726806640625,729.9015502929688,158.1027374267578,231.5051727294922,372.3063659667969,4648.4501953125,1268.2852783203125,1507.5025634765625,352.5668640136719,1912.6640625,499.1084899902344,6091.77685546875,1357.773681640625,5185.84765625,204.20199584960938,1832.149658203125,870.5158081054688,616.2442016601562,4005.18994140625,2303.612060546875,1270.0111083984375,989.7468872070312,1861.296875,434.0399169921875,366.37432861328125,3643.598388671875,2364.147705078125,3152.402587890625,640.5548706054688,11598.029296875,2767.712158203125,1077.498046875,323.2682189941406,227.90895080566406,6397.1328125,1442.9609375,300.24871826171875,1231.167724609375,1417.57763671875,771.522216796875,26446.326171875,1843.784423828125,915.0676879882812,390.7645568847656,3888.9892578125,1635.876708984375,3367.731201171875,2482.443115234375,11488.8828125,281.56658935546875
2025-01-03,1038.25,1188.732421875,544.0059204101562,2291.110595703125,1083.1383056640625,8622.740234375,1698.822021484375,731.6845703125,154.9098358154297,228.8394012451172,368.31646728515625,4693.40283203125,1316.912109375,1481.3792724609375,353.1949462890625,1907.33837890625,510.338134765625,5996.158203125,1335.655029296875,5188.4365234375,203.3203582763672,1808.4140625,848.8954467773438,619.0762329101562,3941.649658203125,2338.846435546875,1244.86865234375,996.2863159179688,1843.1387939453125,427.42791748046875,366.6734924316406,3591.007080078125,2337.260986328125,3132.22802734375,648.006103515625,11689.0703125,2739.593017578125,1093.4141845703125,325.03759765625,239.7827911376953,6322.908203125,1445.7713623046875,301.1061706542969,1240.437744140625,1442.9439697265625,764.0111083984375,25858.09375,1815.950927734375,924.7139282226562,391.9007568359375,3818.347900390625,1600.3544921875,3430.03857421875,2464.08349609375,11477.4892578125,272.9009094238281
2025-01-06,982.5999755859375,1152.5615234375,525.3667602539062,2223.63134765625,1061.6732177734375,8486.3154296875,1682.3441162109375,725.9652709960938,148.9464874267578,218.6537322998047,357.1946716308594,4651.7998046875,1290.9278564453125,1461.921630859375,339.8262023925781,1899.862548828125,490.84429931640625,5840.8583984375,1333.3839111328125,5129.18359375,195.67294311523438,1814.359619140625,830.1141357421875,602.1336059570312,3904.21240234375,2309.63818359375,1243.933837890625,968.4813232421875,1842.283203125,407.98931884765625,354.9073791503906,3535.37451171875,2328.824951171875,3048.928955078125,635.6527709960938,11514.1396484375,2766.70947265625,1070.05419921875,313.22589111328125,235.5871124267578,6229.3369140625,1427.23291015625,291.5313720703125,1207.5714111328125,1429.9368896484375,747.640869140625,25672.15625,1813.741943359375,932.047119140625,374.11627197265625,3813.784423828125,1597.37060546875,3448.671142578125,2395.5087890625,11202.48046875,272.7618408203125
2025-01-07,1005.5,1163.412841796875,531.1666870117188,2248.5927734375,1065.7666015625,8473.2841796875,1680.49658203125,726.4196166992188,152.2572784423828,223.62721252441406,381.3833923339844,4691.6064453125,1272.7740478515625,1467.8519287109375,340.768310546875,1897.5845947265625,494.73333740234375,5857.01806640625,1334.5689697265625,5058.06005859375,195.45501708984375,1779.8477783203125,831.5215454101562,615.946044921875,3866.357421875,2323.829345703125,1258.8421630859375,982.0093994140625,1835.6282958984375,406.56072998046875,353.3917541503906,3574.7197265625,2326.210205078125,3052.021484375,630.9957885742188,11480.4951171875,2793.969482421875,1083.59521484375,314.2779541015625,244.04324340820312,6252.1865234375,1443.429443359375,290.62628173828125,1230.2257080078125,1472.895263671875,749.9037475585938,25766.5859375,1819.632568359375,940.02001953125,374.215087890625,3751.6650390625,1583.01953125,3483.154052734375,2366.381591796875,11314.421875,272.5301513671875
2025-01-08,988.9500122070312,1141.9085693359375,533.4470825195312,2289.54150390625,1073.2044677734375,8311.662109375,1694.7274169921875,726.5628662109375,149.05455017089844,220.19549560546875,370.2615661621094,4718.45166015625,1272.0257568359375,1465.3525390625,341.2618103027344,1885.3153076171875,499.49737548828125,5817.80908203125,1353.5277099609375,5044.28515625,193.6620330810547,1795.03662109375,822.2522583007812,614.1077270507812,3844.109375,2333.74365234375,1243.58935546875,979.4635620117188,1837.81494140625,414.3490295410156,352.7137145996094,3528.653564453125,2222.116943359375,3029.6875,625.897705078125,11579.1259765625,2792.6806640625,1087.1456298828125,311.2174072265625,251.3046417236328,6149.4365234375,1433.7657470703125,292.150634765625,1254.664794921875,1458.34326171875,742.5853271484375,25789.919921875,1804.267578125,946.5164794921875,369.57135009765625,3826.264404296875,1576.009765625,3462.23583984375,2343.854248046875,11105.0498046875,275.7740173339844
2025-01-09,977.7000122070312,1122.138427734375,520.756591796875,2305.087158203125,1060.02587890625,8497.8564453125,1688.0364990234375,718.8629760742188,146.29393005371094,215.23199462890625,369.7628479003906,4782.9189453125,1284.943115234375,1458.7847900390625,333.9493408203125,1831.071533203125,506.692138671875,5774.3369140625,1354.366943359375,5021.521484375,191.62139892578125,1797.405517578125,809.3916625976562,608.3442993164062,3847.03564453125,2367.1796875,1242.260986328125,979.3138427734375,1822.7467041015625,414.8559875488281,357.0113220214844,3461.491943359375,2222.80810546875,3069.348876953125,653.839599609375,11499.349609375,2742.1708984375,1104.8494873046875,306.38751220703125,243.7561492919922,6099.24560546875,1458.541015625,290.81683349609375,1244.0067138671875,1463.6258544921875,732.2816772460938,25724.869140625,1793.075439453125,954.8831787109375,362.75396728515625,3761.49072265625,1556.1646728515625,3465.217041015625,2308.772705078125,10965.0625,270.908203125
2025-01-10,943.0499877929688,1102.1700439453125,506.8763427734375,2276.20263671875,1039.010009765625,8428.7548828125,1698.9718017578125,719.9100341796875,141.43087768554688,203.4050750732422,360.0374755859375,4795.44384765625,1251.8770751953125,1439.7684326171875,330.62957763671875,1854.9683837890625,503.53228759765625,5721.595703125,1337.3831787109375,4941.94775390625,187.32220458984375,1853.4234619140625,804.029052734375,604.816650390625,3829.3388671875,2373.6435546875,1229.9111328125,936.0838012695312,1869.947998046875,410.0631408691406,350.2308349609375,3469.586669921875,2161.88134765625,3036.31396484375,660.702392578125,11392.1474609375,2783.275634765625,1100.85791015625,294.81488037109375,243.60792541503906,6237.72607421875,1430.487060546875,285.5292663574219,1231.266845703125,1473.443603515625,715.71875,25503.41015625,1752.2823486328125,957.540771484375,352.08331298828125,3972.715576171875,1615.65283203125,3418.7099609375,2265.901123046875,10580.7919921875,278.554443359375
2025-01-13,889.75,1057.0308837890625,488.9807434082031,2209.40966796875,1047.5960693359375,8267.421875,1671.9080810546875,706.3673706054688,135.25137329101562,191.55824279785156,364.2767333984375,4783.64697265625,1219.4591064453125,1410.75341796875,325.6051330566406,1717.169677734375,496.5805969238281,5683.08056640625,1318.3255615234375,4825.3466796875,185.95518493652344,1848.1282958984375,791.4595947265625,595.97265625,3756.369384765625,2382.343017578125,1210.1318359375,940.1771850585938,1865.4322509765625,404.6712341308594,346.68109130859375,3399.08935546875,2125.719970703125,2944.8173828125,655.3101196289062,11261.48828125,2651.989013671875,1095.6915283203125,285.2029724121094,236.85598754882812,5925.57666015625,1378.89013671875,274.0013732910156,1229.234375,1462.579345703125,702.4780883789062,24647.494140625,1715.0728759765625,950.3060913085938,335.8796691894531,3996.41748046875,1572.1259765625,3361.570068359375,2160.0615234375,10337.287109375,270.4911804199219
2025-01-14,1006.8499755859375,1107.02587890625,510.9412536621094,2196.953369140625,1049.9423828125,8281.80078125,1711.205322265625,724.5477294921875,145.34095764160156,196.0542755126953,386.6699523925781,4720.87890625,1267.4873046875,1419.134521484375,331.30255126953125,1694.8509521484375,498.2820739746094,5938.658203125,1320.744873046875,4913.712890625,190.74966430664062,1684.765869140625,799.1031494140625,596.6682739257812,3811.177734375,2301.619140625,1220.5135498046875,960.544189453125,1844.374755859375,402.41302490234375,349.11407470703125,3397.421142578125,2125.8681640625,2993.756591796875,648.1531372070312,11499.9375,2654.61474609375,1086.7294921875,296.8711853027344,241.15354919433594,5803.875,1384.9298095703125,276.5260925292969,1228.143798828125,1494.3245849609375,720.4373168945312,24900.859375,1738.586669921875,948.042236328125,352.6761169433594,3942.353759765625,1560.6168212890625,3301.697265625,2218.017578125,10209.326171875,271.4179992675781
2025-01-15,1035.050048828125,1118.7196044921875,514.8574829101562,2186.900146484375,1025.132568359375,8249.87109375,1669.411376953125,708.9800415039062,145.67498779296875,201.08743286132812,381.0841064453125,4735.05419921875,1250.679931640625,1418.59521484375,336.1026916503906,1693.0657958984375,501.1988220214844,5826.1865234375,1320.399169921875,4964.857421875,192.3148193359375,1696.052978515625,797.38037109375,590.4576416015625,3819.7705078125,2306.52783203125,1218.49609375,960.8936767578125,1853.501220703125,403.1043395996094,356.89166259765625,3435.49072265625,2100.313232421875,2906.137939453125,646.82958984375,11701.951171875,2654.13720703125,1077.2286376953125,307.3439025878906,239.12515258789062,6032.0283203125,1381.873046875,284.5289001464844,1241.478515625,1467.9117431640625,725.7816772460938,25063.759765625,1724.8414306640625,940.5614013671875,361.0743408203125,3957.76806640625,1587.56640625,3302.69091796875,2233.39990234375,10246.234375,271.2326354980469
2025-01-16,1070.25,1140.3724365234375,535.5291137695312,2173.071044921875,1036.314453125,8253.6689453125,1695.0770263671875,717.1145629882812,148.5142059326172,209.47268676757812,392.15606689453125,4703.54833984375,1278.8583984375,1414.968505859375,339.9159851074219,1722.2587890625,507.9074401855469,5865.0478515625,1286.3819580078125,4931.54248046875,193.582763671875,1664.978271484375,801.7481079101562,637.3603515625,3784.65625,2279.312255859375,1229.173095703125,973.7727661132812,1833.3466796875,398.9566955566406,360.0724792480469,3441.868408203125,2070.91064453125,2926.115966796875,639.8195190429688,11843.873046875,2693.905029296875,1062.3656005859375,311.3130798339844,243.7561492919922,5992.89208984375,1373.12158203125,283.576171875,1255.6065673828125,1508.62744140625,737.9149169921875,25185.486328125,1731.1741943359375,922.9913940429688,364.4830322265625,3917.44140625,1598.6494140625,3296.132080078125,2260.74072265625,10357.78515625,266.96923828125
2025-01-17,1078.199951171875,1153.0074462890625,531.6624755859375,2217.599365234375,989.440673828125,8253.140625,1678.3992919921875,709.4443969726562,148.58299255371094,212.94418334960938,392.7046813964844,4713.11181640625,1254.2210693359375,1413.792236328125,347.81158447265625,1704.5457763671875,511.4562072753906,5865.0478515625,1292.948486328125,4896.85986328125,189.7788848876953,1678.7261962890625,794.3229370117188,638.1553344726562,3806.858154296875,2288.060302734375,1205.9002685546875,969.3799438476562,1725.9193115234375,405.731201171875,350.70947265625,3501.474853515625,2084.970703125,2864.022216796875,651.3884887695312,11887.017578125,2689.89501953125,1085.8233642578125,311.9347229003906,246.89598083496094,5883.923828125,1387.0992431640625,288.2921447753906,1291.19921875,1535.4390869140625,735.7964477539062,25084.41796875,1754.00048828125,939.4786987304688,369.12677001953125,3911.75048828125,1572.7418212890625,3336.37841796875,2283.76416015625,10303.0576171875,261.3157043457031
2025-01-20,1066.75,1138.3409423828125,530.7701416015625,2236.774169921875,986.445556640625,8217.5556640625,1732.8763427734375,734.9295043945312,149.76190185546875,215.76910400390625,400.5348205566406,4743.20947265625,1243.7476806640625,1416.8798828125,347.2732238769531,1708.59912109375,507.129638671875,5948.86962890625,1285.987060546875,4901.2080078125,192.2058563232422,1685.576416015625,801.35986328125,630.056640625,3801.37744140625,2279.506591796875,1213.28076171875,969.1303100585938,1723.8756103515625,403.42694091796875,382.9964294433594,3525.36669921875,2102.237060546875,2835.306884765625,644.5745849609375,11773.107421875,2678.485107421875,1084.25634765625,321.4031982421875,249.48004150390625,6011.94189453125,1374.4774169921875,291.7695617675781,1294.272705078125,1494.7730712890625,750.38525390625,24916.513671875,1745.851806640625,945.2368774414062,369.96661376953125,3867.64697265625,1586.2874755859375,3361.0732421875,2275.52734375,10346.34375,278.27642822265625
2025-01-21,1045.699951171875,1096.22412109375,527.200927734375,2216.9619140625,968.6245727539062,8144.60693359375,1714.70068359375,720.265625,147.6398468017578,208.43821716308594,389.5626220703125,4761.12255859375,1237.36376953125,1399.7747802734375,342.3384094238281,1629.5018310546875,506.7893371582031,5768.73583984375,1271.9654541015625,4855.48583984375,190.54164123535156,1691.3946533203125,797.0648803710938,620.0699462890625,3738.858642578125,2274.93798828125,1177.0677490234375,958.8969116210938,1711.896728515625,403.2886657714844,377.57208251953125,3474.443603515625,2076.189453125,2769.727783203125,653.3493041992188,11639.55859375,2648.217529296875,1075.66162109375,310.1653137207031,246.18276977539062,5820.25927734375,1355.7171630859375,288.053955078125,1262.7945556640625,1461.7320556640625,730.9334716796875,24857.80859375,1730.5849609375,956.851806640625,361.5189514160156,3827.859130859375,1553.9859619140625,3332.354248046875,2274.485107421875,10388.55859375,276.5154724121094
2025-01-22,1031.699951171875,1092.309814453125,532.05908203125,2218.67822265625,957.7421875,8137.20068359375,1740.965576171875,730.6868896484375,148.8482208251953,204.3699188232422,387.0689392089844,4812.4345703125,1253.9217529296875,1410.9495849609375,340.2299499511719,1623.0125732421875,506.0601501464844,5762.39111328125,1279.9637451171875,4894.32080078125,188.3127899169922,1715.136474609375,808.5423583984375,614.3065185546875,3767.563232421875,2277.3193359375,1181.299072265625,969.3799438476562,1764.8974609375,402.78173828125,382.3981628417969,3451.974609375,2110.623779296875,2774.78369140625,652.3198852539062,11773.4013671875,2682.017822265625,1081.219970703125,308.34814453125,244.56192016601562,5609.4775390625,1358.20703125,283.4809265136719,1266.1654052734375,1455.25341796875,725.5408935546875,25061.73046875,1766.174560546875,952.2255249023438,354.5533752441406,3942.38623046875,1595.1444091796875,3335.4345703125,2255.97705078125,10413.830078125,286.478759765625
2025-01-23,1030.25,1094.0440673828125,544.1050415039062,2232.65478515625,949.505615234375,8078.63134765625,1743.8116455078125,735.2406616210938,148.4847412109375,205.3944549560547,396.2955322265625,4866.70703125,1242.8997802734375,1422.4671630859375,346.15167236328125,1813.9996337890625,510.04632568359375,5800.509765625,1273.1998291015625,4998.36767578125,188.95668029785156,1695.7113037109375,807.9843139648438,617.0888061523438,3809.04150390625,2256.664794921875,1182.5784912109375,969.3799438476562,1773.4534912109375,405.731201171875,377.88116455078125,3437.30615234375,2122.51318359375,2833.686767578125,654.8199462890625,11798.279296875,2787.047119140625,1076.885986328125,309.543701171875,243.6357421875,6206.19140625,1434.5792236328125,280.4322204589844,1252.83056640625,1445.0869140625,718.2705688476562,25690.19140625,1800.193115234375,968.4667358398438,358.40667724609375,3931.811279296875,1623.04150390625,3377.27099609375,2282.623046875,11121.9453125,294.4493713378906
2025-01-24,1012.0999755859375,1084.2828369140625,547.0794067382812,2218.972412109375,946.959716796875,8080.1220703125,1726.385009765625,734.7813110351562,146.21531677246094,199.1278839111328,387.2684631347656,4953.068359375,1219.957763671875,1383.5029296875,343.68426513671875,1821.5247802734375,507.1782531738281,5712.92138671875,1209.016357421875,5086.39208984375,186.34149169921875,1682.432861328125,800.6561889648438,617.1881713867188,3764.033203125,2301.76513671875,1189.90966796875,949.262451171875,1782.96044921875,407.02154541015625,376.1561279296875,3393.10400390625,2105.789306640625,2750.19140625,653.1532592773438,11722.029296875,2873.314453125,1081.2689208984375,309.543701171875,237.57843017578125,6278.1953125,1407.41259765625,281.861328125,1235.6292724609375,1435.6680908203125,716.58544921875,25547.849609375,1789.0008544921875,976.7841796875,359.0488586425781,3938.354736328125,1632.1824951171875,3380.848388671875,2253.4462890625,10990.4296875,296.6737060546875
2025-01-27,998.9500122070312,1072.242431640625,530.3240356445312,2208.281982421875,946.5604248046875,8063.8681640625,1709.307861328125,720.6409912109375,146.87355041503906,193.50784301757812,369.3139343261719,5025.59423828125,1172.3785400390625,1368.50537109375,337.134521484375,1736.1351318359375,509.31719970703125,5528.67333984375,1182.6025390625,5026.01611328125,189.343017578125,1606.5152587890625,790.9500732421875,606.3568725585938,3730.63720703125,2325.82177734375,1208.3604736328125,924.951904296875,1732.146484375,405.6390075683594,375.19891357421875,3392.564453125,2051.276123046875,2779.839599609375,643.7903442382812,11747.4453125,2804.376953125,1065.0345458984375,308.15692138671875,232.27133178710938,5982.6767578125,1413.5509033203125,273.42974853515625,1218.82421875,1419.7205810546875,721.4483642578125,24902.05078125,1754.2950439453125,950.650634765625,347.6865539550781,3855.648681640625,1566.6793212890625,3298.56689453125,2214.44482421875,10945.2939453125,285.41290283203125
2025-01-28,987.2999877929688,1070.9542236328125,538.50341796875,2198.76806640625,982.202392578125,8077.14111328125,1766.5810546875,751.376220703125,148.465087890625,186.6245574951172,358.9901123046875,4913.4560546875,1238.5606689453125,1392.52099609375,332.5586242675781,1676.38818359375,510.77557373046875,5363.5595703125,1166.4085693359375,4987.81591796875,182.36920166015625,1588.9669189453125,810.6535034179688,607.6983642578125,3740.298583984375,2321.933837890625,1227.0081787109375,932.639404296875,1739.51416015625,401.3531494140625,376.46527099609375,3349.637939453125,1995.381591796875,2818.126708984375,650.947265625,11874.6767578125,2753.437744140625,1055.9989013671875,304.3790588378906,230.3262939453125,5833.68310546875,1412.1212158203125,270.52392578125,1223.8311767578125,1414.8365478515625,724.5298461914062,25795.419921875,1674.42724609375,946.1720581054688,342.2030334472656,3832.079833984375,1561.421875,3305.07568359375,2318.0517578125,11000.6552734375,286.9725341796875
2025-01-29,987.6500244140625,1087.0576171875,517.6334838867188,2180.47607421875,981.8031005859375,8295.8896484375,1788.00244140625,766.4945068359375,147.6987762451172,198.7996368408203,354.8007507324219,4890.44580078125,1293.2720947265625,1395.8048095703125,340.4542541503906,1725.257080078125,503.7267150878906,5571.69921875,1166.3592529296875,5063.53125,184.4296417236328,1613.131103515625,814.0020141601562,624.3925170898438,3783.123291015625,2317.1708984375,1231.6824951171875,946.7665405273438,1788.474365234375,399.4175720214844,382.966552734375,3384.763916015625,2040.57080078125,2870.894287109375,658.6925659179688,11731.8232421875,2873.2666015625,1067.9483642578125,307.2482604980469,232.84555053710938,6194.59326171875,1425.40869140625,274.23956298828125,1224.921630859375,1456.1007080078125,730.355712890625,26408.126953125,1703.7333984375,945.4337768554688,346.7479553222656,3888.51318359375,1592.4921875,3349.645263671875,2446.02197265625,11242.650390625,295.33782958984375
2025-01-30,971.8499755859375,1067.337158203125,505.19085693359375,2206.663330078125,983.1010131835938,8413.1748046875,1742.8629150390625,780.5211181640625,145.6455078125,195.328125,356.09747314453125,4927.630859375,1276.1654052734375,1428.6427001953125,345.4787902832031,1646.1456298828125,518.8939208984375,5686.451171875,1179.4920654296875,5045.40869140625,183.2211151123047,1607.594482421875,820.8933715820312,630.156005859375,3880.988525390625,2341.276611328125,1235.5693359375,955.5023803710938,1768.2247314453125,402.04443359375,379.20733642578125,3356.55517578125,2036.8707275390625,2917.133056640625,658.9867553710938,11753.4697265625,2738.017578125,1085.8968505859375,308.92205810546875,237.77291870117188,5978.18505859375,1423.1900634765625,281.3849182128906,1242.3214111328125,1468.061279296875,734.3519897460938,26585.64453125,1707.4150390625,951.5365600585938,347.9335632324219,3888.749755859375,1582.02490234375,3347.3095703125,2436.593994140625,11178.9150390625,292.0767822265625
2025-01-31,997.5499877929688,1089.4359130859375,508.4130554199219,2256.635498046875,984.4986572265625,8509.349609375,1733.7750244140625,778.8863525390625,148.72052001953125,206.9859619140625,361.6334228515625,4980.3505859375,1282.598876953125,1450.1588134765625,360.4560241699219,1633.593017578125,515.1507568359375,5529.615234375,1202.054931640625,5074.6689453125,185.44996643066406,1619.183837890625,824.4118041992188,634.0314331054688,4030.87548828125,2399.64453125,1232.814208984375,989.59716796875,1787.0960693359375,412.4595947265625,379.16748046875,3500.248291015625,2052.70654296875,2935.197021484375,657.51611328125,12057.7373046875,2738.351806640625,1132.8372802734375,312.29559326171875,243.2281951904297,5974.12548828125,1415.8682861328125,287.3870544433594,1254.2681884765625,1478.7259521484375,744.2705078125,27542.232421875,1712.1766357421875,1008.5775756835938,360.1357116699219,3900.46337890625,1586.1455078125,3468.39697265625,2439.223876953125,11186.75390625,294.81793212890625
2025-02-01,996.5,1074.323486328125,497.2097473144531,2306.018798828125,996.5291748046875,8805.375,1751.651123046875,790.2460327148438,148.7303466796875,198.9587860107422,369.5134582519531,5049.9638671875,1262.300537109375,1411.0474853515625,350.8050537109375,1596.528076171875,524.1441040039062,5570.11279296875,1189.810791015625,5266.00830078125,182.35928344726562,1589.6707763671875,820.6264038085938,621.5604858398438,4089.3994140625,2435.85107421875,1235.520263671875,1007.7677612304688,1760.0489501953125,426.33111572265625,379.52642822265625,3382.60546875,2028.8294677734375,3020.508544921875,680.6048583984375,12651.140625,2672.0400390625,1139.693359375,306.2231750488281,238.5416717529297,5876.03515625,1453.11767578125,276.1450500488281,1253.7724609375,1449.5721435546875,737.6260375976562,27114.025390625,1710.45849609375,1053.0684814453125,363.989013671875,3863.236572265625,1559.5748291015625,3529.76025390625,2535.685302734375,10964.4296875,288.1068115234375
2025-02-03,970.0999755859375,1075.0667724609375,490.9140625,2248.24951171875,987.7933959960938,8585.0869140625,1792.4464111328125,832.29638671875,144.96763610839844,195.19883728027344,363.52862548828125,4956.95166015625,1334.2681884765625,1392.47216796875,340.5166931152344,1649.4566650390625,519.7203369140625,5833.3740234375,1188.724609375,5358.91748046875,178.8624725341797,1587.7940673828125,814.3417358398438,617.486328125,3982.10546875,2373.54638671875,1233.0108642578125,1011.0623779296875,1771.40966796875,418.7732238769531,375.8171081542969,3227.285400390625,2005.149658203125,3115.29345703125,660.1632080078125,12870.0,2690.420166015625,1134.7471923828125,300.0061950683594,230.62271118164062,6017.84716796875,1459.773681640625,270.38104248046875,1235.232666015625,1455.1536865234375,732.7631225585938,27303.87890625,1708.8876953125,1020.0448608398438,350.6506652832031,3858.968505859375,1567.4368896484375,3557.883056640625,2633.5859375,10882.1416015625,296.4248352050781
2025-02-04,983.1500244140625,1114.9537353515625,509.3053894042969,2309.15771484375,1013.6513061523438,8570.517578125,1810.82177734375,837.1909790039062,148.35702514648438,205.62322998046875,370.1119384765625,4881.9990234375,1391.3734130859375,1420.4088134765625,342.8384094238281,1672.179931640625,526.0399780273438,6043.69482421875,1204.622314453125,5324.5771484375,179.52618408203125,1625.8465576171875,835.1613159179688,621.9580078125,3936.075927734375,2369.755615234375,1247.9683837890625,1045.4566650390625,1805.1590576171875,419.5105285644531,384.59185791015625,3374.412353515625,2083.046630859375,3130.755615234375,663.790771484375,12840.6171875,2678.676025390625,1126.103515625,307.5726013183594,235.34628295898438,6052.65673828125,1443.10888671875,272.1435546875,1274.196044921875,1467.5628662109375,750.3370971679688,27678.4765625,1733.088623046875,1017.9776611328125,357.71502685546875,3895.389404296875,1571.5577392578125,3575.174072265625,2624.306884765625,11217.6240234375,298.9297180175781
2025-02-05,1017.7999877929688,1134.0301513671875,517.3360595703125,2231.52685546875,1011.654541015625,8586.2900390625,1794.3438720703125,840.559326171875,151.2552032470703,207.90106201171875,389.26336669921875,4789.08447265625,1384.490966796875,1408.4010009765625,348.5743713378906,1680.7000732421875,516.7550048828125,6070.7099609375,1212.126953125,5292.435546875,182.14137268066406,1607.35986328125,843.3629760742188,623.8956909179688,3967.010009765625,2324.072265625,1247.476318359375,1059.48388671875,1803.4952392578125,413.05865478515625,381.2514953613281,3319.515625,2155.96142578125,3120.643798828125,655.6533203125,12817.9423828125,2713.478759765625,1101.3721923828125,308.0545349121094,242.33905029296875,6129.455078125,1424.4964599609375,271.71490478515625,1267.2559814453125,1464.3236083984375,737.6741943359375,28193.365234375,1720.81640625,999.3742065429688,361.81536865234375,3880.261474609375,1573.4049072265625,3469.042724609375,2597.16455078125,11282.431640625,299.733154296875
2025-02-06,997.5999755859375,1153.5526123046875,509.7515563964844,2219.953369140625,1019.0425415039062,8507.955078125,1785.6055908203125,840.3469848632812,149.60472106933594,203.75320434570312,395.94647216796875,4811.80322265625,1378.40625,1442.4149169921875,345.6153869628906,1684.495361328125,511.6020202636719,6066.94287109375,1221.112548828125,5218.96728515625,181.89370727539062,1617.3541259765625,846.299072265625,627.9699096679688,3929.5263671875,2306.236083984375,1252.101318359375,1063.8270263671875,1821.177978515625,406.56072998046875,382.08905029296875,3289.63916015625,2156.2080078125,3082.552978515625,648.5942993164062,12805.4052734375,2697.963134765625,1096.7198486328125,301.50018310546875,237.2449951171875,6168.2255859375,1429.5994873046875,267.8563537597656,1270.577392578125,1460.286865234375,724.3853759765625,27618.07421875,1720.5693359375,1007.2978515625,360.97552490234375,3872.341796875,1581.5513916015625,3389.394775390625,2571.659912109375,11176.9169921875,300.5365905761719
2025-02-07,989.5,1135.7642822265625,508.3634948730469,2227.407470703125,1022.43701171875,8645.533203125,1795.9417724609375,837.082275390625,149.69313049316406,201.76380920410156,385.82208251953125,4728.7431640625,1377.95703125,1443.150146484375,344.38623046875,1687.36181640625,512.4769897460938,6087.61279296875,1224.8154296875,5248.81298828125,186.37123107910156,1619.37158203125,840.9122314453125,631.6962280273438,3970.9580078125,2297.634033203125,1236.8487548828125,1077.35498046875,1809.7696533203125,397.1133117675781,384.74139404296875,3274.08740234375,2171.797119140625,3139.983642578125,639.9207763671875,12781.408203125,2738.876953125,1096.670654296875,305.5002746582031,235.11956787109375,6193.478515625,1415.3260498046875,268.0973205566406,1255.8544921875,1466.1175537109375,709.8928833007812,28041.48828125,1728.2734375,1005.181640625,362.70458984375,3821.7412109375,1602.86474609375,3403.35693359375,2585.85107421875,11335.89453125,300.5838928222656
2025-02-10,954.0499877929688,1133.881591796875,502.4148254394531,2226.573974609375,1010.1070556640625,8540.8466796875,1789.999755859375,818.5660400390625,146.29393005371094,201.90306091308594,376.1965026855469,4766.75390625,1345.6083984375,1430.0150146484375,337.330078125,1663.363525390625,513.4492797851562,5887.60205078125,1205.609619140625,5212.47021484375,184.80606079101562,1627.06640625,832.6619873046875,631.6962280273438,3898.31396484375,2295.301025390625,1242.4576416015625,1066.27294921875,1787.5712890625,393.7491455078125,390.9036560058594,3265.99267578125,2140.470458984375,3079.90234375,634.8447875976562,12635.7138671875,2661.011962890625,1094.674560546875,299.2832946777344,229.02667236328125,5935.7998046875,1414.0687255859375,258.9888610839844,1242.916259765625,1443.4422607421875,709.5076293945312,27837.94921875,1710.7911376953125,1011.3828125,353.9111633300781,3828.902099609375,1609.4483642578125,3306.6162109375,2538.960205078125,11230.4287109375,301.5763244628906
2025-02-11,946.2000122070312,1129.818359375,495.6234130859375,2197.83642578125,1005.7640991210938,8426.83203125,1742.5133056640625,809.1227416992188,141.87298583984375,198.65042114257812,361.0848083496094,4761.31640625,1308.218017578125,1424.427734375,326.859619140625,1600.5606689453125,503.33782958984375,5895.48388671875,1194.599853515625,4857.83056640625,181.9432373046875,1617.072265625,825.6978759765625,614.7039184570312,3795.292724609375,2250.3955078125,1232.764892578125,1052.4454345703125,1783.150634765625,385.5459899902344,382.6175537109375,3178.66796875,2040.0283203125,3029.5400390625,625.579833984375,12462.9375,2590.9765625,1082.081787109375,294.5602722167969,225.72044372558594,5771.85546875,1405.6871337890625,252.00088500976562,1224.2772216796875,1414.3382568359375,704.018798828125,27784.046875,1678.839111328125,997.897705078125,344.92010498046875,3759.284912109375,1581.07763671875,3261.251953125,2466.117919921875,11004.404296875,295.85772705078125
2025-02-12,916.9000244140625,1118.76904296875,496.81317138671875,2185.47802734375,1005.2649536132812,8378.359375,1786.3045654296875,811.3799438476562,139.92774963378906,197.77508544921875,355.05010986328125,4775.15185546875,1349.701904296875,1420.5556640625,328.0887756347656,1582.3050537109375,511.1645202636719,5918.384765625,1200.5738525390625,4737.76123046875,182.22061157226562,1611.5357666015625,828.3185424804688,625.1875,3824.051025390625,2267.162109375,1231.8299560546875,1037.9688720703125,1771.2672119140625,383.76715087890625,387.6729736328125,3227.726806640625,1998.1934814453125,2932.59521484375,623.0664672851562,12395.55078125,2546.1005859375,1081.21923828125,295.1867980957031,224.25625610351562,5649.89892578125,1394.5689697265625,247.7598876953125,1206.1339111328125,1447.37939453125,705.9928588867188,28027.54296875,1673.01171875,1013.5975341796875,343.9320983886719,3746.5751953125,1591.59228515625,3235.06689453125,2474.503662109375,11178.037109375,293.2110900878906
2025-02-13,913.75,1101.5260009765625,498.201171875,2193.471435546875,1006.5628051757812,8358.884765625,1846.7735595703125,830.6370239257812,137.82534790039062,200.74923706054688,358.3916320800781,4746.41357421875,1388.5902099609375,1443.0521240234375,329.2723693847656,1556.814208984375,505.4281311035156,5958.68408203125,1208.2265625,4709.3798828125,180.0908203125,1598.2103271484375,823.9022827148438,625.6346435546875,3767.67724609375,2256.470458984375,1228.976318359375,1045.5565185546875,1752.3485107421875,383.5799255371094,393.4263916015625,3202.216064453125,2027.8428955078125,2923.5634765625,625.3827514648438,12410.9775390625,2484.371826171875,1073.2349853515625,295.6205749511719,221.94190979003906,5608.40478515625,1389.4412841796875,249.78399658203125,1205.687744140625,1465.6690673828125,700.6965942382812,28017.56640625,1724.8658447265625,1006.7565307617188,343.6850891113281,3708.636962890625,1586.9508056640625,3211.266845703125,2456.591064453125,11244.208984375,291.6513977050781
2025-02-14,884.4000244140625,1053.116455078125,485.3123779296875,2188.4697265625,995.8801879882812,8181.10595703125,1838.8343505859375,828.9873046875,133.00161743164062,192.2843780517578,348.466796875,4795.88037109375,1373.8134765625,1430.6031494140625,322.48931884765625,1540.5849609375,505.4768371582031,5793.37158203125,1182.010009765625,4595.0263671875,179.30825805664062,1605.8583984375,822.5191040039062,622.2560424804688,3678.021728515625,2253.40869140625,1239.99755859375,1022.7434692382812,1764.8499755859375,384.0948181152344,389.3581237792969,3176.70556640625,1943.631103515625,2888.810546875,624.6434936523438,12419.744140625,2438.827392578125,1082.2542724609375,289.49993896484375,217.73829650878906,5508.7802734375,1383.5740966796875,248.04905700683594,1206.827880859375,1460.6356201171875,695.4003295898438,28346.185546875,1679.579833984375,1006.510498046875,333.1131896972656,3732.06396484375,1571.60498046875,3193.13134765625,2383.153076171875,10969.005859375,291.22607421875
2025-02-17,890.3499755859375,1073.1343994140625,484.1226501464844,2207.644287109375,991.3375854492188,8210.5830078125,1892.3125,832.37548828125,130.48658752441406,192.4435272216797,346.67132568359375,4819.23095703125,1354.7938232421875,1445.502685546875,327.8611145019531,1518.9588623046875,506.1087646484375,5872.681640625,1183.8861083984375,4635.912109375,179.833251953125,1604.5916748046875,833.4384765625,619.32470703125,3691.400634765625,2264.14892578125,1231.1904296875,1046.554931640625,1751.4451904296875,382.550048828125,387.9421691894531,3161.203125,1999.920166015625,2780.18310546875,615.7728271484375,12500.6962890625,2474.2509765625,1092.4320068359375,291.4277038574219,220.7138671875,5477.68408203125,1371.4945068359375,253.68765258789062,1214.412353515625,1471.350341796875,700.7447509765625,28101.099609375,1693.111328125,1007.199462890625,333.16259765625,3703.27783203125,1577.1463623046875,3212.956298828125,2347.724365234375,11189.333984375,288.626708984375
2025-02-18,897.5499877929688,1075.3641357421875,482.5859069824219,2194.6484375,992.5357055664062,8123.49658203125,1891.1640625,836.257568359375,128.02069091796875,185.58013916015625,337.3450012207031,4748.84130859375,1348.2542724609375,1452.805419921875,328.7716369628906,1520.5994873046875,500.8585510253906,5789.3564453125,1182.355712890625,4610.7060546875,178.9912567138672,1619.2308349609375,836.2047729492188,615.0517578125,3657.1669921875,2231.684814453125,1223.2196044921875,1022.4439086914062,1760.619384765625,379.4136047363281,391.5418395996094,3159.534912109375,1986.6495361328125,2739.04931640625,617.1527099609375,12523.517578125,2462.4111328125,1095.3397216796875,299.9580078125,223.5005645751953,5741.056640625,1364.0250244140625,257.3021240234375,1214.908203125,1470.5030517578125,698.9151000976562,28152.765625,1680.6663818359375,1010.8413696289062,335.5338439941406,3673.591064453125,1615.08447265625,3201.677490234375,2335.76611328125,11012.876953125,295.1015319824219
2025-02-19,864.7000122070312,1073.0848388671875,475.7945251464844,2196.119873046875,1009.7077026367188,8155.1376953125,1872.838623046875,833.644775390625,131.13499450683594,194.054931640625,335.948486328125,4696.70361328125,1373.2144775390625,1435.2103271484375,329.8641662597656,1536.88818359375,490.4554138183594,5883.73583984375,1151.2020263671875,4699.8056640625,179.47665405273438,1606.84375,838.21875,618.9271850585938,3693.97216796875,2187.36181640625,1241.52294921875,1034.1251220703125,1721.498779296875,380.49029541015625,395.859375,3214.2353515625,1951.86962890625,2706.99560546875,625.8262939453125,12425.5234375,2493.25146484375,1086.7393798828125,303.4279479980469,225.10643005371094,5842.6123046875,1365.0849609375,253.5430450439453,1216.9405517578125,1470.7523193359375,700.3595581054688,28444.556640625,1655.9739990234375,1009.2173461914062,343.4874572753906,3589.083251953125,1596.89697265625,3190.19970703125,2363.80126953125,10995.9814453125,296.8974914550781
2025-02-20,864.9500122070312,1101.674560546875,478.71929931640625,2205.878662109375,1015.5482177734375,8300.07421875,1878.730712890625,829.693603515625,134.0921173095703,199.10797119140625,335.1505432128906,4691.751953125,1393.032958984375,1450.452880859375,335.0083312988281,1540.5849609375,496.1917419433594,5926.76171875,1156.2379150390625,4775.81396484375,182.64657592773438,1583.6181640625,818.7579956054688,616.0950927734375,3722.4921875,2185.077880859375,1230.009521484375,1045.9559326171875,1735.14111328125,376.4176330566406,392.9776611328125,3214.137451171875,1951.129638671875,2787.546142578125,632.380615234375,12185.06640625,2518.07666015625,1087.6265869140625,313.4040222167969,228.50714111328125,5860.537109375,1391.11767578125,256.1454772949219,1222.4429931640625,1464.971435546875,702.670654296875,28287.3203125,1648.7637939453125,993.0745849609375,353.6641540527344,3584.625,1570.4208984375,3171.4677734375,2400.867431640625,10992.134765625,296.1412658691406
2025-02-21,849.3499755859375,1073.481201171875,477.8269958496094,2214.264892578125,1007.3116455078125,8180.67236328125,1876.833251953125,829.4219360351562,136.9313507080078,195.36793518066406,321.6846618652344,4691.2666015625,1381.9505615234375,1446.5809326171875,336.8293151855469,1481.8443603515625,494.5388488769531,5707.4189453125,1137.3287353515625,4848.15869140625,178.15916442871094,1595.9581298828125,821.3786010742188,618.9271850585938,3668.689453125,2178.857177734375,1213.28076171875,1042.0621337890625,1725.4915771484375,375.3409118652344,389.48773193359375,3252.69775390625,1879.9417724609375,2620.555419921875,615.8220825195312,12070.2744140625,2451.5263671875,1091.66796875,314.46429443359375,226.6178436279297,5654.94921875,1378.3970947265625,252.4346160888672,1217.634521484375,1490.4873046875,695.255859375,28196.939453125,1623.528076171875,988.25146484375,352.9231262207031,3590.88525390625,1562.5113525390625,3159.98974609375,2307.283935546875,10865.197265625,289.5719299316406
2025-02-24,836.0499877929688,1060.7470703125,466.37579345703125,2203.083251953125,1008.4097900390625,8123.83349609375,1855.312255859375,825.2978515625,136.63661193847656,190.41433715820312,320.0388488769531,4664.4697265625,1375.0616455078125,1447.561279296875,332.1403503417969,1507.9776611328125,491.6707458496094,5653.388671875,1149.91845703125,4895.39453125,179.5360870361328,1542.796875,813.9049682617188,613.114013671875,3699.400146484375,2178.662841796875,1198.9136962890625,1027.48583984375,1677.1016845703125,376.2771911621094,392.0902404785156,3196.378173828125,1877.42578125,2659.677001953125,612.3231201171875,12091.5771484375,2375.4755859375,1094.35400390625,308.5364990234375,221.37515258789062,5585.13232421875,1361.6829833984375,249.78399658203125,1204.1510009765625,1481.616455078125,689.8633422851562,28084.470703125,1619.330322265625,986.6765747070312,350.354248046875,3486.1748046875,1528.5992431640625,3153.13330078125,2344.4990234375,10753.5966796875,278.89080810546875
2025-02-25,840.6500244140625,1070.6072998046875,465.23565673828125,2182.045166015625,1007.4613037109375,8095.89501953125,1872.5889892578125,838.51953125,132.96231079101562,193.5774688720703,320.3879699707031,4658.4013671875,1365.626708984375,1434.426025390625,328.817138671875,1509.0350341796875,496.7751159667969,5677.033203125,1113.975830078125,4874.87841796875,177.02987670898438,1535.336669921875,816.4528198242188,618.2315673828125,3645.501708984375,2196.0126953125,1204.6212158203125,1032.5775146484375,1680.5242919921875,379.03912353515625,392.3196105957031,3165.176513671875,1873.873779296875,2727.072265625,612.865234375,12220.033203125,2342.05712890625,1109.139892578125,307.1870422363281,220.09986877441406,5454.70947265625,1329.4873046875,246.50689697265625,1193.6912841796875,1466.9149169921875,684.5670776367188,27990.21875,1593.7490234375,989.0880737304688,347.2913818359375,3442.498291015625,1509.8907470703125,3178.771728515625,2342.712890625,10677.1513671875,275.34613037109375
2025-02-27,811.75,1069.219970703125,465.7809143066406,2171.158203125,1015.0490112304688,7917.44189453125,1922.971435546875,859.9151611328125,134.48509216308594,186.44552612304688,311.0616149902344,4643.59521484375,1436.3641357421875,1412.6649169921875,331.275390625,1480.421142578125,489.2886962890625,5567.38671875,1111.408447265625,4821.8291015625,177.02987670898438,1528.861572265625,825.358154296875,614.5052490234375,3580.081298828125,2182.064453125,1202.9482421875,1045.00732421875,1677.2919921875,375.9963073730469,388.3908996582031,3149.08544921875,1865.83251953125,2676.7099609375,614.3436279296875,12126.25,2269.01416015625,1122.8416748046875,304.2954406738281,218.2106170654297,5420.19677734375,1319.92236328125,246.9888153076172,1196.7647705078125,1464.9215087890625,677.8263549804688,28098.3671875,1627.23193359375,992.188720703125,339.1895446777344,3426.374267578125,1504.491455078125,3202.919677734375,2321.177734375,10174.171875,278.37091064453125
2025-02-28,774.4000244140625,1059.756103515625,460.9724426269531,2137.908935546875,1013.90087890625,7600.5947265625,1869.7928466796875,842.6189575195312,138.7095489501953,178.21939086914062,301.68536376953125,4461.69921875,1398.5242919921875,1379.6800537109375,336.2829895019531,1455.3455810546875,479.61474609375,5433.00537109375,1102.47216796875,4663.658203125,175.9501190185547,1478.046630859375,840.7423095703125,604.6676025390625,3505.376220703125,2128.89697265625,1184.8909912109375,988.4989013671875,1604.469482421875,369.81707763671875,379.49652099609375,3104.294921875,1879.251220703125,2537.845703125,591.9697875976562,11700.4306640625,2145.7001953125,1079.1983642578125,300.1989440917969,212.77896118164062,5252.48828125,1310.455810546875,241.78396606445312,1189.82470703125,1425.8004150390625,663.2857055664062,27083.482421875,1573.6494140625,948.5835571289062,335.1386413574219,3303.737548828125,1409.385986328125,3057.982666015625,2208.58984375,9863.3271484375,262.4437255859375
2025-03-03,804.0999755859375,1043.5535888671875,467.7637939453125,2124.815185546875,1005.6143188476562,7419.689453125,1836.0880126953125,852.2548217773438,137.7664031982422,184.4859619140625,304.2787780761719,4462.81494140625,1417.494140625,1379.72900390625,328.0887756347656,1454.3372802734375,478.1076965332031,5492.48828125,1105.533203125,4793.59521484375,177.79263305664062,1475.5599365234375,825.7706909179688,614.1077270507812,3457.4296875,2115.87255859375,1186.9573974609375,982.4088134765625,1624.3388671875,372.11090087890625,381.8198547363281,3137.115234375,1926.906982421875,2564.155517578125,585.612548828125,11533.6787109375,2163.030029296875,1077.1778564453125,303.0423583984375,212.6656036376953,5241.24853515625,1321.9931640625,243.37432861328125,1161.2216796875,1403.8726806640625,669.5448608398438,27475.48046875,1565.599609375,938.9373779296875,338.74493408203125,3313.03271484375,1414.31201171875,3062.703125,2306.192626953125,10070.1181640625,268.0206298828125
2025-03-04,768.5499877929688,1048.4093017578125,470.93646240234375,2091.173828125,1000.1732177734375,7052.78271484375,1787.902587890625,848.115966796875,144.76132202148438,191.72735595703125,314.004150390625,4442.0380859375,1447.296630859375,1374.0926513671875,331.275390625,1425.7430419921875,470.28106689453125,5470.1328125,1106.0762939453125,4704.20263671875,174.85055541992188,1440.9322509765625,829.8715209960938,612.6171875,3347.0625,2096.918701171875,1191.0904541015625,986.0029296875,1605.0400390625,369.6766357421875,380.4637145996094,3152.519775390625,1927.153564453125,2565.5791015625,579.304443359375,11377.6025390625,2145.07958984375,1057.931396484375,302.4158630371094,214.20533752441406,5103.0517578125,1330.54736328125,244.82012939453125,1151.9517822265625,1388.5234375,689.5262451171875,27162.25,1547.2283935546875,939.5770874023438,341.8078308105469,3350.02294921875,1409.76513671875,3029.412841796875,2276.469970703125,10098.650390625,264.6650390625
2025-03-05,848.7000122070312,1102.6656494140625,486.8987121582031,2122.6083984375,1012.802734375,7136.455078125,1799.38720703125,819.7415161132812,144.83990478515625,195.01979064941406,324.02874755859375,4584.7109375,1444.600830078125,1391.6878662109375,335.2814636230469,1544.7064208984375,474.1700744628906,5468.9921875,1112.247802734375,4873.4130859375,179.8035430908203,1476.0758056640625,820.1654052734375,617.28759765625,3417.434814453125,2109.651611328125,1196.305908203125,970.2784423828125,1627.0958251953125,379.226318359375,385.5091857910156,3178.66796875,1983.294921875,2676.7587890625,580.6843872070312,11378.6796875,2203.56201171875,1082.821044921875,314.4161376953125,216.26466369628906,5338.84375,1327.737060546875,254.84425354003906,1165.5345458984375,1416.03271484375,703.2965698242188,27948.52734375,1562.982177734375,941.7918090820312,347.19256591796875,3364.249755859375,1456.986083984375,3067.224609375,2312.990478515625,10190.2890625,269.4857482910156
2025-03-06,845.9500122070312,1125.95361328125,494.23541259765625,2224.170654296875,1032.420654296875,7176.80029296875,1842.9786376953125,830.8197021484375,146.67706298828125,197.34738159179688,332.1581115722656,4565.68115234375,1456.2823486328125,1432.857666015625,348.34674072265625,1507.3350830078125,481.2675476074219,5520.693359375,1125.775634765625,4977.0693359375,180.03140258789062,1487.8060302734375,820.7477416992188,614.356201171875,3474.570556640625,2156.792724609375,1198.6185302734375,970.1287231445312,1631.2313232421875,379.8349304199219,383.2357482910156,3198.53662109375,1991.5828857421875,2692.27001953125,598.9678344726562,11426.7236328125,2237.123291015625,1084.89111328125,325.6934509277344,219.72203063964844,5251.84521484375,1349.9732666015625,257.0129699707031,1199.243408203125,1416.6307373046875,704.93359375,27855.515625,1594.1441650390625,943.1206665039062,349.8108215332031,3415.988525390625,1424.163330078125,3101.558349609375,2301.875732421875,10218.8203125,270.24188232421875
2025-03-07,837.2000122070312,1134.1788330078125,495.5242614746094,2226.4267578125,1035.965087890625,7284.99755859375,1842.8289794921875,830.1924438476562,147.29598999023438,195.90505981445312,332.85638427734375,4610.0517578125,1455.034423828125,1429.6229248046875,346.57135009765625,1523.5645751953125,482.04534912109375,5530.65625,1119.0115966796875,4983.224609375,178.8129425048828,1461.9998779296875,819.8013916015625,621.2623901367188,3478.141357421875,2142.79638671875,1195.17431640625,935.2352294921875,1602.853271484375,378.1496887207031,385.9678649902344,3183.623046875,2002.929443359375,2677.986083984375,600.8898315429688,11424.51953125,2198.21484375,1103.250244140625,317.6450500488281,219.99595642089844,5227.6318359375,1356.4566650390625,253.78399658203125,1239.0992431640625,1409.640380859375,705.607666015625,27779.529296875,1589.501953125,946.9594116210938,347.2419738769531,3425.09375,1413.6488037109375,3060.069580078125,2315.173583984375,10305.3935546875,269.2021179199219
2025-03-10,826.0499877929688,1132.59326171875,485.4115295410156,2234.86181640625,1034.1678466796875,7100.966796875,1837.885498046875,824.0780029296875,145.37042236328125,191.0907440185547,327.32037353515625,4599.80859375,1417.29443359375,1433.8380126953125,341.563720703125,1489.4254150390625,479.663330078125,5466.71240234375,1106.1256103515625,4875.611328125,177.43600463867188,1453.8826904296875,818.9521484375,621.9580078125,3411.81640625,2184.786376953125,1195.469482421875,899.0438232421875,1617.5413818359375,379.1795349121094,383.2457275390625,3117.884033203125,1983.5909423828125,2653.19775390625,598.5735473632812,11348.0234375,2162.648193359375,1108.154296875,317.50048828125,210.83302307128906,5116.91552734375,1347.2369384765625,261.494873046875,1227.7967529296875,1417.4794921875,701.9003295898438,27678.7265625,1591.6748046875,942.2839965820312,348.2300109863281,3404.654296875,1408.4388427734375,3007.8486328125,2240.0986328125,10244.724609375,265.5157165527344
2025-03-11,824.2000122070312,1124.7645263671875,491.3106384277344,2243.49267578125,1023.9844360351562,7213.05859375,1802.982421875,823.8656005859375,137.64852905273438,193.090087890625,328.0685119628906,4623.44970703125,1446.4478759765625,1417.1739501953125,345.1145935058594,1508.708984375,483.7467956542969,5498.43603515625,1102.6202392578125,4870.72607421875,177.43600463867188,1471.2901611328125,817.9815673828125,632.9384155273438,3476.379638671875,2154.84912109375,1225.5321044921875,654.8892822265625,1579.656494140625,380.30303955078125,385.9280090332031,3135.300048828125,1949.748291015625,2597.239501953125,594.23681640625,11407.6728515625,2174.91748046875,1109.6328125,318.36798095703125,214.16758728027344,5189.15869140625,1342.2078857421875,257.63946533203125,1236.62060546875,1415.2825927734375,702.8151245117188,27731.68359375,1634.93603515625,944.7939453125,348.2300109863281,3391.0439453125,1401.1923828125,3027.325927734375,2271.45849609375,10165.9912109375,262.53826904296875
2025-03-12,853.4500122070312,1118.125,485.0149841308594,2208.085693359375,1009.5579833984375,7227.58056640625,1817.013427734375,838.08984375,139.06321716308594,192.60269165039062,324.2781066894531,4652.576171875,1449.193603515625,1425.554931640625,346.61688232421875,1462.8870849609375,486.0802307128906,5618.2939453125,1091.2647705078125,4901.89208984375,176.5444793701172,1445.71826171875,830.4296264648438,628.0195922851562,3437.908447265625,2131.47265625,1224.105224609375,683.5927734375,1512.395751953125,386.1077575683594,395.37078857421875,3133.53369140625,1940.4736328125,2604.798828125,591.7234497070312,11400.962890625,2124.503662109375,1082.081787109375,318.2234191894531,211.97601318359375,5134.939453125,1355.52001953125,257.4466857910156,1246.287109375,1407.0440673828125,696.2670288085938,27328.66796875,1656.2208251953125,930.619873046875,351.9844970703125,3325.504638671875,1362.44921875,3000.047607421875,2241.835205078125,10245.0166015625,253.8421173095703
2025-03-13,873.6500244140625,1109.10693359375,481.64404296875,2188.4697265625,1008.5595703125,7217.626953125,1805.029541015625,831.7679443359375,137.3832550048828,192.3042755126953,322.2332763671875,4590.63330078125,1442.404296875,1433.0047607421875,344.43170166015625,1441.527587890625,487.052490234375,5571.99658203125,1094.0294189453125,4899.74267578125,174.93972778320312,1440.228759765625,828.2214965820312,618.4800415039062,3360.6796875,2113.879638671875,1230.10791015625,671.2627563476562,1501.938232421875,385.7800598144531,395.8793029785156,3127.303466796875,1942.2003173828125,2595.177978515625,597.587890625,11277.2578125,2105.50244140625,1080.3321533203125,319.9101867675781,212.948974609375,5076.0654296875,1345.9549560546875,257.976806640625,1237.215576171875,1383.6265869140625,700.8892211914062,27293.080078125,1662.7396240234375,931.2596435546875,346.55035400390625,3330.104736328125,1364.6754150390625,2991.302734375,2233.796630859375,10178.50390625,249.54132080078125
2025-03-17,896.4500122070312,1126.8951416015625,486.3533935546875,2176.945068359375,1032.470703125,7199.68994140625,1869.0936279296875,847.562744140625,135.90960693359375,194.39312744140625,332.407470703125,4538.83642578125,1453.2869873046875,1463.097900390625,351.21478271484375,1455.918701171875,481.02447509765625,5621.9619140625,1136.2423095703125,4933.9365234375,175.67276000976562,1449.9881591796875,830.0656127929688,625.8334350585938,3326.350830078125,2110.42919921875,1248.7557373046875,676.3046264648438,1511.6353759765625,381.9414978027344,397.4747314453125,3113.714111328125,1965.2882080078125,2655.700927734375,598.8199462890625,11316.337890625,2100.7763671875,1071.6578369140625,319.66925048828125,217.02035522460938,5117.21240234375,1355.32275390625,257.6876525878906,1228.2427978515625,1432.259033203125,696.36328125,27530.771484375,1683.3331298828125,925.6983032226562,346.55035400390625,3317.44287109375,1364.1544189453125,2998.4580078125,2249.575927734375,10271.0185546875,245.61862182617188
2025-03-18,896.4500122070312,1126.8951416015625,486.3533935546875,2176.945068359375,1032.470703125,7199.68994140625,1869.0936279296875,847.562744140625,135.90960693359375,194.39312744140625,332.407470703125,4538.83642578125,1453.2869873046875,1463.097900390625,351.21478271484375,1455.918701171875,481.02447509765625,5621.9619140625,1136.2423095703125,4933.9365234375,175.67276000976562,1449.9881591796875,830.0656127929688,625.8334350585938,3326.350830078125,2110.42919921875,1248.7557373046875,676.3046264648438,1511.6353759765625,383.01812744140625,397.4747314453125,3113.714111328125,1965.2882080078125,2655.700927734375,598.8199462890625,11316.337890625,2100.7763671875,1071.6578369140625,319.66925048828125,217.02035522460938,5117.21240234375,1355.32275390625,257.6876525878906,1228.2427978515625,1432.259033203125,696.36328125,27530.771484375,1683.3331298828125,925.6983032226562,346.55035400390625,3317.44287109375,1364.1544189453125,2998.4580078125,2249.575927734375,10271.0185546875,245.61862182617188
2025-03-19,911.2000122070312,1162.917236328125,502.7122497558594,2236.921142578125,1050.3416748046875,7426.47021484375,1839.782958984375,862.503173828125,138.7881317138672,204.5987091064453,341.0356140136719,4570.09912109375,1510.845458984375,1469.5184326171875,360.4105529785156,1492.568359375,481.7051086425781,5767.94287109375,1157.3734130859375,4983.419921875,184.43955993652344,1449.3311767578125,846.42041015625,660.3645629882812,3368.155029296875,2138.422607421875,1292.1519775390625,691.5798950195312,1508.307861328125,377.3538513183594,403.14837646484375,3257.06396484375,2033.466796875,2738.116455078125,610.2039794921875,11376.91796875,2182.55615234375,1076.4139404296875,328.9706115722656,219.6936798095703,5229.41455078125,1346.91650390625,267.18170166015625,1236.471923828125,1482.8387451171875,717.5001831054688,28318.19140625,1711.0380859375,934.9508056640625,367.00250244140625,3316.874267578125,1322.52197265625,3057.038818359375,2302.12353515625,10647.060546875,251.14822387695312
2025-03-20,923.4000244140625,1166.83154296875,500.38238525390625,2243.29638671875,1052.637939453125,7617.04052734375,1849.3699951171875,857.3716430664062,139.03375244140625,205.44418334960938,340.2376403808594,4690.490234375,1490.8272705078125,1482.16357421875,360.9112548828125,1498.0738525390625,485.1566162109375,5771.908203125,1172.2838134765625,5108.91162109375,184.7862548828125,1465.80029296875,858.3832397460938,670.102783203125,3425.43359375,2179.5859375,1300.6148681640625,682.9937133789062,1535.8778076171875,378.1965026855469,405.96026611328125,3287.970947265625,2057.886962890625,2776.403564453125,623.2636108398438,11489.2119140625,2201.65234375,1094.9208984375,329.4043884277344,222.54647827148438,5143.703125,1360.351806640625,270.2178039550781,1258.2835693359375,1496.27001953125,721.7853393554688,28418.44921875,1728.7178955078125,950.6998291015625,365.9156799316406,3379.519775390625,1336.1627197265625,3173.107421875,2328.96826171875,10661.5703125,253.32225036621094
2025-03-21,954.25,1178.079345703125,510.0985412597656,2256.2431640625,1068.4122314453125,7759.23486328125,1844.7762451171875,880.72802734375,142.41331481933594,210.82546997070312,343.2300720214844,4673.8876953125,1536.055419921875,1493.7303466796875,369.10552978515625,1531.3828125,492.7402038574219,5747.3720703125,1185.071044921875,5183.74755859375,185.53912353515625,1470.2108154296875,859.15966796875,675.3197631835938,3455.76318359375,2183.27978515625,1321.673583984375,685.7892456054688,1514.011962890625,379.6944885253906,414.6053466796875,3351.6494140625,2086.5,2750.63330078125,621.7359008789062,11491.7587890625,2320.144287109375,1118.2333984375,338.609375,228.9983367919922,5224.4130859375,1393.08984375,272.86846923828125,1265.4217529296875,1544.2532958984375,725.3001708984375,28774.365234375,1762.5465087890625,946.122802734375,374.95611572265625,3393.699462890625,1334.93115234375,3142.897705078125,2395.5087890625,10689.421875,249.8248748779297
2025-03-24,952.9000244140625,1189.97119140625,514.8574829101562,2277.918701171875,1096.067138671875,7814.7275390625,1891.613525390625,897.9107666015625,144.7809600830078,216.3858184814453,348.4169006347656,4657.23681640625,1526.8699951171875,1493.9263916015625,369.65185546875,1535.880126953125,493.1291198730469,5859.74462890625,1195.0936279296875,5299.27392578125,193.95921325683594,1505.3543701171875,873.5489501953125,675.6178588867188,3453.239990234375,2192.99951171875,1336.4835205078125,668.367431640625,1514.2021484375,384.7033996582031,433.97955322265625,3416.30908203125,2091.679931640625,2723.979736328125,623.8057250976562,11677.3173828125,2370.749267578125,1115.62109375,353.69403076171875,230.33026123046875,5368.75,1391.3641357421875,281.3022155761719,1290.9512939453125,1567.620849609375,751.8778076171875,29226.267578125,1762.8428955078125,955.2277221679688,378.7106018066406,3441.92919921875,1381.72607421875,3059.8212890625,2426.124267578125,10761.9228515625,254.6455535888672
2025-03-25,923.4000244140625,1171.78662109375,516.0967407226562,2286.010498046875,1116.7337646484375,7699.7509765625,1942.4454345703125,895.6585693359375,145.1837615966797,212.46673583984375,347.2698059082031,4704.1796875,1526.6204833984375,1481.330322265625,362.6411437988281,1573.1722412109375,495.1222229003906,5790.2978515625,1163.1007080078125,5306.1611328125,193.0181427001953,1524.82666015625,883.958740234375,668.8606567382812,3454.763427734375,2207.676513671875,1322.263916015625,636.0198364257812,1548.141357421875,383.6734924316406,432.7530517578125,3404.28955078125,2041.162841796875,2685.987060546875,615.8220825195312,11625.0634765625,2419.874267578125,1111.333251953125,353.69403076171875,228.83773803710938,5504.42236328125,1391.8818359375,280.48291015625,1274.4439697265625,1555.0382080078125,744.2222900390625,29326.923828125,1743.0394287109375,955.4738159179688,372.5848693847656,3469.24462890625,1378.7421875,3034.580078125,2403.1005859375,11122.2373046875,256.157958984375
2025-03-26,912.0999755859375,1170.9442138671875,527.89501953125,2278.55615234375,1094.4698486328125,7671.95654296875,1940.7974853515625,875.7841186523438,145.95005798339844,209.403076171875,347.41943359375,4708.548828125,1519.8311767578125,1447.02197265625,359.45452880859375,1586.8121337890625,494.73333740234375,5788.861328125,1149.9677734375,5278.85498046875,190.50201416015625,1532.8031005859375,876.7277221679688,664.1903686523438,3471.904296875,2183.03662109375,1314.58837890625,654.2402954101562,1520.5716552734375,381.3797302246094,427.74749755859375,3379.95654296875,2031.3455810546875,2692.122802734375,630.5572509765625,11493.2275390625,2401.494140625,1105.7147216796875,341.8383483886719,226.4478302001953,5463.52294921875,1402.9012451171875,280.33831787109375,1262.150146484375,1539.160400390625,735.7001342773438,29711.12890625,1737.310791015625,944.5971069335938,371.498046875,3448.426025390625,1341.6094970703125,3038.3564453125,2420.73876953125,11103.63671875,252.75509643554688
2025-03-27,959.9000244140625,1185.9576416015625,538.1563720703125,2293.219482421875,1096.56640625,7669.26318359375,2003.0640869140625,889.39599609375,145.4195556640625,212.84469604492188,344.6763916015625,4700.2958984375,1529.2662353515625,1453.5897216796875,361.32098388671875,1602.70556640625,498.6223449707031,5822.0224609375,1147.597900390625,5222.63037109375,195.72247314453125,1529.753173828125,885.8514404296875,677.6052856445312,3591.984619140625,2181.773193359375,1315.326416015625,672.4608154296875,1524.469482421875,383.3458557128906,424.5068664550781,3435.687255859375,1991.8790283203125,2683.0419921875,639.7236328125,11481.1318359375,2413.954345703125,1105.024658203125,347.6216125488281,228.76217651367188,5586.76708984375,1413.304443359375,284.8203125,1267.2559814453125,1542.75537109375,743.6926879882812,29924.89453125,1710.149169921875,958.279052734375,378.8094177246094,3463.0322265625,1348.80859375,3068.317626953125,2447.0966796875,11295.9677734375,257.292236328125
2025-03-28,948.6500244140625,1172.281982421875,533.7445068359375,2295.720458984375,1100.21044921875,7577.46435546875,2004.661865234375,883.6419677734375,143.71011352539062,215.28170776367188,340.8361511230469,4793.21044921875,1517.53466796875,1413.694091796875,362.5501403808594,1603.0218505859375,492.4485168457031,5725.66064453125,1129.8240966796875,5224.5361328125,190.91807556152344,1494.421875,887.2344970703125,681.38134765625,3545.228515625,2195.575439453125,1326.8397216796875,648.7991333007812,1493.1920166015625,383.626708984375,432.99237060546875,3426.562255859375,2000.9068603515625,2617.070556640625,642.2863159179688,11285.4365234375,2387.2197265625,1109.3123779296875,344.6817932128906,232.73907470703125,5460.3046875,1404.82421875,279.8564147949219,1264.1824951171875,1545.7012939453125,742.9223022460938,30278.775390625,1713.359130859375,986.1843872070312,370.90521240234375,3420.303955078125,1343.45654296875,3044.169921875,2411.42138671875,11208.2744140625,247.88717651367188
2025-04-01,919.1500244140625,1164.156005859375,525.3667602539062,2271.54345703125,1083.8370361328125,7687.2958984375,1934.505859375,859.2039794921875,146.85389709472656,210.56686401367188,338.2427062988281,4758.1611328125,1465.9171142578125,1415.70361328125,362.04937744140625,1538.10400390625,483.6982116699219,5501.8564453125,1137.7235107421875,5184.96875,190.6208953857422,1436.099609375,857.9463500976562,688.5360107421875,3582.4619140625,2171.27587890625,1297.416748046875,681.5960083007812,1451.21923828125,380.724365234375,427.9468994140625,3372.10693359375,1929.3243408203125,2589.68017578125,638.2451782226562,11245.228515625,2336.18505859375,1101.05712890625,339.4286804199219,234.3355255126953,5161.03369140625,1393.6075439453125,278.8443603515625,1241.8751220703125,1543.1048583984375,743.1149291992188,30024.111328125,1677.456298828125,976.6857299804688,370.2629699707031,3367.806396484375,1321.57470703125,2968.248046875,2432.348388671875,11080.8017578125,248.21800231933594
2025-04-02,943.0499877929688,1184.6693115234375,529.4813232421875,2262.373046875,1082.68896484375,7764.14013671875,1928.3641357421875,856.34423828125,148.8678741455078,211.4521484375,341.18524169921875,4890.78515625,1457.9296875,1423.6434326171875,361.9128112792969,1534.2987060546875,481.99676513671875,5617.15380859375,1135.5511474609375,5232.15576171875,190.30389404296875,1433.4720458984375,872.0444946289062,691.7655029296875,3603.31640625,2175.212158203125,1310.0125732421875,701.3140869140625,1473.7030029296875,382.9713134765625,429.68194580078125,3355.52490234375,1982.900146484375,2589.336669921875,647.017333984375,11475.4013671875,2362.58544921875,1089.5732421875,339.0431213378906,236.7632293701172,5265.95703125,1405.6375732421875,276.38653564453125,1240.437744140625,1557.6845703125,747.20751953125,30050.912109375,1692.568115234375,1046.0306396484375,373.7210693359375,3361.309326171875,1348.0035400390625,3079.0498046875,2487.406005859375,10956.4443359375,249.16322326660156
2025-04-03,955.2999877929688,1189.079345703125,536.0744018554688,2304.302490234375,1088.0802001953125,7609.5390625,1917.878173828125,848.970458984375,153.8488311767578,217.519775390625,344.8758850097656,4925.7861328125,1443.1531982421875,1466.1365966796875,361.5030822753906,1414.87060546875,452.48870849609375,5713.3173828125,1136.9830322265625,5255.26123046875,192.3148193359375,1379.5601806640625,871.0496215820312,688.5360107421875,3574.17724609375,2181.676025390625,1308.3397216796875,708.2528686523438,1422.6986083984375,383.29901123046875,425.2945556640625,3355.77001953125,2067.753173828125,2563.713623046875,651.4526977539062,11447.9765625,2266.7705078125,1106.7989501953125,345.934814453125,229.83905029296875,4746.88720703125,1410.83935546875,288.2901611328125,1238.0086669921875,1540.1090087890625,750.3370971679688,30674.89453125,1748.2249755859375,1054.200439453125,381.032470703125,3227.765625,1297.1353759765625,3107.968017578125,2467.42578125,11302.783203125,242.310302734375
2025-04-04,923.7999877929688,1137.994140625,523.6813354492188,2310.824951171875,1089.5279541015625,7391.1259765625,1909.7391357421875,861.2437744140625,150.36119079589844,213.3122100830078,326.9712829589844,4877.19287109375,1450.9908447265625,1387.27685546875,350.5774230957031,1306.2457275390625,448.94000244140625,5435.5830078125,1096.00439453125,5127.0341796875,193.16673278808594,1334.5164794921875,881.9447631835938,684.710205078125,3484.521484375,2181.676025390625,1313.998046875,680.8971557617188,1380.060546875,383.5799255371094,425.16497802734375,3198.78173828125,1944.765625,2549.086181640625,667.5676879882812,11246.111328125,2128.4658203125,1114.93115234375,337.74188232421875,213.4968719482422,4565.26513671875,1425.876953125,283.2781066894531,1194.38525390625,1510.500244140625,739.0223388671875,30468.91796875,1688.3209228515625,1070.7861328125,364.5324401855469,3129.3623046875,1251.2877197265625,3056.939208984375,2456.3642578125,11197.6611328125,232.8107147216797
2025-04-07,873.2999877929688,1100.6341552734375,520.70703125,2296.4072265625,1046.2481689453125,7027.29638671875,1850.1690673828125,846.3428955078125,142.41331481933594,206.5980224609375,306.72259521484375,4908.69873046875,1383.8975830078125,1357.33056640625,343.7033386230469,1253.42578125,438.8771057128906,5213.61328125,1074.2315673828125,4948.59130859375,189.01611328125,1289.47265625,853.0205078125,661.7557373046875,3358.537109375,2186.39013671875,1267.009765625,674.8070678710938,1327.8680419921875,380.16259765625,406.3990173339844,3010.73974609375,1897.40576171875,2445.711181640625,653.1282348632812,11096.98828125,2007.2047119140625,1108.449951171875,337.1635437011719,207.66848754882812,4529.2177734375,1404.552978515625,278.9407653808594,1155.7191162109375,1458.772216796875,719.2335815429688,29532.8984375,1645.85009765625,1030.9215087890625,350.6012878417969,3105.319091796875,1220.0755615234375,3003.27734375,2359.9013671875,10898.6474609375,229.596923828125
2025-04-08,875.7999877929688,1121.1473388671875,532.207763671875,2348.24267578125,1076.099609375,7211.23095703125,1900.6513671875,871.45751953125,147.36476135253906,209.8208465576172,321.48516845703125,5028.60400390625,1460.9749755859375,1404.2349853515625,348.5743713378906,1279.499755859375,446.26629638671875,5340.8564453125,1094.0294189453125,5110.865234375,188.73875427246094,1316.921142578125,858.5773315429688,681.4310302734375,3403.531494140625,2225.123779296875,1279.1627197265625,678.5509643554688,1358.3375244140625,386.2481994628906,409.84906005859375,3101.5966796875,1956.2109375,2477.5185546875,668.356201171875,11223.4853515625,2070.890625,1121.4615478515625,340.1997985839844,214.1108856201172,4550.7568359375,1445.0810546875,278.50701904296875,1172.0780029296875,1485.934326171875,740.1297607421875,30209.537109375,1667.5794677734375,1052.9700927734375,355.3932189941406,3123.2451171875,1245.083251953125,3102.750732421875,2429.1591796875,10975.43359375,233.70867919921875
2025-04-09,860.75,1121.5933837890625,543.1136474609375,2364.8671875,1059.9261474609375,7282.640625,1893.161376953125,862.9180297851562,144.27993774414062,210.6862335205078,305.5256042480469,5184.044921875,1428.3267822265625,1387.619873046875,341.0630187988281,1250.0552978515625,452.3428955078125,5339.71630859375,1080.30419921875,5137.1943359375,188.1741180419922,1295.00927734375,856.5632934570312,680.4869995117188,3438.52734375,2284.17236328125,1280.04833984375,677.4526977539062,1334.4752197265625,389.7591247558594,409.3605041503906,2996.65966796875,1894.1004638671875,2476.97900390625,683.4856567382812,11222.017578125,2021.9090576171875,1155.6910400390625,336.7298278808594,209.6522216796875,4360.07373046875,1449.444580078125,282.796142578125,1175.2010498046875,1479.59326171875,714.7077026367188,30147.05078125,1631.8740234375,1072.6563720703125,353.9605712890625,3079.28369140625,1205.629638671875,3154.27587890625,2466.62841796875,11098.7197265625,223.689208984375
2025-04-11,893.6500244140625,1154.048095703125,543.9563598632812,2347.654296875,1067.214111328125,7471.67236328125,1943.6937255859375,881.221923828125,147.05038452148438,211.84007263183594,315.74969482421875,5194.48193359375,1473.3551025390625,1434.132080078125,356.9962463378906,1248.6715087890625,448.5024719238281,5541.11474609375,1095.56005859375,5227.662109375,188.6496124267578,1304.90966796875,876.8247680664062,681.2322998046875,3490.9970703125,2299.869384765625,1290.7252197265625,688.385009765625,1339.9417724609375,394.67437744140625,421.02685546875,3057.29638671875,1942.98974609375,2533.182373046875,699.7485961914062,11360.7568359375,2062.91796875,1163.8477783203125,347.09149169921875,217.615478515625,4500.548828125,1455.7554931640625,293.1094665527344,1208.5133056640625,1519.787353515625,725.9260864257812,29886.6796875,1666.789306640625,1080.6785888671875,360.0863342285156,3064.961669921875,1214.6287841796875,3214.645751953125,2504.5458984375,11201.556640625,226.61944580078125
2025-04-15,936.6500244140625,1199.8809814453125,553.2759399414062,2369.329833984375,1110.9930419921875,7689.65234375,1965.364501953125,902.9434814453125,151.36328125,220.62322998046875,328.0186462402344,5234.38525390625,1557.82080078125,1452.5113525390625,359.86419677734375,1278.1949462890625,460.60711669921875,5685.0634765625,1140.3896484375,5401.66015625,190.0958709716797,1338.6453857421875,905.0452270507812,700.2616577148438,3622.314208984375,2295.349853515625,1328.66015625,734.7100219726562,1355.675537109375,393.59771728515625,422.8216857910156,3196.2802734375,1985.9588623046875,2597.632080078125,701.6212768554688,11611.4482421875,2167.1357421875,1167.0513916015625,349.40478515625,219.80703735351562,4670.287109375,1474.984130859375,293.5431823730469,1229.4822998046875,1560.4307861328125,735.2186279296875,30896.25390625,1684.0244140625,1086.09228515625,373.96807861328125,3080.801513671875,1233.052978515625,3252.904541015625,2577.490966796875,11412.2421875,230.6366729736328
2025-04-16,945.5999755859375,1221.7816162109375,560.9100952148438,2412.681396484375,1159.414306640625,7656.95263671875,1966.5628662109375,894.5966796875,155.6270294189453,224.8009490966797,328.31787109375,5258.560546875,1609.3388671875,1466.8228759765625,363.5061340332031,1266.7296142578125,467.99627685546875,5704.3955078125,1143.845703125,5486.16796875,193.0874786376953,1343.525146484375,911.4027099609375,711.5402221679688,3601.3642578125,2300.30712890625,1334.7613525390625,786.975341796875,1343.4117431640625,397.3895263671875,423.4598388671875,3166.94287109375,1908.406982421875,2586.44091796875,710.0977172851562,11424.3720703125,2164.6533203125,1174.6416015625,346.32037353515625,227.86477661132812,4659.88916015625,1492.191162109375,294.6998291015625,1228.689208984375,1563.2269287109375,743.1630859375,30573.642578125,1672.27099609375,1088.5531005859375,376.6851501464844,3105.081787109375,1239.683837890625,3251.61279296875,2605.094482421875,11421.0068359375,234.08677673339844
2025-04-17,947.1500244140625,1248.042724609375,564.9254760742188,2420.527587890625,1188.8663330078125,7711.29150390625,2032.5745849609375,905.0672607421875,156.00033569335938,226.18356323242188,330.4624328613281,5295.8427734375,1584.77783203125,1485.2510986328125,363.1419677734375,1304.68408203125,466.00311279296875,5591.3779296875,1148.980224609375,5547.71728515625,193.0181427001953,1349.437255859375,925.3309326171875,715.5150146484375,3591.74658203125,2308.4716796875,1384.2587890625,793.4149169921875,1349.4959716796875,400.0110168457031,436.3626708984375,3186.174072265625,1911.366943359375,2630.421630859375,704.5288696289062,11454.7353515625,2170.955078125,1191.053955078125,350.8505859375,230.00909423828125,4789.1240234375,1496.036865234375,297.8323669433594,1263.5877685546875,1605.9674072265625,767.9110717773438,30772.171875,1729.9525146484375,1102.628662109375,377.1297912597656,3128.887939453125,1237.8841552734375,3306.665771484375,2669.9677734375,11589.478515625,223.92552185058594
2025-04-21,956.25,1231.8895263671875,573.9476318359375,2398.0673828125,1221.0140380859375,7932.01318359375,2100.68310546875,916.0317993164062,164.98959350585938,225.984619140625,331.0608825683594,5236.23046875,1657.162841796875,1481.232177734375,364.6442565917969,1371.499755859375,462.3571472167969,5840.7099609375,1162.6070556640625,5676.6767578125,200.14053344726562,1390.7274169921875,935.231201171875,707.7144775390625,3730.01513671875,2285.143798828125,1387.3095703125,826.8607788085938,1379.442626953125,395.89154052734375,446.9920654296875,3218.7490234375,1982.4068603515625,2713.47509765625,685.1612548828125,11503.7080078125,2273.119873046875,1182.57666015625,351.3807067871094,235.95083618164062,4852.9990234375,1488.641357421875,308.434814453125,1284.4078369140625,1626.2393798828125,786.4480590820312,30926.03515625,1723.4337158203125,1103.4161376953125,386.1701965332031,3150.41845703125,1301.0665283203125,3315.212158203125,2726.07177734375,11621.6142578125,225.39064025878906
2025-04-22,943.2999877929688,1222.078857421875,572.9561767578125,2385.31689453125,1214.8240966796875,7829.5869140625,2074.218505859375,914.7476196289062,165.57904052734375,227.108642578125,332.9560852050781,5277.298828125,1563.9110107421875,1497.9942626953125,362.91436767578125,1375.057861328125,470.96160888671875,5860.537109375,1160.2371826171875,5650.78759765625,199.74429321289062,1388.756591796875,952.0227661132812,708.062255859375,3650.5966796875,2331.508056640625,1393.902587890625,786.2265625,1352.6334228515625,405.9561767578125,452.4563293457031,3196.4765625,2019.4068603515625,2765.604736328125,698.9600830078125,11492.93359375,2293.266357421875,1186.4703369140625,347.236083984375,234.06158447265625,4912.912109375,1493.3253173828125,301.2540588378906,1280.144775390625,1616.7525634765625,791.9369506835938,30682.833984375,1725.9029541015625,1118.869873046875,383.9471740722656,3143.589599609375,1303.9083251953125,3316.503662109375,2728.96142578125,11645.9599609375,221.3261260986328
2025-04-23,952.5,1227.9256591796875,569.4364624023438,2406.01220703125,1204.940185546875,7945.4775390625,2097.98681640625,920.9214477539062,167.59303283691406,229.30690002441406,334.8512878417969,5382.93212890625,1564.310546875,1503.3856201171875,363.23297119140625,1461.24609375,472.7117004394531,5873.42529296875,1171.098876953125,5607.80078125,197.8918914794922,1495.82958984375,933.67822265625,704.6339721679688,3752.393310546875,2355.90478515625,1401.676513671875,792.9157104492188,1402.1639404296875,403.3815002441406,444.12030029296875,3238.863037109375,2061.635986328125,2864.464111328125,706.2537231445312,11662.3798828125,2393.9990234375,1199.333984375,350.6578063964844,238.20851135253906,5113.44970703125,1512.110107421875,303.56732177734375,1288.869384765625,1613.25732421875,783.3184204101562,30141.841796875,1766.793701171875,1132.0596923828125,389.72711181640625,3237.108154296875,1363.6805419921875,3336.279296875,2796.923828125,11636.2216796875,230.2585906982422
2025-04-24,968.9500122070312,1225.2501220703125,567.1066284179688,2417.094970703125,1205.1397705078125,7887.7724609375,2102.18115234375,918.7482299804688,167.73057556152344,229.2770538330078,325.9239196777344,5302.9306640625,1545.4403076171875,1521.02978515625,364.05242919921875,1433.3734130859375,478.0591125488281,6161.9169921875,1185.416748046875,5520.36181640625,200.00184631347656,1488.9791259765625,930.2325439453125,703.9384155273438,3765.724853515625,2260.1640625,1380.3226318359375,818.4243774414062,1398.8365478515625,402.6324768066406,443.3226013183594,3238.470703125,2076.04150390625,2848.363525390625,702.50830078125,11649.646484375,2356.570556640625,1199.2353515625,350.07952880859375,235.5635528564453,5106.51708984375,1516.7939453125,303.03717041015625,1290.4556884765625,1605.9674072265625,783.270263671875,30479.341796875,1781.7078857421875,1143.0841064453125,391.1103515625,3226.295654296875,1368.9853515625,3361.421142578125,2764.238037109375,11840.724609375,229.45513916015625
2025-04-25,912.5499877929688,1182.241455078125,544.0059204101562,2384.924560546875,1164.4061279296875,7726.6796875,2042.7607421875,900.0789794921875,162.5433349609375,221.190185546875,311.0616149902344,5262.7353515625,1541.0474853515625,1495.73974609375,357.9522399902344,1460.850830078125,471.1560974121094,5960.6669921875,1160.0396728515625,5447.08935546875,194.64273071289062,1481.0025634765625,927.5148315429688,700.1126098632812,3709.54150390625,2266.870849609375,1382.38916015625,821.0202026367188,1407.2025146484375,400.52593994140625,439.6133117675781,3210.50732421875,1992.668212890625,2811.843505859375,700.192138671875,11457.673828125,2423.884765625,1189.5260009765625,343.5733642578125,232.69186401367188,5222.3837890625,1484.6475830078125,295.4226989746094,1289.2659912109375,1692.746826171875,769.066650390625,30315.5546875,1765.4107666015625,1137.5718994140625,382.9591369628906,3270.3046875,1384.8994140625,3344.1298828125,2728.363525390625,11916.68359375,227.70645141601562
2025-04-28,941.0,1198.9891357421875,540.2880249023438,2405.129150390625,1190.863037109375,7786.30810546875,2046.9552001953125,898.2021484375,161.37423706054688,229.0880584716797,320.0388488769531,5270.7939453125,1523.375732421875,1524.362548828125,361.5941467285156,1458.3798828125,468.8226623535156,5974.5458984375,1183.6392822265625,5492.51806640625,197.95130920410156,1470.656005859375,931.882568359375,706.3729248046875,3724.96826171875,2253.65185546875,1406.00634765625,829.2069091796875,1409.0087890625,401.462158203125,443.84112548828125,3264.668212890625,2077.323974609375,2877.030029296875,705.1695556640625,11602.6328125,2390.275146484375,1185.82958984375,348.4408874511719,236.7254638671875,5235.75244140625,1500.2279052734375,297.3986511230469,1357.0804443359375,1733.68994140625,787.0739135742188,30176.58203125,1818.9439697265625,1137.0797119140625,390.3693542480469,3266.0361328125,1384.4256591796875,3348.005615234375,2783.371337890625,11796.90234375,227.328369140625
2025-04-29,922.4000244140625,1205.430419921875,529.3821411132812,2404.050537109375,1185.3720703125,7769.4775390625,2064.132080078125,898.2021484375,164.95028686523438,230.1026611328125,318.0439147949219,5309.14404296875,1482.14111328125,1511.0313720703125,354.26483154296875,1479.63037109375,470.232421875,6055.34375,1161.2244873046875,5450.5087890625,201.507568359375,1489.3558349609375,926.3501586914062,710.5465087890625,3668.784423828125,2256.664794921875,1406.9903564453125,835.5966186523438,1423.6495361328125,398.8406982421875,439.7329406738281,3259.76220703125,2039.5347900390625,2856.413818359375,701.12841796875,11597.736328125,2398.390869140625,1176.7115478515625,344.0553283691406,232.0778350830078,5351.61865234375,1481.5906982421875,292.00103759765625,1387.7156982421875,1727.6982421875,782.4517211914062,29804.33984375,1783.2880859375,1150.5648193359375,388.6402893066406,3293.5419921875,1416.4432373046875,3357.446044921875,2693.1865234375,11558.31640625,228.17906188964844
2025-04-30,900.7000122070312,1205.529541015625,535.0830078125,2379.137939453125,1183.07568359375,7722.83251953125,1948.986572265625,852.9117431640625,162.71034240722656,225.636474609375,320.9864501953125,5280.599609375,1489.828857421875,1519.46142578125,350.8050537109375,1444.048095703125,474.2187194824219,6034.5244140625,1169.0252685546875,5438.78466796875,194.83091735839844,1487.93212890625,934.2120361328125,739.0160522460938,3644.6923828125,2276.493408203125,1404.235107421875,837.0442504882812,1426.1212158203125,398.6534423828125,440.3511657714844,3278.110107421875,2067.65478515625,2875.2626953125,700.2413940429688,12005.189453125,2357.4296875,1177.0565185546875,341.7419738769531,230.91595458984375,5269.91796875,1495.839599609375,296.33837890625,1392.9703369140625,1763.3487548828125,759.4370727539062,29491.65234375,1809.7584228515625,1147.5135498046875,379.79742431640625,3275.710205078125,1423.737060546875,3358.5390625,2662.693115234375,11336.2841796875,228.27359008789062
2025-05-02,905.7000122070312,1251.709228515625,523.92919921875,2363.7392578125,1181.4783935546875,7521.3466796875,1964.0662841796875,876.026123046875,158.96728515625,223.63714599609375,317.34564208984375,5146.71337890625,1489.7291259765625,1484.5650634765625,349.16619873046875,1457.984375,466.100341796875,6027.0888671875,1163.1007080078125,5314.7099609375,187.73825073242188,1492.5833740234375,932.7075805664062,724.5577392578125,3558.988525390625,2253.65185546875,1407.2855224609375,855.0650634765625,1432.5859375,402.1175537109375,435.0863342285156,3272.125,2031.5428466796875,2863.874755859375,688.7587280273438,12150.1484375,2346.73583984375,1149.2591552734375,336.1033020019531,229.30062866210938,5354.09375,1478.139404296875,292.0973815917969,1407.6436767578125,1759.753662109375,767.1889038085938,29064.814453125,1802.1531982421875,1136.5875244140625,376.7345275878906,3254.180419921875,1415.3065185546875,3321.0751953125,2710.52587890625,11309.0166015625,228.44374084472656
2025-05-05,965.7000122070312,1334.9517822265625,536.7683715820312,2390.122802734375,1171.2947998046875,7617.521484375,2023.486572265625,882.2986450195312,161.51177978515625,227.5065155029297,335.0508117675781,5203.025390625,1549.03466796875,1512.40380859375,351.0781555175781,1481.9036865234375,468.4823913574219,6071.701171875,1156.5836181640625,5334.73779296875,189.70953369140625,1488.976318359375,939.9386596679688,734.246337890625,3587.7470703125,2282.8115234375,1406.5968017578125,845.3807373046875,1434.2020263671875,409.0926208496094,415.781982421875,3267.513427734375,2057.4921875,2966.26806640625,712.26611328125,12202.060546875,2345.11279296875,1147.4847412109375,336.0069274902344,225.9566192626953,5479.3681640625,1496.1356201171875,297.0613098144531,1419.0452880859375,1767.443115234375,760.737060546875,29253.41796875,1814.005615234375,1143.2808837890625,384.441162109375,3276.279296875,1415.7801513671875,3301.00146484375,2772.907958984375,11364.525390625,230.230224609375
2025-05-06,923.25,1308.888916015625,530.5718994140625,2371.585693359375,1159.5140380859375,7641.56494140625,2033.0738525390625,869.0128173828125,154.68386840820312,216.59471130371094,340.5867614746094,5236.521484375,1528.1678466796875,1481.5263671875,344.38623046875,1467.96728515625,467.2670593261719,6107.88671875,1145.8206787109375,5387.982421875,185.52920532226562,1498.9432373046875,937.4635620117188,718.0489501953125,3687.734619140625,2315.08154296875,1408.7615966796875,830.4548950195312,1436.9588623046875,407.7818603515625,413.60821533203125,3271.241943359375,2021.6761474609375,3012.310791015625,709.752685546875,12322.533203125,2251.1591796875,1161.432861328125,329.4525146484375,223.87841796875,5372.41455078125,1481.3935546875,296.4830017089844,1408.7342529296875,1723.60400390625,745.426025390625,29268.306640625,1796.7208251953125,1137.17822265625,370.4111633300781,3281.68603515625,1417.2957763671875,3278.642578125,2763.839599609375,11386.9228515625,227.9805908203125
2025-05-07,917.25,1326.1319580078125,530.6214599609375,2289.29638671875,1159.414306640625,7548.75634765625,2027.581298828125,887.68212890625,156.75682067871094,223.95542907714844,345.6239929199219,5195.25830078125,1571.9981689453125,1478.977783203125,348.9840393066406,1502.3634033203125,468.7254638671875,6094.99853515625,1146.11669921875,5362.58154296875,189.37274169921875,1483.9453125,944.2092895507812,719.3407592773438,3683.354248046875,2304.3896484375,1412.5010986328125,832.45166015625,1433.9168701171875,403.662353515625,417.7762451171875,3258.879150390625,2043.7774658203125,3062.86962890625,725.7691650390625,12373.46484375,2293.648193359375,1152.511962890625,329.69354248046875,225.45596313476562,5450.64892578125,1466.947509765625,299.85650634765625,1393.9617919921875,1742.0782470703125,747.3519287109375,29352.681640625,1759.3858642578125,1128.0240478515625,372.8318786621094,3267.5537109375,1416.3485107421875,3317.994384765625,2782.57421875,11352.83984375,230.6744842529297
2025-05-08,880.5,1321.0780029296875,519.913818359375,2258.40087890625,1170.29638671875,7429.0185546875,2003.313720703125,872.4700317382812,154.428466796875,216.0177764892578,333.75408935546875,5234.09423828125,1529.0665283203125,1457.41259765625,350.9416198730469,1532.905029296875,455.69720458984375,5909.11474609375,1133.576416015625,5248.76416015625,184.97447204589844,1500.4619140625,935.91064453125,718.396728515625,3619.076416015625,2288.9345703125,1412.5994873046875,825.4630126953125,1436.864013671875,403.1474304199219,421.3060607910156,3261.33203125,1987.9322509765625,2977.656494140625,709.2105712890625,12137.416015625,2267.581787109375,1153.6456298828125,327.71759033203125,220.3076934814453,5416.4833984375,1458.1712646484375,297.1094665527344,1394.9532470703125,1729.0963134765625,740.514892578125,29193.857421875,1745.459228515625,1098.49462890625,365.7180480957031,3271.15771484375,1423.547607421875,3348.2041015625,2686.2109375,11326.5458984375,228.3397674560547
2025-05-09,879.4500122070312,1294.519775390625,522.937744140625,2255.45849609375,1149.230712890625,7388.62548828125,1967.36181640625,854.7150268554688,153.51478576660156,215.48065185546875,329.06597900390625,5277.7841796875,1511.1949462890625,1450.7469482421875,348.1646423339844,1522.10498046875,449.9122314453125,5973.55517578125,1141.3770751953125,5201.3818359375,185.6183624267578,1489.735595703125,917.080810546875,709.1055908203125,3669.92724609375,2267.551025390625,1366.742919921875,816.8768920898438,1433.2513427734375,396.5469055175781,419.4114990234375,3379.072998046875,2010.23095703125,2927.588623046875,712.90673828125,11998.333984375,2279.421630859375,1146.104736328125,322.6572265625,221.95138549804688,5390.240234375,1469.2647705078125,288.48291015625,1365.4083251953125,1697.4404296875,750.38525390625,29015.181640625,1723.3349609375,1096.230712890625,366.5578918457031,3263.00146484375,1414.9276123046875,3488.3212890625,2654.421875,11066.53515625,228.7556610107422
2025-05-12,940.5499877929688,1349.81640625,537.0162963867188,2311.16796875,1201.0465087890625,7731.96923828125,2047.654052734375,892.0549926757812,160.69638061523438,231.7140655517578,327.32037353515625,5445.263671875,1576.690673828125,1481.722412109375,360.09185791015625,1647.0479736328125,461.87103271484375,5890.7744140625,1180.5782470703125,5392.86767578125,192.6219024658203,1585.513916015625,949.8388671875,729.9733276367188,3794.673583984375,2315.76171875,1425.39208984375,787.2249145507812,1546.66796875,407.73504638671875,427.7674255371094,3519.67578125,2012.598876953125,3047.947509765625,727.4940185546875,12356.814453125,2417.964599609375,1174.8880615234375,335.9587097167969,230.50975036621094,5819.5380859375,1516.84326171875,297.88055419921875,1424.2005615234375,1749.068603515625,771.95556640625,29913.53125,1665.4556884765625,1127.6302490234375,386.713623046875,3433.8193359375,1490.140380859375,3540.592041015625,2751.084228515625,11428.7978515625,243.1893768310547
2025-05-13,958.0499877929688,1356.8524169921875,532.3069458007812,2279.978759765625,1191.6617431640625,7754.5703125,2015.497314453125,894.3795166015625,159.52728271484375,237.11524963378906,329.0160827636719,5325.3583984375,1576.2913818359375,1490.0543212890625,359.773193359375,1638.130615234375,460.60711669921875,6024.115234375,1191.933837890625,5294.193359375,196.22767639160156,1537.387451171875,933.0473022460938,730.4205322265625,3869.616943359375,2293.89208984375,1407.777587890625,768.8546752929688,1491.2430419921875,400.61956787109375,421.9043273925781,3499.85595703125,2036.8707275390625,2997.977783203125,717.1449584960938,12225.56640625,2378.0537109375,1168.18505859375,329.1634216308594,227.80810546875,5705.15771484375,1528.7255859375,287.6636657714844,1403.57861328125,1737.5845947265625,772.0518188476562,29923.45703125,1679.0860595703125,1101.0538330078125,384.6387634277344,3333.851318359375,1489.572021484375,3540.89013671875,2702.952392578125,11355.7607421875,237.79208374023438
2025-05-14,967.25,1359.4290771484375,538.9495849609375,2238.490478515625,1193.55859375,7792.5595703125,2017.6944580078125,898.2371215820312,164.0955810546875,238.09005737304688,337.3450012207031,5324.38720703125,1594.06298828125,1465.2545166015625,367.0114440917969,1677.1689453125,455.9402770996094,6161.9169921875,1204.6717529296875,5321.060546875,196.36634826660156,1554.568603515625,927.2236938476562,737.0286254882812,3873.045166015625,2284.657958984375,1403.44775390625,780.0864868164062,1513.869384765625,401.74310302734375,417.2776794433594,3505.84130859375,2043.7774658203125,3045.100341796875,712.1675415039062,12409.7041015625,2455.3935546875,1168.283447265625,326.3199462890625,232.3895721435547,5702.6826171875,1532.6700439453125,285.2539978027344,1412.204345703125,1752.763427734375,771.0407104492188,30394.96484375,1687.18505859375,1102.8255615234375,392.19720458984375,3365.814697265625,1518.6529541015625,3565.137451171875,2717.800537109375,11366.47265625,239.08705139160156
2025-05-15,967.9000244140625,1393.518798828125,542.8657836914062,2285.1767578125,1207.136474609375,8007.51025390625,2039.1656494140625,908.870361328125,166.02114868164062,244.3765106201172,337.7439880371094,5305.9404296875,1606.6429443359375,1472.5081787109375,368.42266845703125,1676.6737060546875,455.9888610839844,6160.92529296875,1220.7669677734375,5340.111328125,196.97061157226562,1609.9093017578125,938.4827270507812,746.4688110351562,4118.53857421875,2289.226318359375,1427.6553955078125,779.2378540039062,1533.453369140625,405.06671142578125,420.0696105957031,3550.092041015625,2045.2574462890625,3086.823486328125,710.2455444335938,12685.9111328125,2505.7119140625,1181.9359130859375,329.59716796875,233.90098571777344,5598.7001953125,1534.0997314453125,288.8202819824219,1441.7491455078125,1782.12255859375,777.8295288085938,31169.232421875,1718.6927490234375,1129.2052001953125,393.1852111816406,3395.406494140625,1543.18701171875,3614.029541015625,2780.082763671875,11582.6611328125,242.51824951171875
2025-05-16,1020.0999755859375,1394.7080078125,558.6793212890625,2308.422119140625,1206.8370361328125,8158.02392578125,2030.8765869140625,906.7437133789062,167.101806640625,249.02174377441406,338.5419616699219,5341.3779296875,1616.72705078125,1470.253662109375,368.5592346191406,1669.7376708984375,463.4266357421875,6225.36474609375,1215.2371826171875,5382.609375,197.15884399414062,1575.6417236328125,938.9195556640625,745.8229370117188,4137.869140625,2314.692626953125,1430.8043212890625,778.9383544921875,1511.49267578125,407.92230224609375,420.4285888671875,3536.84619140625,2040.8175048828125,3078.282470703125,713.990966796875,12728.02734375,2482.891845703125,1187.2095947265625,330.7055969238281,233.57980346679688,5643.75927734375,1524.0909423828125,289.35040283203125,1443.9302978515625,1770.938232421875,778.0751342773438,31382.65234375,1713.5567626953125,1149.678955078125,400.9411926269531,3377.765380859375,1531.725341796875,3610.94873046875,2831.602783203125,11593.373046875,240.3820343017578
2025-05-19,1014.0,1385.690185546875,560.7117919921875,2286.648193359375,1200.8468017578125,8512.427734375,2035.570556640625,915.4976196289062,167.5537567138672,242.48660278320312,340.7364196777344,5358.85400390625,1631.802978515625,1462.11767578125,366.6473083496094,1639.9139404296875,470.03802490234375,6523.2744140625,1203.684326171875,5402.63720703125,200.00184631347656,1565.8646240234375,940.8607788085938,746.220458984375,4178.24560546875,2315.9560546875,1425.8841552734375,782.7821044921875,1482.8770751953125,407.5946044921875,421.02685546875,3532.43115234375,2002.534912109375,3070.821533203125,706.302978515625,12722.150390625,2419.969970703125,1186.716796875,332.6815490722656,232.9280242919922,5614.544921875,1512.7017822265625,293.061279296875,1428.4638671875,1767.5428466796875,780.9237670898438,31367.763671875,1708.9144287109375,1131.2723388671875,403.21368408203125,3337.4560546875,1513.537841796875,3595.048828125,2815.260009765625,11616.74609375,237.9622344970703
2025-05-20,983.9500122070312,1372.1136474609375,557.2417602539062,2251.53515625,1193.858154296875,8237.3671875,2002.414794921875,898.039306640625,162.0030059814453,243.13314819335938,331.6593933105469,5270.01708984375,1606.742919921875,1425.653076171875,371.56378173828125,1626.0423583984375,462.45440673828125,6396.87353515625,1208.8189697265625,5263.4189453125,196.29702758789062,1555.13818359375,929.310546875,742.344970703125,4039.1201171875,2275.521484375,1415.25634765625,780.9850463867188,1483.6375732421875,407.17327880859375,416.8189697265625,3500.640869140625,1940.6710205078125,3007.500732421875,693.933349609375,12378.3623046875,2417.964599609375,1162.418701171875,330.2236633300781,235.4596405029297,5592.2626953125,1480.506103515625,287.1335144042969,1412.4024658203125,1755.35986328125,771.7393798828125,31293.3125,1686.7901611328125,1110.798583984375,394.1732177734375,3318.01220703125,1492.887451171875,3558.18115234375,2741.6171875,11390.818359375,236.03396606445312
2025-05-21,996.5,1372.1136474609375,562.9425659179688,2268.0126953125,1195.85498046875,8355.181640625,2034.5718994140625,909.7606201171875,165.26467895507812,246.10728454589844,339.7887878417969,5333.61083984375,1653.36865234375,1453.0994873046875,369.0600280761719,1638.03125,468.3851318359375,6495.515625,1209.3126220703125,5284.423828125,198.9320068359375,1568.142822265625,935.085693359375,754.915283203125,4060.26025390625,2297.6826171875,1421.6527099609375,768.7049560546875,1491.14794921875,405.3944396972656,413.0697937011719,3521.44189453125,1969.3829345703125,3034.203369140625,699.452880859375,12355.833984375,2442.026123046875,1179.2252197265625,333.6454162597656,234.9117431640625,5615.0400390625,1472.321533203125,285.4467468261719,1416.9630126953125,1761.451416015625,773.1636352539062,31258.572265625,1710.494873046875,1120.93701171875,397.03851318359375,3344.0947265625,1513.9166259765625,3558.081787109375,2757.6611328125,11360.6298828125,237.17767333984375
2025-05-22,985.8499755859375,1359.0325927734375,562.8930053710938,2255.06591796875,1186.5699462890625,8399.421875,1998.3203125,903.97412109375,162.69070434570312,246.25650024414062,332.25787353515625,5279.24072265625,1624.31494140625,1439.4742431640625,363.1419677734375,1637.23876953125,463.8155212402344,6481.63623046875,1206.843994140625,5262.9306640625,199.27871704101562,1550.107177734375,931.7369995117188,751.0894775390625,4072.162841796875,2265.412841796875,1419.0941162109375,783.7305908203125,1471.1834716796875,398.934326171875,411.97296142578125,3484.549560546875,1942.4468994140625,2951.345947265625,688.2166748046875,12189.3271484375,2428.754150390625,1163.9957275390625,329.0670471191406,228.28985595703125,5528.3876953125,1476.413818359375,280.3865051269531,1397.332763671875,1756.8577880859375,771.346435546875,31179.16015625,1697.555908203125,1109.02685546875,390.86334228515625,3297.809814453125,1483.035888671875,3518.8291015625,2793.03759765625,11374.263671875,232.47042846679688
2025-05-23,986.9500122070312,1382.816162109375,566.0160522460938,2271.05322265625,1208.1348876953125,8406.634765625,2033.7728271484375,914.3106079101562,162.55316162109375,253.44813537597656,329.913818359375,5326.814453125,1625.4132080078125,1454.864013671875,365.5546569824219,1649.029541015625,468.5796203613281,6427.11083984375,1214.644775390625,5275.63134765625,201.51747131347656,1564.5355224609375,938.3856811523438,775.4849243164062,4103.11181640625,2293.1142578125,1426.67138671875,792.1170654296875,1487.6304931640625,408.4840393066406,418.9528503417969,3532.13671875,1952.510986328125,2957.629150390625,690.779296875,12197.1630859375,2426.557861328125,1189.9696044921875,332.15142822265625,230.7175750732422,5607.11767578125,1494.7550048828125,287.3263244628906,1414.5838623046875,1796.2030029296875,776.5034790039062,31263.53515625,1662.8878173828125,1122.9056396484375,397.236083984375,3333.47216796875,1496.960693359375,3557.28662109375,2770.9150390625,11438.53515625,233.8126678466797
2025-05-26,1011.8499755859375,1387.5728759765625,562.298095703125,2282.528564453125,1213.2266845703125,8615.8154296875,2049.851318359375,916.8823852539062,162.71034240722656,260.47064208984375,331.5097961425781,5364.19384765625,1642.1865234375,1454.864013671875,366.6473083496094,1675.5836181640625,466.9753723144531,6678.9208984375,1225.3092041015625,5302.498046875,200.00184631347656,1588.6463623046875,941.5886840820312,775.0874633789062,4151.29638671875,2327.037109375,1437.2989501953125,798.80615234375,1502.55615234375,414.66326904296875,416.659423828125,3580.01806640625,1960.799072265625,3023.895263671875,701.12841796875,12165.8203125,2430.9501953125,1209.487060546875,331.0911865234375,232.3234405517578,5635.83642578125,1501.4110107421875,285.9768981933594,1422.5152587890625,1799.0989990234375,780.33447265625,30871.4375,1655.47998046875,1128.3193359375,397.779541015625,3355.001953125,1516.947998046875,3587.6953125,2767.128173828125,11383.0283203125,236.53494262695312
2025-05-27,1013.0,1391.536865234375,557.88623046875,2282.921142578125,1193.6585693359375,8620.142578125,2027.181640625,907.139404296875,165.98184204101562,258.7896423339844,334.20294189453125,5336.5234375,1662.5540771484375,1451.237060546875,364.14349365234375,1676.3763427734375,470.6699523925781,6640.25732421875,1227.5802001953125,5265.373046875,200.57640075683594,1568.23779296875,934.8429565429688,770.9138793945312,4131.10888671875,2313.526123046875,1423.3255615234375,819.3728637695312,1492.669189453125,406.237060546875,414.2862854003906,3571.48193359375,1943.9268798828125,2984.233642578125,705.36669921875,12158.9638671875,2423.120849609375,1212.8875732421875,326.3199462890625,231.00094604492188,5590.77734375,1492.733642578125,283.9045715332031,1409.9239501953125,1800.7967529296875,779.6468505859375,30722.5390625,1662.690185546875,1120.543212890625,397.3843078613281,3318.391357421875,1508.422607421875,3566.926025390625,2789.9482421875,11122.04296875,234.65391540527344
2025-05-28,1001.8499755859375,1398.2755126953125,556.8451538085938,2258.989501953125,1192.7598876953125,8510.50390625,2019.6917724609375,916.6845703125,166.23728942871094,265.1954650878906,333.50469970703125,5313.70751953125,1644.383056640625,1439.4742431640625,362.5501403808594,1677.862548828125,471.2532958984375,6578.79150390625,1226.98779296875,5203.82421875,199.7244873046875,1573.1739501953125,933.484130859375,784.4779052734375,4153.962890625,2295.8359375,1430.6075439453125,803.8480224609375,1494.2852783203125,400.65911865234375,413.6680603027344,3577.663330078125,1915.7083740234375,2943.00146484375,708.9642333984375,12077.6689453125,2417.10546875,1192.23681640625,327.7657775878906,229.2344970703125,5529.8740234375,1479.61865234375,280.62750244140625,1400.8028564453125,1804.8909912109375,782.4463500976562,29675.294921875,1645.8994140625,1103.8099365234375,391.6043701171875,3317.44287109375,1496.960693359375,3552.31787109375,2791.741943359375,10943.8330078125,233.8788299560547
2025-05-29,1019.0499877929688,1425.6265869140625,556.6468505859375,2250.26025390625,1199.74853515625,8535.0283203125,2008.2071533203125,910.403564453125,167.9270477294922,264.9965515136719,334.7515563964844,5335.552734375,1605.245361328125,1447.7083740234375,362.5501403808594,1710.2625732421875,468.7254638671875,6574.33056640625,1232.5174560546875,5255.11474609375,199.199462890625,1580.197998046875,935.42529296875,775.9818115234375,4148.63037109375,2300.404296875,1433.264404296875,822.8173217773438,1507.40478515625,399.2765197753906,415.1239013671875,3586.494140625,1943.828369140625,2953.99658203125,713.0545654296875,12137.416015625,2450.42822265625,1200.1226806640625,327.0910949707031,229.58399963378906,5615.0400390625,1493.7196044921875,282.50701904296875,1405.660888671875,1822.466552734375,783.232177734375,29695.146484375,1678.8885498046875,1100.488037109375,392.54296875,3317.822265625,1515.621826171875,3565.8330078125,2798.8173828125,10974.021484375,236.44041442871094
2025-05-30,1014.3499755859375,1419.8790283203125,548.764892578125,2215.736083984375,1190.263916015625,8277.7607421875,2014.698486328125,912.4410400390625,167.20005798339844,258.4514465332031,335.0009460449219,5350.11572265625,1598.4560546875,1436.7294921875,361.730712890625,1694.4093017578125,469.5518798828125,6554.99853515625,1235.479736328125,5210.66259765625,200.1603546142578,1553.5245361328125,943.86962890625,771.957275390625,4103.58837890625,2282.519775390625,1422.7352294921875,815.6289672851562,1506.5369873046875,398.60906982421875,413.7478332519531,3605.92138671875,1931.5936279296875,2922.38525390625,706.1551513671875,12065.916015625,2443.171875,1180.99951171875,321.8379211425781,226.14552307128906,5583.3505859375,1531.9796142578125,279.2781066894531,1408.7342529296875,1809.684326171875,797.91748046875,29377.5,1656.9615478515625,1097.0174560546875,388.09686279296875,3284.910400390625,1490.8980712890625,3532.741455078125,2771.1142578125,10916.5654296875,235.99615478515625
2025-06-02,1009.0999755859375,1454.761474609375,550.79736328125,2223.190185546875,1192.46044921875,8187.83740234375,2026.282958984375,906.2788696289062,169.715087890625,260.01312255859375,333.1556091308594,5441.86572265625,1578.4879150390625,1441.140625,363.9158630371094,1701.344970703125,471.0102233886719,6482.6279296875,1232.0235595703125,5237.529296875,204.3109588623047,1548.6834716796875,937.65771484375,761.8712158203125,4030.263671875,2305.167236328125,1427.3602294921875,811.3858032226562,1497.9569091796875,399.8009338378906,411.5342102050781,3610.336669921875,1934.9482421875,2970.587646484375,694.22900390625,12037.5107421875,2378.531005859375,1185.9775390625,320.5367126464844,225.1158905029297,5465.50390625,1518.66748046875,282.45880126953125,1401.5958251953125,1799.997802734375,799.2435913085938,29193.857421875,1653.99853515625,1110.9991455078125,392.098388671875,3272.01171875,1467.406005859375,3503.42626953125,2753.774658203125,10901.9580078125,234.11512756347656
2025-06-03,992.5999755859375,1419.383544921875,547.67431640625,2212.401123046875,1179.5814208984375,8235.4443359375,1989.232666015625,892.4141845703125,167.03305053710938,251.60794067382812,336.3475341796875,5413.22412109375,1563.811279296875,1444.081298828125,357.6791076660156,1684.2039794921875,472.1769714355469,6473.705078125,1232.6160888671875,5230.6904296875,209.31349182128906,1547.6392822265625,934.0178833007812,753.1266479492188,4007.695068359375,2286.407958984375,1414.961181640625,799.554931640625,1487.5450439453125,397.5602722167969,407.7251892089844,3609.54443359375,1927.9429931640625,2990.811279296875,693.4898071289062,11878.83984375,2388.365478515625,1178.6336669921875,316.3920593261719,224.1334686279297,5431.83349609375,1526.5069580078125,277.8323059082031,1393.466064453125,1772.8355712890625,795.4617309570312,29159.115234375,1646.98583984375,1105.2476806640625,386.81243896484375,3229.710205078125,1462.385498046875,3497.761962890625,2735.239501953125,10746.1474609375,232.73509216308594
2025-06-04,1004.7999877929688,1423.248291015625,547.723876953125,2205.829833984375,1169.0985107421875,8235.92578125,1953.4805908203125,893.2092895507812,166.0506134033203,252.40370178222656,335.5495300292969,5380.69921875,1510.29638671875,1442.80712890625,359.2724609375,1708.67724609375,478.2049560546875,6560.94677734375,1236.1710205078125,5196.98486328125,208.98658752441406,1543.5574951171875,942.073974609375,754.0209350585938,4000.077392578125,2298.26611328125,1408.1712646484375,813.0330810546875,1495.4503173828125,397.60791015625,408.08416748046875,3591.42138671875,1918.076416015625,2997.585205078125,692.94775390625,11913.1201171875,2390.1796875,1181.6402587890625,317.3559265136719,224.8702850341797,5450.64892578125,1526.1124267578125,278.1214294433594,1411.3118896484375,1773.4346923828125,792.2201538085938,29223.63671875,1644.41796875,1114.965576171875,388.93670654296875,3235.164306640625,1474.605224609375,3477.88720703125,2750.78515625,10744.19921875,233.3400421142578
2025-06-05,1003.5999755859375,1443.5633544921875,545.4435424804688,2200.435302734375,1157.117919921875,8230.154296875,1941.396728515625,887.941650390625,163.92857360839844,250.66299438476562,329.7641906738281,5437.0107421875,1509.1981201171875,1460.3533935546875,359.5455627441406,1749.7965087890625,475.1423645019531,6571.3564453125,1274.384765625,5186.23876953125,205.12326049804688,1549.5377197265625,946.1505126953125,756.8033447265625,3979.4130859375,2309.832763671875,1431.591552734375,801.9011840820312,1498.43896484375,399.6102600097656,406.8078308105469,3607.36572265625,1968.5936279296875,2986.0009765625,693.0462646484375,11876.880859375,2415.482421875,1183.51318359375,316.777587890625,224.60580444335938,5568.49560546875,1505.3553466796875,283.615478515625,1430.0501708984375,1772.3363037109375,791.72900390625,29298.087890625,1662.393798828125,1102.5704345703125,388.837890625,3225.786865234375,1480.383544921875,3482.060791015625,2708.13427734375,10866.9013671875,234.36090087890625
2025-06-06,1018.7999877929688,1458.4281005859375,550.4008178710938,2202.1025390625,1192.66015625,8306.61328125,1987.3350830078125,931.4243774414062,170.50103759765625,254.34335327148438,329.215576171875,5444.29248046875,1590.66845703125,1474.4686279296875,363.23297119140625,1759.2093505859375,467.8990173339844,6488.08056640625,1304.303955078125,5269.76953125,205.82656860351562,1554.568603515625,960.2728881835938,750.34423828125,4064.259521484375,2322.857177734375,1436.413330078125,821.5193481445312,1507.5975341796875,401.4695739746094,413.4885559082031,3620.93310546875,1972.9349365234375,3049.71435546875,688.6109008789062,12205.9775390625,2430.186279296875,1191.349609375,320.8258972167969,226.76898193359375,5621.47705078125,1503.6790771484375,285.10943603515625,1431.140625,1778.128173828125,798.6541748046875,29382.462890625,1658.5418701171875,1106.2393798828125,394.7660217285156,3238.32177734375,1488.245849609375,3537.61083984375,2738.229248046875,10958.4404296875,234.9752960205078
2025-06-09,1034.300048828125,1453.8695068359375,555.209228515625,2204.750732421875,1217.9190673828125,8310.4599609375,2014.698486328125,954.880126953125,182.9680938720703,256.7803649902344,337.29510498046875,5531.1875,1641.9866943359375,1476.8211669921875,365.0994567871094,1777.5396728515625,472.12835693359375,6575.8173828125,1302.526611328125,5266.83837890625,210.7003173828125,1564.630615234375,960.3699951171875,755.6109008789062,4141.7734375,2326.162109375,1411.9107666015625,835.297119140625,1516.3704833984375,403.3765563964844,426.4113464355469,3643.314453125,1968.0015869140625,3030.96337890625,694.22900390625,12377.3828125,2485.37451171875,1190.4130859375,324.9223327636719,229.3572998046875,5734.3720703125,1506.6373291015625,289.6395568847656,1436.3953857421875,1788.3140869140625,805.5302734375,29605.806640625,1673.554931640625,1111.7923583984375,401.33642578125,3274.39697265625,1495.823974609375,3511.7734375,2733.64501953125,10965.2568359375,237.5274200439453
2025-06-10,1060.5,1460.50927734375,556.2998657226562,2196.386474609375,1230.798095703125,8296.0341796875,1995.4241943359375,943.9473266601562,177.9085693359375,259.1676025390625,340.33740234375,5502.06103515625,1635.0977783203125,1480.938232421875,363.77923583984375,1813.70458984375,475.96875,6616.4638671875,1331.853515625,5253.6494140625,209.02621459960938,1583.4254150390625,953.7698974609375,757.64794921875,4169.96044921875,2328.105712890625,1400.200439453125,843.6834716796875,1538.6402587890625,407.14288330078125,428.9839172363281,3644.205810546875,1978.0655517578125,3011.42724609375,688.6109008789062,12262.787109375,2550.68359375,1198.34814453125,326.9465026855469,231.13319396972656,5888.36474609375,1518.223876953125,290.169677734375,1426.1834716796875,1783.0213623046875,802.5833740234375,29605.806640625,1668.02392578125,1105.7435302734375,408.25262451171875,3313.62939453125,1525.9468994140625,3502.13427734375,2735.43896484375,11092.828125,240.91134643554688
2025-06-11,1046.800048828125,1443.26611328125,556.4486083984375,2186.38916015625,1229.400390625,8385.4765625,2010.2044677734375,936.7416381835938,179.2643280029297,255.63645935058594,353.5539245605469,5485.55615234375,1605.64453125,1491.622802734375,366.1009826660156,1799.8330078125,473.0033874511719,6661.076171875,1334.12451171875,5228.73681640625,206.1633758544922,1634.4945068359375,946.538818359375,759.386962890625,4199.76611328125,2309.832763671875,1408.1712646484375,834.9476318359375,1572.478759765625,406.3323974609375,427.8272705078125,3649.157470703125,1999.574951171875,3024.385986328125,690.1879272460938,12196.18359375,2558.799560546875,1192.3353271484375,325.88623046875,233.62704467773438,5907.67626953125,1508.806640625,284.7720947265625,1436.4945068359375,1796.80224609375,800.6187744140625,29610.771484375,1669.8017578125,1095.0341796875,407.1163635253906,3322.241455078125,1551.14404296875,3519.425537109375,2761.348388671875,11163.9169921875,244.73956298828125
2025-06-12,1015.7999877929688,1432.76171875,543.658935546875,2196.881591796875,1210.9305419921875,8239.291015625,2026.083251953125,931.1261596679688,174.5584716796875,252.4534454345703,351.3594665527344,5407.3984375,1579.186767578125,1473.0963134765625,357.54254150390625,1768.1265869140625,459.82928466796875,6667.0244140625,1345.5787353515625,5193.0771484375,204.5189971923828,1614.8453369140625,943.1417236328125,749.748046875,4154.53369140625,2267.356689453125,1402.4637451171875,828.5580444335938,1550.787353515625,401.421875,424.13787841796875,3569.039794921875,1996.22021484375,2964.01025390625,682.5,12135.45703125,2543.904296875,1175.7752685546875,321.6451721191406,234.15603637695312,5864.59765625,1502.2491455078125,278.55517578125,1429.2569580078125,1763.5484619140625,791.679931640625,29471.798828125,1666.64111328125,1075.9952392578125,396.8409118652344,3286.16650390625,1557.6802978515625,3431.08203125,2729.858154296875,11026.607421875,245.39175415039062
2025-06-13,989.5,1399.103515625,539.8279418945312,2191.734375,1203.8419189453125,8139.75048828125,2008.3070068359375,927.3990478515625,172.1122283935547,252.20477294921875,354.50146484375,5407.88427734375,1551.3310546875,1475.4488525390625,356.17681884765625,1776.0533447265625,453.5581970214844,6609.5244140625,1345.38134765625,5196.49658203125,203.36990356445312,1609.244873046875,930.6207885742188,748.1083984375,4126.91845703125,2254.04052734375,1393.5089111328125,815.529052734375,1544.424560546875,394.6520690917969,420.26904296875,3552.699462890625,1972.9349365234375,2951.051513671875,681.2680053710938,12153.087890625,2524.712646484375,1171.4381103515625,319.9584045410156,237.58506774902344,5825.48046875,1485.28857421875,275.18170166015625,1415.67431640625,1752.763427734375,778.3206787109375,29392.388671875,1667.0361328125,1069.3515625,392.4441833496094,3297.1708984375,1571.51025390625,3400.474609375,2731.35302734375,10930.19921875,245.95889282226562
2025-06-16,992.0,1394.7220458984375,547.4402465820312,2222.023681640625,1213.4263916015625,8203.2255859375,2025.48388671875,932.2691650390625,175.3247833251953,253.09999084472656,356.3468322753906,5398.66064453125,1564.1107177734375,1496.8179931640625,359.0447998046875,1812.7137451171875,458.61395263671875,6629.84765625,1329.878662109375,5241.4375,203.67698669433594,1635.5386962890625,939.2592163085938,765.6968994140625,4156.15283203125,2262.205078125,1404.13671875,819.9219970703125,1565.441162109375,398.75213623046875,426.57086181640625,3593.599853515625,1984.0843505859375,2968.330078125,680.8737182617188,12272.5810546875,2585.056640625,1177.84521484375,321.6451721191406,242.57273864746094,5960.65673828125,1478.533935546875,278.21783447265625,1425.489501953125,1795.3043212890625,778.4680786132812,29585.955078125,1664.5670166015625,1074.3095703125,394.6178283691406,3345.590087890625,1604.56982421875,3416.573486328125,2786.759521484375,11194.10546875,248.49212646484375
2025-06-17,977.5,1386.4569091796875,548.1865844726562,2241.821044921875,1213.1268310546875,8169.564453125,2000.6173095703125,917.3607788085938,171.9353790283203,251.0111541748047,351.7584533691406,5406.42822265625,1552.7288818359375,1473.7825927734375,356.2678527832031,1823.6129150390625,458.9542541503906,6481.63623046875,1302.23046875,5217.990234375,202.84487915039062,1641.8035888671875,936.4445190429688,769.0755615234375,4162.3427734375,2263.37158203125,1400.49560546875,807.841552734375,1580.9625244140625,397.98931884765625,426.13214111328125,3587.261962890625,1918.076416015625,2952.2294921875,676.98046875,12336.24609375,2571.689208984375,1164.1435546875,323.09100341796875,238.34075927734375,6009.18212890625,1488.1483154296875,278.1214294433594,1418.9459228515625,1797.700927734375,778.2716064453125,29402.31640625,1629.898681640625,1062.6085205078125,391.30792236328125,3363.770751953125,1627.9671630859375,3384.376220703125,2767.526611328125,11085.037109375,248.5110321044922
2025-06-18,968.9000244140625,1366.8394775390625,542.3653564453125,2258.25244140625,1219.0172119140625,8144.078125,1978.7467041015625,913.38525390625,177.5745391845703,250.46405029296875,341.1353759765625,5410.3115234375,1584.278564453125,1468.4892578125,355.4029235839844,1816.6771240234375,457.15557861328125,6492.5419921875,1296.799560546875,5268.79248046875,205.13316345214844,1628.79931640625,938.5313110351562,761.3743896484375,4149.8681640625,2232.9482421875,1390.064697265625,849.1246948242188,1574.214111328125,396.5590515136719,425.2546691894531,3566.6630859375,1927.9429931640625,2985.510009765625,679.78955078125,12486.1025390625,2565.96044921875,1153.69482421875,320.3921203613281,236.49874877929688,5967.09423828125,1463.44677734375,276.9165954589844,1417.85546875,1794.705078125,777.8787231445312,29089.62890625,1627.7257080078125,1056.26220703125,388.689697265625,3302.625,1620.4837646484375,3446.087646484375,2766.231201171875,11107.4345703125,247.2633056640625
2025-06-19,934.0,1332.384765625,530.1756591796875,2244.98828125,1215.52294921875,8171.00732421875,1964.965087890625,894.9982299804688,175.1184539794922,245.88845825195312,347.7187194824219,5396.2333984375,1541.946044921875,1454.66796875,349.8490905761719,1777.5396728515625,452.1970520019531,6437.0244140625,1309.4385986328125,5366.9775390625,202.00286865234375,1626.900634765625,939.2107543945312,757.0516967773438,4175.0078125,2229.93505859375,1388.78564453125,836.1456909179688,1560.2352294921875,396.6544189453125,428.046630859375,3586.07373046875,1906.0391845703125,3038.228271484375,680.6765747070312,12542.9111328125,2528.62744140625,1142.901123046875,318.1269836425781,237.63229370117188,5841.32470703125,1463.0030517578125,276.09735107421875,1421.028076171875,1786.916015625,771.1990356445312,29094.591796875,1627.3306884765625,1079.16845703125,379.94561767578125,3276.40625,1595.19189453125,3483.451904296875,2770.21728515625,11121.0693359375,251.0347900390625
2025-06-20,947.7000122070312,1343.6373291015625,530.822509765625,2262.5087890625,1218.7176513671875,8254.8271484375,1983.5401611328125,899.4707641601562,176.88685607910156,249.1212158203125,350.46173095703125,5424.3896484375,1555.0252685546875,1470.0576171875,354.2193298339844,1815.1907958984375,453.9471130371094,6535.1708984375,1308.6488037109375,5397.75244140625,205.55911254882812,1651.580810546875,953.4786987304688,776.18359375,4131.39404296875,2241.59912109375,1404.33349609375,838.8912353515625,1564.573486328125,399.0858154296875,432.71319580078125,3626.577880859375,1922.0230712890625,3126.1904296875,683.3378295898438,12528.21875,2574.267578125,1163.35498046875,323.09100341796875,237.9440155029297,6047.30908203125,1457.4810791015625,282.50701904296875,1453.6463623046875,1808.3861083984375,782.053466796875,28662.791015625,1644.6153564453125,1090.968505859375,387.6976013183594,3287.60205078125,1606.65380859375,3496.967041015625,2802.30517578125,11158.07421875,251.94223022460938
2025-06-23,960.5,1349.1142578125,532.9121704101562,2241.1279296875,1212.12841796875,8171.5,1994.9249267578125,909.9066162109375,177.04403686523438,252.4534454345703,351.3096008300781,5407.3984375,1581.083740234375,1469.4693603515625,357.3604431152344,1814.199951171875,454.53045654296875,6578.79150390625,1301.3416748046875,5424.619140625,205.00437927246094,1616.743896484375,945.5681762695312,771.400634765625,4050.07080078125,2234.62548828125,1397.4451904296875,838.5418701171875,1527.071533203125,394.6520690917969,435.5649719238281,3549.03515625,1901.5003662109375,3077.693603515625,683.92919921875,12438.109375,2552.402099609375,1162.7142333984375,320.58489990234375,237.46224975585938,6021.06591796875,1455.3116455078125,279.7600402832031,1444.326904296875,1816.075439453125,776.2088012695312,28355.068359375,1642.04736328125,1100.0914306640625,390.5797424316406,3247.317138671875,1593.10791015625,3483.750244140625,2768.921875,11149.310546875,248.8229522705078
2025-06-24,987.2999877929688,1383.6685791015625,551.4702758789062,2252.21435546875,1219.2169189453125,8260.744140625,2006.5093994140625,910.9005126953125,177.05386352539062,258.5708312988281,348.3171691894531,5453.51611328125,1595.9600830078125,1472.704345703125,357.49700927734375,1844.9156494140625,461.9196472167969,6508.8994140625,1320.498046875,5499.35693359375,207.25303649902344,1605.9224853515625,951.634521484375,776.930908203125,4087.590087890625,2222.839111328125,1401.38134765625,830.6046752929688,1524.7576904296875,395.0811767578125,443.4422912597656,3569.93115234375,1905.052490234375,3092.517578125,693.3912353515625,12351.9169921875,2561.568359375,1166.016357421875,318.0306396484375,230.41526794433594,6023.54150390625,1480.2596435546875,275.6154479980469,1438.378173828125,1840.4415283203125,781.3167114257812,28295.509765625,1641.2572021484375,1098.4056396484375,395.9961853027344,3244.254638671875,1588.65576171875,3503.923095703125,2827.21826171875,11275.9072265625,250.45822143554688
2025-06-25,981.0999755859375,1387.25341796875,556.6447143554688,2256.767578125,1211.329833984375,8273.0703125,2009.10595703125,922.3302612304688,178.7927703857422,260.4607238769531,350.5115966796875,5541.86767578125,1606.2437744140625,1480.154052734375,356.6776123046875,1862.7506103515625,466.9267578125,6529.71826171875,1324.743896484375,5447.57763671875,208.42193603515625,1629.938232421875,961.0009155273438,782.3117065429688,4095.493408203125,2238.1611328125,1403.05419921875,828.4581298828125,1556.8609619140625,396.9881286621094,438.3968200683594,3584.7861328125,1909.492431640625,3156.721923828125,694.7711791992188,12504.7119140625,2628.21435546875,1185.0408935546875,318.8981018066406,228.51657104492188,6049.28955078125,1482.034423828125,279.95281982421875,1454.737060546875,1840.1419677734375,785.8843383789062,28861.3203125,1649.06005859375,1117.0479736328125,400.5678405761719,3296.309814453125,1615.08447265625,3629.332763671875,2906.640380859375,11425.8759765625,254.65504455566406
2025-06-26,992.0,1423.3016357421875,563.95849609375,2266.567138671875,1231.4970703125,8315.966796875,2050.85009765625,945.6866455078125,181.80882263183594,263.04693603515625,349.6138916015625,5658.375,1624.4146728515625,1483.8790283203125,358.8627014160156,1870.677001953125,468.190673828125,6558.9638671875,1304.8963623046875,5482.26025390625,208.0455322265625,1636.5828857421875,981.1896362304688,796.6107788085938,4073.781982421875,2240.22412109375,1416.1419677734375,834.7479248046875,1557.92138671875,400.7544250488281,439.51361083984375,3624.201171875,1902.9803466796875,3157.0166015625,715.8143310546875,12453.7802734375,2675.859375,1198.34814453125,324.9705505371094,231.18043518066406,5996.8037109375,1488.986328125,282.89251708984375,1482.4971923828125,1858.2169189453125,782.9375,29883.751953125,1649.257568359375,1135.789306640625,403.1518249511719,3293.439208984375,1601.0648193359375,3671.566650390625,2918.6982421875,11638.169921875,253.8137664794922
2025-06-27,1015.5999755859375,1434.15576171875,572.1181030273438,2334.76806640625,1223.110595703125,8318.92578125,2042.25732421875,941.2141723632812,182.3491668701172,262.69879150390625,353.5040283203125,5625.849609375,1651.4715576171875,1488.436279296875,358.8627014160156,1882.071533203125,472.8575439453125,6600.60205078125,1284.654052734375,5529.64306640625,206.4308319091797,1635.8236083984375,988.5982666015625,804.0841674804688,4114.0625,2265.859375,1438.8734130859375,856.3130493164062,1550.208984375,399.1811828613281,440.311279296875,3643.611572265625,1909.3936767578125,3144.7451171875,721.13671875,12382.279296875,2673.472412109375,1211.8033447265625,326.0789794921875,229.38565063476562,5952.23974609375,1504.6158447265625,288.43475341796875,1502.425048828125,1848.031005859375,791.1396484375,30801.953125,1666.838623046875,1114.866455078125,406.3321533203125,3292.76953125,1586.0982666015625,3643.245361328125,2929.06201171875,11893.310546875,250.5338134765625
2025-06-30,1025.5999755859375,1444.11376953125,574.6057739257812,2317.346923828125,1197.2525634765625,8259.7578125,2054.2470703125,930.7783203125,186.30836486816406,264.8871154785156,354.8007507324219,5680.70556640625,1625.4132080078125,1491.9036865234375,356.85968017578125,1906.8421630859375,471.7880554199219,6750.7958984375,1267.176513671875,5526.2236328125,211.11636352539062,1640.8544921875,982.023681640625,811.4080200195312,4034.834716796875,2253.7783203125,1422.7352294921875,870.689697265625,1544.2318115234375,397.08349609375,431.4568176269531,3634.302490234375,1912.1563720703125,3125.012451171875,711.9703369140625,12145.2509765625,2716.82080078125,1215.056396484375,322.80181884765625,230.68923950195312,5982.93896484375,1505.947021484375,289.0612487792969,1487.7518310546875,1835.7481689453125,805.824951171875,30801.953125,1655.0849609375,1089.6795654296875,402.9530944824219,3312.768310546875,1598.0338134765625,3667.094970703125,2907.836181640625,11776.4521484375,251.41290283203125
2025-07-01,1015.7000122070312,1440.92724609375,577.3919677734375,2345.458740234375,1171.394775390625,8282.4384765625,2052.049072265625,930.9274291992188,183.9014129638672,263.2458801269531,361.58355712890625,5576.33447265625,1597.258056640625,1501.612548828125,354.85662841796875,1904.8604736328125,469.0171203613281,6797.390625,1260.758056640625,5583.865234375,216.66372680664062,1631.077392578125,987.2244873046875,807.023681640625,4024.2646484375,2254.662353515625,1409.1552734375,877.6784057617188,1549.05224609375,395.7962646484375,435.46527099609375,3631.232421875,1934.7509765625,3118.04248046875,706.992919921875,12186.388671875,2751.28955078125,1187.8504638671875,320.58489990234375,229.89573669433594,5979.96826171875,1501.7069091796875,286.796142578125,1515.3138427734375,1859.91455078125,805.7758178710938,30955.8125,1646.6895751953125,1086.4071044921875,404.0462951660156,3281.860595703125,1583.06689453125,3677.330322265625,2883.521240234375,11890.3896484375,250.0612030029297
2025-07-02,1019.0,1437.84033203125,591.2733154296875,2394.85205078125,1173.3916015625,8240.5283203125,2006.1881103515625,917.3607788085938,184.57928466796875,259.2173767089844,367.6182556152344,5621.48095703125,1552.1297607421875,1483.6807861328125,352.2618103027344,1908.427490234375,474.02423095703125,6800.36474609375,1254.83349609375,5590.70361328125,215.70285034179688,1631.3619384765625,974.418701171875,786.8953857421875,4041.119873046875,2266.05615234375,1405.0223388671875,856.2631225585938,1552.619140625,393.7462463378906,432.5735778808594,3562.008544921875,1942.151123046875,3107.34130859375,702.1633911132812,12362.6904296875,2757.97314453125,1176.9580078125,321.693359375,227.72308349609375,5956.20068359375,1516.8927001953125,284.1937561035156,1505.796142578125,1854.222412109375,798.5068969726562,31407.46875,1656.8629150390625,1086.6055908203125,404.14569091796875,3275.736572265625,1588.65576171875,3684.783447265625,2888.204833984375,12110.4736328125,252.37701416015625
2025-07-03,1008.5,1425.093994140625,585.85009765625,2406.235595703125,1169.1982421875,8266.16796875,1979.01123046875,904.5892944335938,180.69866943359375,256.2332763671875,373.50335693359375,5625.849609375,1524.6734619140625,1494.6776123046875,351.85205078125,1920.5155029296875,477.9618835449219,6816.72265625,1275.075927734375,5584.353515625,214.9499969482422,1625.0020751953125,974.9583740234375,783.0590209960938,4104.82568359375,2272.243896484375,1403.152587890625,861.0054321289062,1560.5244140625,394.1276550292969,424.0980224609375,3548.242919921875,1928.732421875,3116.373291015625,703.0996704101562,12490.01953125,2752.53076171875,1177.1551513671875,322.5126647949219,230.5380859375,5892.8212890625,1535.578857421875,283.0853576660156,1504.8045654296875,1807.68701171875,792.8095092773438,31189.0859375,1659.0357666015625,1080.25927734375,397.437255859375,3254.206298828125,1583.72998046875,3655.666748046875,2889.101806640625,12073.46875,252.4242706298828
2025-07-04,996.7999877929688,1418.422119140625,592.8156127929688,2399.603515625,1176.6925048828125,8315.966796875,1992.6995849609375,919.646728515625,176.8180694580078,258.7697448730469,379.5960388183594,5603.51953125,1524.2740478515625,1499.2349853515625,351.5334167480469,1932.70263671875,481.36480712890625,6846.9599609375,1290.9736328125,5499.35693359375,213.2957000732422,1638.2916259765625,976.037841796875,782.3117065429688,4137.583984375,2297.683349609375,1419.7830810546875,854.8653564453125,1581.733642578125,393.3648376464844,424.7361755371094,3559.830078125,1954.484375,3129.634033203125,718.1305541992188,12386.1982421875,2792.06005859375,1184.2823486328125,323.3801574707031,231.66221618652344,5838.849609375,1518.66748046875,283.3744812011719,1514.223388671875,1797.20166015625,797.4754028320312,31084.857421875,1655.677734375,1080.556640625,398.5304870605469,3272.387451171875,1596.558837890625,3663.8154296875,2870.068359375,12178.6416015625,255.2599639892578
2025-07-07,991.0999755859375,1429.5750732421875,589.0841064453125,2418.014892578125,1174.1944580078125,8346.0439453125,2004.689453125,919.000732421875,174.37181091308594,254.98992919921875,371.6555480957031,5712.7451171875,1511.8939208984375,1496.4609375,349.8490905761719,1923.8843994140625,498.525146484375,6829.11474609375,1294.03466796875,5551.625,213.02822875976562,1623.578369140625,975.1055908203125,786.6463012695312,4101.39794921875,2367.51806640625,1412.796142578125,853.0682983398438,1568.5262451171875,396.7974548339844,428.72467041015625,3546.757568359375,1952.2149658203125,3127.35791015625,718.8697509765625,12262.787109375,2744.701416015625,1198.783935546875,325.25970458984375,228.14816284179688,5783.88720703125,1514.82177734375,285.205810546875,1528.3016357421875,1805.789794921875,792.56396484375,30876.400390625,1664.6953125,1092.654296875,398.729248046875,3264.63671875,1566.3677978515625,3643.14599609375,2866.87939453125,12021.85546875,253.08596801757812
2025-07-08,992.0,1442.4210205078125,588.6362915039062,2459.390869140625,1164.501953125,8223.7646484375,2016.5792236328125,921.982421875,171.6308135986328,256.73065185546875,368.9088134765625,5669.05517578125,1519.2821044921875,1474.46728515625,348.5743713378906,1931.7117919921875,498.86541748046875,6878.18798828125,1267.670166015625,5548.6943359375,211.4927978515625,1621.3951416015625,981.974609375,791.32958984375,4095.11279296875,2350.133056640625,1418.9957275390625,848.9249877929688,1579.8055419921875,397.79864501953125,443.6217346191406,3571.515625,1896.4683837890625,3125.081787109375,717.4899291992188,12158.9638671875,2778.11962890625,1196.705078125,330.802001953125,229.77293395996094,5727.93505859375,1512.4552001953125,286.9889221191406,1524.43505859375,1814.3778076171875,798.2612915039062,31069.96875,1657.3623046875,1090.671142578125,398.38140869140625,3259.37353515625,1577.4603271484375,3430.045166015625,2820.84033203125,12119.23828125,254.8818817138672
2025-07-09,995.2000122070312,1436.944091796875,587.4421997070312,2473.545654296875,1163.8023681640625,8244.9658203125,2024.67236328125,934.8532104492188,174.89251708984375,260.6596374511719,373.1037902832031,5710.80322265625,1560.6162109375,1477.8355712890625,352.7626037597656,1913.579833984375,507.6643981933594,6923.2958984375,1253.4510498046875,5563.83740234375,211.87913513183594,1589.0260009765625,986.7828369140625,783.5074462890625,4126.251953125,2380.286865234375,1409.0570068359375,839.3904418945312,1574.9853515625,399.9440002441406,444.5789794921875,3545.073974609375,1888.6737060546875,3143.290771484375,719.8554077148438,12213.8134765625,2789.12451171875,1201.60498046875,331.5730895996094,229.87686157226562,5668.51611328125,1502.939453125,288.8202819824219,1505.9942626953125,1812.380615234375,796.5913696289062,31382.65234375,1654.2904052734375,1088.6878662109375,398.1826171875,3237.939453125,1557.5902099609375,3420.875244140625,2830.207763671875,12233.17578125,253.13319396972656
2025-07-10,995.7999877929688,1437.0435791015625,582.5166625976562,2426.32958984375,1163.40283203125,8170.02099609375,2037.6612548828125,941.8602294921875,175.12828063964844,259.91363525390625,371.9551696777344,5706.91943359375,1544.3421630859375,1464.06494140625,349.6669616699219,1870.3797607421875,507.9074401855469,6785.494140625,1254.6434326171875,5521.8271484375,208.99647521972656,1579.2489013671875,984.3296508789062,768.5109252929688,4115.01513671875,2365.5537109375,1401.38134765625,851.4708251953125,1557.728759765625,397.46490478515625,439.49365234375,3540.122314453125,1869.532470703125,3129.53515625,716.5043334960938,12390.115234375,2786.397705078125,1188.53857421875,329.1152038574219,229.63124084472656,5625.4384765625,1511.22265625,288.43475341796875,1504.209716796875,1807.68701171875,793.693603515625,30945.88671875,1647.4527587890625,1079.763427734375,397.437255859375,3236.216796875,1543.410888671875,3408.615478515625,2820.242431640625,12188.3798828125,250.5338134765625
2025-07-11,995.2000122070312,1425.69140625,584.2579956054688,2414.451416015625,1172.8955078125,7955.04638671875,2015.4801025390625,927.796630859375,172.50518798828125,257.32745361328125,373.7530517578125,5590.89794921875,1530.06494140625,1471.1978759765625,346.8444519042969,1850.6624755859375,516.1229858398438,6776.076171875,1246.793212890625,5483.2373046875,205.4303436279297,1555.13818359375,973.2902221679688,756.304443359375,4017.312744140625,2474.77587890625,1399.2164306640625,857.461181640625,1537.5797119140625,397.4172058105469,442.843994140625,3506.352294921875,1869.4337158203125,3041.26220703125,715.2230224609375,12315.6767578125,2764.679931640625,1189.5780029296875,330.3200378417969,228.37486267089844,5524.42724609375,1479.52001953125,287.760009765625,1482.3980712890625,1832.65234375,794.3321533203125,30980.62890625,1656.8668212890625,1067.7650146484375,394.4060363769531,3125.217041015625,1545.725830078125,3350.605712890625,2744.90576171875,12167.9296875,244.1534881591797
2025-07-14,1025.9000244140625,1426.986083984375,587.2432250976562,2377.233154296875,1171.7962646484375,7975.26171875,2001.8917236328125,913.2361450195312,172.06309509277344,255.98460388183594,378.6471862792969,5609.83056640625,1525.971435546875,1470.2071533203125,349.48486328125,1857.79638671875,511.6020202636719,6720.06298828125,1242.7191162109375,5412.8955078125,208.59036254882812,1537.5772705078125,972.94677734375,762.0339965820312,4048.73779296875,2471.828857421875,1400.2989501953125,866.197021484375,1513.8638916015625,399.89630126953125,439.49365234375,3462.08447265625,1900.4150390625,3059.9658203125,717.5391845703125,12256.91015625,2755.622802734375,1184.3316650390625,329.7417297363281,230.69866943359375,5565.63525390625,1461.5732421875,287.4227294921875,1470.9964599609375,1848.7301025390625,794.528564453125,30871.4375,1667.370849609375,1062.806884765625,400.0709228515625,3083.78369140625,1520.83984375,3393.564697265625,2792.439453125,12188.3798828125,240.3253173828125
2025-07-15,1033.0999755859375,1439.0352783203125,590.1786499023438,2369.215087890625,1165.0015869140625,8195.66015625,2034.763671875,922.7278442382812,176.98507690429688,256.1338195800781,389.983642578125,5617.1123046875,1554.5260009765625,1477.0430908203125,351.85205078125,1876.5230712890625,512.3798217773438,6731.46435546875,1252.9542236328125,5462.232421875,209.67999267578125,1486.887939453125,979.079833984375,754.1620483398438,4241.38037109375,2481.94580078125,1407.9744873046875,879.5753784179688,1528.614013671875,402.47076416015625,436.3626708984375,3460.202880859375,1924.68701171875,3096.08642578125,729.5639038085938,12278.4580078125,2809.47900390625,1195.9132080078125,329.64532470703125,230.1791229248047,5542.30078125,1478.2381591796875,287.2781066894531,1472.6820068359375,1822.266845703125,801.9940185546875,30851.583984375,1711.864501953125,1072.7230224609375,401.41259765625,3112.107666015625,1523.0584716796875,3403.8310546875,2874.951171875,12174.7470703125,243.30279541015625
2025-07-16,1038.5999755859375,1450.5865478515625,592.56689453125,2386.042724609375,1167.4996337890625,8187.27783203125,2034.26416015625,916.118408203125,180.45306396484375,253.0005340576172,394.1785888671875,5618.08251953125,1556.5228271484375,1462.08349609375,351.85205078125,1865.1285400390625,513.303466796875,6772.11083984375,1251.463623046875,5496.91455078125,212.67161560058594,1483.4708251953125,979.4722900390625,753.2652587890625,4213.28857421875,2472.811279296875,1403.6446533203125,878.327392578125,1550.1126708984375,404.8544921875,434.6276550292969,3469.908203125,1904.3616943359375,3163.28076171875,721.13671875,12305.8828125,2801.687744140625,1217.5418701171875,330.0791015625,229.40452575683594,5553.2236328125,1473.208984375,286.31427001953125,1472.8802490234375,1826.560791015625,816.9739990234375,30727.50390625,1685.6043701171875,1072.425537109375,412.1461181640625,3104.234375,1550.9345703125,3406.12353515625,2887.20849609375,12127.0283203125,248.4070281982422
2025-07-17,1050.0999755859375,1446.4041748046875,591.6712646484375,2374.560302734375,1158.90625,8214.396484375,2024.772216796875,917.658935546875,181.93653869628906,251.90635681152344,396.5257873535156,5638.4716796875,1561.814453125,1468.6220703125,351.351318359375,1848.1854248046875,514.03271484375,6731.9599609375,1255.1402587890625,5519.87353515625,210.5913543701172,1465.5299072265625,974.8602294921875,749.1300048828125,4231.47705078125,2465.14990234375,1396.0675048828125,863.7010498046875,1526.589599609375,404.2347106933594,432.91259765625,3440.396484375,1929.620361328125,3161.79638671875,722.7630615234375,12219.6904296875,2769.744140625,1212.147216796875,330.2718505859375,230.3680419921875,5455.9111328125,1475.3291015625,285.8805236816406,1463.759033203125,1800.29736328125,814.32177734375,30618.310546875,1687.982666015625,1096.5216064453125,410.90380859375,3081.287109375,1508.300537109375,3422.0712890625,2868.77294921875,12167.9296875,246.32752990722656
2025-07-18,1030.199951171875,1437.0435791015625,593.760986328125,2358.2275390625,1098.452880859375,8231.6533203125,2027.86962890625,936.2446899414062,183.73439025878906,249.17095947265625,398.2737121582031,5568.56689453125,1552.1297607421875,1468.5230712890625,353.7185974121094,1842.240478515625,513.1979370117188,6673.46875,1249.5755615234375,5497.8916015625,210.4724884033203,1481.6978759765625,960.38623046875,736.8736572265625,4186.81591796875,2445.309326171875,1403.05419921875,868.64306640625,1529.095947265625,403.09051513671875,427.3621826171875,3431.285400390625,1906.4337158203125,3159.223388671875,709.8512573242188,12163.861328125,2758.7392578125,1223.580078125,329.7417297363281,232.67295837402344,5508.53955078125,1458.4671630859375,283.5190734863281,1463.3624267578125,1785.9173583984375,808.7717895507812,30563.716796875,1678.271240234375,1086.7047119140625,405.3879699707031,3062.756103515625,1494.02490234375,3391.7705078125,2839.37548828125,12170.8505859375,252.32977294921875
2025-07-21,1036.5999755859375,1444.41259765625,610.2294311523438,2351.298583984375,1098.7525634765625,8321.390625,2052.148681640625,942.6553344726562,179.04818725585938,253.29893493652344,394.1785888671875,5516.13916015625,1571.29931640625,1460.2010498046875,352.1707763671875,1857.102783203125,505.2927551269531,6630.34375,1251.3642578125,5429.9921875,210.77957153320312,1464.0950927734375,981.5330200195312,749.6282348632812,4197.76708984375,2421.048828125,1442.4161376953125,857.4112548828125,1527.36083984375,400.5637512207031,432.2936706542969,3468.91796875,1895.383056640625,3212.958984375,707.38720703125,12150.1484375,2729.71728515625,1223.7781982421875,329.2115783691406,231.47328186035156,5738.41357421875,1461.91845703125,286.26605224609375,1416.3682861328125,1802.1947021484375,809.6068115234375,31364.361328125,1676.983154296875,1081.1517333984375,399.375244140625,3032.31982421875,1489.1055908203125,3421.772216796875,2825.62353515625,12247.783203125,246.0912322998047
2025-07-22,1013.7000122070312,1414.7376708984375,617.4934692382812,2341.2021484375,1097.15380859375,8179.88232421875,2037.861083984375,946.730224609375,177.76121520996094,249.17095947265625,386.7375183105469,5542.35302734375,1562.91259765625,1450.7894287109375,354.26483154296875,1841.3486328125,505.78375244140625,6555.98974609375,1232.1859130859375,5314.22119140625,210.40313720703125,1454.2413330078125,984.771240234375,760.589111328125,4135.10791015625,2435.585205078125,1450.0916748046875,841.8364868164062,1514.4423828125,396.6544189453125,431.29541015625,3431.08740234375,1877.8204345703125,3223.349853515625,706.0565795898438,12235.3623046875,2704.688232421875,1209.37548828125,328.53692626953125,232.76742553710938,5673.37353515625,1446.7327880859375,287.0371398925781,1400.70361328125,1806.48876953125,800.5697021484375,32169.978515625,1662.8125,1075.6978759765625,396.6918640136719,3033.664306640625,1492.3851318359375,3461.043212890625,2785.6630859375,12126.0556640625,245.47682189941406
2025-07-23,1033.9000244140625,1414.8372802734375,617.34423828125,2351.298583984375,1103.9486083984375,8280.466796875,2058.7431640625,962.384033203125,178.2425994873047,249.8672332763672,396.4758605957031,5553.03271484375,1553.6273193359375,1459.8048095703125,355.7671203613281,1832.7283935546875,504.6053466796875,6595.64501953125,1239.539306640625,5316.17529296875,210.8092803955078,1463.52099609375,993.2103881835938,759.7919921875,4155.39111328125,2406.806640625,1464.852294921875,849.773681640625,1517.9129638671875,395.65325927734375,433.3318786621094,3451.19091796875,1894.8897705078125,3234.82958984375,710.2455444335938,12367.587890625,2664.95361328125,1213.8299560546875,330.6573791503906,231.95504760742188,5566.1318359375,1449.0162353515625,288.43475341796875,1412.4024658203125,1806.988037109375,806.1196899414062,31941.22265625,1667.271728515625,1053.68408203125,400.021240234375,3052.386962890625,1491.8062744140625,3460.04638671875,2792.83837890625,12048.1484375,247.08370971679688
2025-07-24,1020.7000122070312,1405.67578125,617.34423828125,2328.2353515625,1094.256103515625,8173.47216796875,2030.5673828125,953.0911865234375,180.91481018066406,249.71803283691406,397.1250915527344,5507.88623046875,1549.6319580078125,1474.071044921875,351.03265380859375,1660.6221923828125,503.3287353515625,6561.4423828125,1257.525146484375,5343.0419921875,210.7003173828125,1441.900146484375,988.2548217773438,754.6104736328125,4158.484375,2394.430908203125,1459.7353515625,846.5289306640625,1496.70361328125,390.8857727050781,427.681640625,3443.862548828125,1915.5111083984375,3227.011474609375,696.7423706054688,12299.0263671875,2584.218017578125,1149.290283203125,326.65728759765625,231.27491760253906,5137.662109375,1443.5555419921875,288.5311279296875,1390.8883056640625,1791.110107421875,801.25732421875,31573.224609375,1676.685791015625,1063.798583984375,398.2323303222656,3022.5263671875,1445.5069580078125,3473.00390625,2787.955322265625,11981.9287109375,247.50909423828125
2025-07-25,975.9000244140625,1390.4400634765625,610.0801391601562,2312.496337890625,1085.262939453125,7963.42822265625,1984.10693359375,908.1672973632812,175.0595245361328,238.8758544921875,393.67919921875,5431.185546875,1502.086181640625,1518.2564697265625,346.7078857421875,1673.3048095703125,502.1503601074219,6589.32763671875,1269.8470458984375,5307.87109375,206.18319702148438,1425.541015625,985.9922485351562,759.6425170898438,4089.658447265625,2372.42919921875,1453.5357666015625,822.3680419921875,1461.2261962890625,390.361328125,424.18768310546875,3409.59716796875,1936.95556640625,3212.662109375,683.978515625,12149.169921875,2556.462158203125,1125.7808837890625,321.16326904296875,226.9862518310547,5114.32763671875,1434.4710693359375,281.5431823730469,1379.7841796875,1829.556640625,792.269287109375,30782.525390625,1683.6224365234375,1045.5528564453125,392.915283203125,3010.812744140625,1410.107177734375,3451.474609375,2764.736328125,12004.958984375,245.00421142578125
2025-07-28,1003.9000244140625,1370.2252197265625,608.040283203125,2335.6591796875,1072.7725830078125,7977.23388671875,1976.11376953125,875.1204223632812,171.9550323486328,235.493896484375,386.9872131347656,5460.7978515625,1488.6016845703125,1557.3892822265625,344.4772644042969,1708.875244140625,512.6087036132812,6556.9609375,1279.2872314453125,5261.95361328125,204.06332397460938,1402.580810546875,987.9105224609375,758.4966430664062,4148.04443359375,2398.163330078125,1464.6556396484375,800.7529907226562,1461.515380859375,390.8381042480469,392.6421203613281,3389.097412109375,1946.38720703125,3176.442626953125,688.3645629882812,12086.484375,2633.204833984375,1103.3603515625,320.9222717285156,226.73121643066406,5113.33447265625,1429.109619140625,281.3503723144531,1375.7193603515625,1847.93115234375,783.0357666015625,30528.90625,1686.7933349609375,1051.0067138671875,396.7415771484375,2956.56494140625,1399.2073974609375,3381.903076171875,2789.151123046875,11995.1591796875,241.0043487548828
2025-07-29,1015.5999755859375,1390.041748046875,607.045166015625,2377.1337890625,1063.3798828125,8014.70654296875,1970.918212890625,881.1334838867188,170.39297485351562,239.27374267578125,397.6744079589844,5462.25390625,1483.10791015625,1559.3707275390625,349.3027648925781,1704.7139892578125,508.9752502441406,6649.0810546875,1291.609130859375,5344.50732421875,203.28074645996094,1408.60791015625,994.3539428710938,753.663818359375,4181.0078125,2409.949951171875,1462.4906005859375,806.89306640625,1459.2979736328125,389.4555358886719,393.86004638671875,3461.78759765625,1970.313720703125,3166.150634765625,688.1674194335938,12212.833984375,2701.864013671875,1100.588623046875,322.5126647949219,228.07260131835938,5140.14453125,1436.109130859375,282.50701904296875,1404.966796875,1830.8548583984375,785.0494384765625,30245.44921875,1695.018310546875,1052.6925048828125,397.3875732421875,2934.193359375,1402.294189453125,3368.14794921875,2792.041015625,11976.5390625,242.6910400390625
2025-07-30,1009.7000122070312,1388.149658203125,614.8067626953125,2391.288818359375,1072.472900390625,7931.87255859375,1958.129150390625,879.44384765625,165.3137969970703,240.36790466308594,396.8254089355469,5579.732421875,1476.41552734375,1544.906494140625,345.8884582519531,1733.4478759765625,512.6087036132812,6622.68994140625,1283.95751953125,5354.76611328125,202.75570678710938,1412.5301513671875,996.4197998046875,754.7599487304688,4109.57080078125,2394.037841796875,1458.7513427734375,800.603271484375,1464.40771484375,388.6450500488281,391.2644958496094,3629.64794921875,1970.313720703125,3175.5517578125,692.94775390625,12358.7734375,2733.32080078125,1104.44921875,326.5609130859375,228.42208862304688,5126.2431640625,1426.7764892578125,278.50701904296875,1398.0267333984375,1836.5469970703125,787.4560546875,30424.474609375,1718.1075439453125,1064.095947265625,398.8783264160156,2931.888916015625,1411.361083984375,3365.45703125,2783.86962890625,12022.599609375,241.14891052246094
2025-07-31,984.7000122070312,1367.33740234375,589.7807006835938,2371.788818359375,1067.57666015625,7896.865234375,1946.339111328125,875.816162109375,165.12713623046875,237.1848907470703,390.9324645996094,5603.0341796875,1441.55517578125,1540.1510009765625,342.65631103515625,1736.129150390625,519.4827880859375,6568.4140625,1262.2950439453125,5342.5537109375,200.52687072753906,1404.3028564453125,992.6815795898438,752.8168334960938,4118.658203125,2476.34716796875,1457.767333984375,797.608154296875,1454.76708984375,392.79278564453125,395.0379943847656,3601.324462890625,1915.2132568359375,3169.812255859375,699.6007080078125,12348.978515625,2717.348876953125,1112.467041015625,322.17529296875,227.65695190429688,5124.25732421875,1424.6417236328125,280.48291015625,1378.2969970703125,1838.1446533203125,782.4463500976562,30643.28515625,1691.252685546875,1064.195068359375,395.3005065917969,2915.7587890625,1411.84326171875,3336.3525390625,2792.041015625,12003.9794921875,239.31765747070312
2025-08-01,972.5999755859375,1341.446533203125,604.95556640625,2406.33447265625,1061.581298828125,7932.8583984375,1914.666259765625,870.2503662109375,160.54901123046875,230.85531616210938,382.64239501953125,5629.24853515625,1420.87890625,1488.83251953125,339.1510009765625,1694.5185546875,524.736572265625,6335.375,1212.9080810546875,5470.71142578125,194.21676635742188,1389.1873779296875,989.7304077148438,739.0658569335938,4167.861328125,2508.268798828125,1448.12353515625,782.4327392578125,1416.782958984375,397.08349609375,397.7932434082031,3552.6005859375,1853.858154296875,3126.467529296875,707.9625244140625,12179.6787109375,2685.4052734375,1126.72119140625,318.9463195800781,223.68003845214844,5025.95263671875,1419.230712890625,280.7239074707031,1381.76708984375,1793.7064208984375,779.9415283203125,30509.013671875,1614.94970703125,1061.418701171875,386.90252685546875,2883.3056640625,1387.8255615234375,3305.15478515625,2848.24462890625,11870.7001953125,233.9684295654297
2025-08-04,989.7999877929688,1383.0711669921875,602.2688598632812,2424.94384765625,1067.7764892578125,8073.8740234375,1931.951416015625,879.89111328125,165.07801818847656,240.6536865234375,381.9432373046875,5692.19970703125,1470.4222412109375,1501.0181884765625,341.154052734375,1734.44091796875,520.1211547851562,6462.84912109375,1217.2803955078125,5562.74755859375,194.61300659179688,1410.521240234375,979.7947387695312,737.172607421875,4384.68359375,2498.44677734375,1439.8575439453125,802.749755859375,1427.291259765625,397.46490478515625,398.7116394042969,3595.976806640625,1868.6507568359375,3166.9423828125,720.0073852539062,12242.052734375,2675.569091796875,1127.1666259765625,320.0066223144531,221.82855224609375,5141.1376953125,1465.3486328125,277.54315185546875,1399.4146728515625,1828.95751953125,781.6113891601562,30479.177734375,1626.7418212890625,1063.60009765625,384.7160949707031,2951.85986328125,1422.7430419921875,3345.322998046875,2932.2509765625,12011.8193359375,237.1490478515625
2025-08-05,971.75,1352.400390625,599.7314453125,2412.07568359375,1069.974853515625,8116.27734375,1937.74658203125,886.4508056640625,162.97560119628906,247.45176696777344,371.9052429199219,5543.181640625,1470.4222412109375,1485.8603515625,345.5243225097656,1694.915771484375,515.2601928710938,6382.6796875,1207.144775390625,5622.1259765625,194.1969451904297,1418.461669921875,972.7118530273438,735.8772583007812,4395.2197265625,2489.60693359375,1421.357421875,817.8253784179688,1407.8172607421875,394.89044189453125,399.9095764160156,3617.26904296875,1851.0782470703125,3178.817626953125,712.7904052734375,12412.341796875,2634.568115234375,1122.1678466796875,321.5487976074219,221.4979248046875,5155.03955078125,1488.0849609375,275.66363525390625,1379.7841796875,1854.422119140625,786.4246215820312,30041.556640625,1617.327880859375,1055.667236328125,383.17559814453125,2941.7783203125,1432.7745361328125,3407.0205078125,2972.80908203125,12051.9990234375,237.0141143798828
2025-08-06,957.5499877929688,1361.362548828125,586.9945068359375,2465.923828125,1070.1746826171875,8064.9990234375,1922.359619140625,871.2940063476562,161.64932250976562,239.058837890625,359.9695129394531,5313.99853515625,1453.241943359375,1472.882080078125,348.1573181152344,1626.988037109375,504.7526550292969,6108.31103515625,1189.15869140625,5609.2607421875,195.51443481445312,1399.806396484375,976.499267578125,749.8773193359375,4325.716796875,2490.4912109375,1420.5703125,802.0509033203125,1385.0654296875,392.8404235839844,399.789794921875,3593.302734375,1838.4697265625,3193.958740234375,711.3967895507812,12399.4716796875,2584.802490234375,1105.3399658203125,320.1029968261719,220.82723999023438,5011.55419921875,1510.0269775390625,274.5069885253906,1380.8748779296875,1851.7259521484375,790.8941040039062,30404.58203125,1580.761962890625,1043.96630859375,383.17559814453125,2911.43798828125,1407.309814453125,3406.522216796875,2942.415283203125,11981.439453125,231.27935791015625
2025-08-07,936.7000122070312,1339.753662109375,589.432373046875,2481.068603515625,1075.37060546875,8114.7978515625,1912.3681640625,873.72900390625,163.21139526367188,227.2369842529297,363.7649841308594,5386.78662109375,1486.30419921875,1477.1422119140625,350.6517333984375,1692.3336181640625,507.8951110839844,6106.3193359375,1193.23291015625,5622.62060546875,196.76260375976562,1411.5736083984375,981.4671020507812,753.0161743164062,4505.3232421875,2472.712890625,1417.322998046875,806.04443359375,1385.2581787109375,394.36602783203125,397.73333740234375,3606.375244140625,1930.2044677734375,3177.729248046875,715.2789916992188,12506.3974609375,2632.133544921875,1105.9835205078125,317.8378601074219,220.9783935546875,5146.1025390625,1514.4947509765625,275.2298278808594,1377.50390625,1858.516357421875,790.8941040039062,30489.123046875,1583.932861328125,1043.96630859375,383.17559814453125,2925.55224609375,1429.4949951171875,3404.528564453125,3002.90380859375,12027.4990234375,233.55398559570312
2025-08-08,914.0499877929688,1319.4393310546875,577.1431884765625,2450.482177734375,1057.2845458984375,8109.8671875,1917.563720703125,871.7909545898438,162.28790283203125,221.993896484375,342.93988037109375,5298.75244140625,1449.4462890625,1471.990478515625,350.7903137207031,1595.70556640625,498.12408447265625,5890.21044921875,1203.76611328125,5604.3125,194.50404357910156,1411.764892578125,970.8920288085938,758.8453369140625,4446.453125,2454.1494140625,1412.9931640625,781.1847534179688,1371.9542236328125,395.22418212890625,389.8669128417969,3572.7041015625,1904.193115234375,3111.524169921875,700.7454833984375,12464.8154296875,2625.510986328125,1085.39404296875,322.6572265625,220.5155029296875,5069.6435546875,1529.6357421875,274.5552062988281,1356.0888671875,1831.0545654296875,790.0591430664062,30250.419921875,1572.5369873046875,1042.181396484375,376.4671936035156,2915.374267578125,1427.9517822265625,3448.883056640625,2958.558837890625,11913.8193359375,230.4022674560547
2025-08-11,929.0999755859375,1333.7789306640625,585.9495849609375,2463.84521484375,1072.472900390625,8160.15966796875,1921.16064453125,872.4369506835938,163.14260864257812,220.74790954589844,341.6913757324219,5293.3427734375,1481.3099365234375,1490.81396484375,353.3771057128906,1602.756591796875,500.87371826171875,5967.39208984375,1211.8150634765625,5612.72412109375,194.84083557128906,1423.531982421875,981.5654296875,762.0339965820312,4410.10693359375,2473.596923828125,1413.681884765625,781.9833984375,1376.870849609375,397.46490478515625,394.4989013671875,3632.916015625,1930.80029296875,3153.087890625,703.7816162109375,12471.74609375,2602.4296875,1093.8079833984375,324.0066833496094,220.8461151123047,5134.68310546875,1537.330322265625,274.5552062988281,1374.331298828125,1848.430419921875,808.8700561523438,30474.205078125,1593.842529296875,1050.21337890625,381.9333190917969,2919.59912109375,1428.6268310546875,3456.557861328125,2970.816162109375,12156.8583984375,232.87928771972656
2025-08-12,930.9000244140625,1324.916259765625,584.2579956054688,2453.15478515625,1069.1754150390625,8082.7490234375,1906.373291015625,847.7884521484375,163.77137756347656,222.1533660888672,354.47607421875,5250.55517578125,1449.046630859375,1507.457763671875,356.0101318359375,1614.1771240234375,493.85235595703125,5936.51953125,1212.610107421875,5599.3642578125,194.1374969482422,1434.151123046875,968.924560546875,763.4788818359375,4490.33984375,2439.612548828125,1410.112060546875,781.7837524414062,1372.9183349609375,396.9881286621094,391.1247253417969,3650.44482421875,1929.8074951171875,3202.864990234375,700.894775390625,12712.3291015625,2646.83935546875,1080.048828125,327.8139953613281,222.4803466796875,5195.75146484375,1539.66357421875,274.3623962402344,1368.5810546875,1835.448486328125,806.0704956054688,30245.44921875,1607.5174560546875,1038.0167236328125,382.0823974609375,2914.414306640625,1455.827880859375,3475.396240234375,2953.476806640625,12199.978515625,232.97567749023438
2025-08-13,924.1500244140625,1314.0618896484375,577.989013671875,2474.832275390625,1065.178466796875,8134.02734375,1912.767822265625,854.7456665039062,162.7889404296875,223.269775390625,359.8197021484375,5287.44091796875,1458.8355712890625,1546.4915771484375,356.7030334472656,1610.502685546875,494.44158935546875,6075.44677734375,1245.50146484375,5655.27880859375,194.34555053710938,1436.064453125,974.0399169921875,773.8419189453125,4609.72265625,2450.71142578125,1408.922119140625,772.1992797851562,1375.3284912109375,394.8427734375,396.8548583984375,3657.97119140625,1975.476318359375,3248.090087890625,706.967041015625,12706.388671875,2624.829345703125,1085.7900390625,327.6694030761719,225.45596313476562,5210.64599609375,1520.0050048828125,277.7840881347656,1370.7620849609375,1837.745361328125,807.29833984375,30245.44921875,1624.9583740234375,1047.2386474609375,384.8154602050781,2915.1826171875,1452.93408203125,3455.461669921875,3008.683837890625,12152.9384765625,232.908203125
2025-08-14,917.5,1294.843017578125,575.2028198242188,2503.043212890625,1067.376708984375,8099.51318359375,1923.4586181640625,856.1868286132812,161.9759979248047,220.6183319091797,358.8208923339844,5215.63671875,1459.8343505859375,1549.463623046875,355.1786804199219,1630.6624755859375,491.8883361816406,6107.3154296875,1252.4573974609375,5704.265625,194.01864624023438,1425.2540283203125,979.35205078125,785.9487915039062,4551.142578125,2436.469482421875,1415.3677978515625,768.5052490234375,1395.6700439453125,392.3160095214844,394.9581298828125,3641.432861328125,1947.479248046875,3231.464599609375,707.3154296875,12807.375,2649.176513671875,1078.365966796875,327.0910949707031,223.8217315673828,5251.85498046875,1531.6710205078125,278.2660217285156,1367.4774169921875,1838.044921875,811.9151611328125,30235.501953125,1626.5438232421875,1042.379638671875,382.9271545410156,2901.83642578125,1434.0284423828125,3477.987548828125,3009.780029296875,12070.619140625,237.88156127929688
2025-08-18,941.6500244140625,1321.6300048828125,587.1436767578125,2561.147705078125,1081.7657470703125,8469.30859375,1991.8004150390625,899.6695556640625,165.71359252929688,215.9234619140625,363.8648376464844,5349.90087890625,1520.86474609375,1550.6524658203125,358.2735595703125,1644.0692138671875,509.7608947753906,6139.18408203125,1254.7427978515625,5850.73193359375,193.9492950439453,1420.662109375,985.5003662109375,788.1907958984375,4817.8447265625,2522.412841796875,1422.606689453125,787.3746948242188,1384.19775390625,387.4054870605469,399.5901184082031,3599.938232421875,1954.131103515625,3347.941650390625,717.12060546875,13928.119140625,2627.65380859375,1132.511962890625,323.9102783203125,224.9741973876953,5195.75146484375,1527.451416015625,279.8564147949219,1375.3409423828125,1860.413818359375,812.9957275390625,31170.416015625,1617.9224853515625,1062.3111572265625,384.9148254394531,2891.178955078125,1419.07763671875,3543.173828125,3208.4853515625,12509.6572265625,236.33944702148438
2025-08-19,973.4000244140625,1363.6529541015625,589.482177734375,2553.228759765625,1082.365234375,8673.4365234375,1970.5184326171875,896.7872314453125,172.51463317871094,218.99356079101562,363.4154052734375,5408.91796875,1526.1588134765625,1534.5040283203125,356.0101318359375,1641.28857421875,512.6578369140625,6054.53271484375,1236.359375,5876.95751953125,198.16925048828125,1412.1475830078125,979.35205078125,790.9310302734375,4947.57080078125,2558.4599609375,1424.29248046875,784.2297973632812,1388.2469482421875,390.0752868652344,405.2803039550781,3578.052001953125,1954.4288330078125,3319.14404296875,724.63623046875,14108.3095703125,2670.99169921875,1149.6368408203125,322.9464111328125,224.76637268066406,5199.72314453125,1536.5360107421875,278.79156494140625,1413.564208984375,1851.526123046875,815.697021484375,30737.76953125,1611.8775634765625,1076.689453125,386.7534484863281,2895.9794921875,1443.6741943359375,3556.430419921875,3240.5732421875,12605.697265625,238.02613830566406
2025-08-20,975.9500122070312,1364.847900390625,588.984619140625,2544.023193359375,1079.3675537109375,8704.9921875,1956.8302001953125,882.3758544921875,172.78231811523438,219.96044921875,359.0206604003906,5607.60888671875,1521.1644287109375,1531.72998046875,355.4096374511719,1696.60400390625,525.3748779296875,5980.3388671875,1237.5518798828125,5875.9677734375,197.83245849609375,1431.1854248046875,977.9256591796875,793.7210693359375,4964.77783203125,2622.303466796875,1418.64013671875,776.9415893554688,1442.427001953125,387.1671142578125,402.8045654296875,3557.55224609375,1926.3326416015625,3360.311767578125,748.4274291992188,14079.59765625,2761.466064453125,1178.244140625,329.64532470703125,224.7569122314453,5307.46142578125,1531.2740478515625,279.17877197265625,1406.4969482421875,1855.9200439453125,814.272705078125,30523.93359375,1618.31884765625,1096.02587890625,388.1448059082031,2975.09521484375,1470.1033935546875,3583.242431640625,3218.55029296875,12616.4775390625,241.76577758789062
2025-08-21,966.5999755859375,1356.0848388671875,585.85009765625,2540.558837890625,1078.068603515625,8563.9765625,1978.3118896484375,890.128173828125,175.30050659179688,217.77748107910156,357.3226623535156,5505.80419921875,1516.56982421875,1577.99609375,354.0986633300781,1716.267333984375,506.4220886230469,6003.24462890625,1268.55517578125,5913.0791015625,197.55508422851562,1428.7938232421875,979.4012451171875,792.625,4927.17431640625,2600.891357421875,1433.911376953125,766.208984375,1442.619873046875,386.69036865234375,402.8644714355469,3577.65576171875,1948.372802734375,3340.02490234375,736.2830200195312,14138.01171875,2779.87255859375,1167.4544677734375,326.5609130859375,225.0970001220703,5309.94384765625,1528.4940185546875,274.91943359375,1418.24267578125,1874.6939697265625,811.0802612304688,30439.39453125,1625.3544921875,1078.9700927734375,385.66021728515625,2978.93603515625,1467.4027099609375,3604.47265625,3269.47216796875,12612.5576171875,240.86941528320312
2025-08-22,957.2000122070312,1335.5712890625,574.3072509765625,2479.0888671875,1070.07470703125,8559.0458984375,1964.223876953125,889.034912109375,171.74134826660156,217.8871307373047,359.0705871582031,5454.65625,1522.363037109375,1577.99609375,350.6340026855469,1735.6326904296875,506.6676025390625,6126.2373046875,1269.5489501953125,5863.1025390625,195.6715087890625,1402.7720947265625,966.317626953125,785.9487915039062,4831.28125,2583.11328125,1424.3917236328125,758.870849609375,1434.0396728515625,379.7774963378906,396.63525390625,3561.018310546875,1960.4849853515625,3367.634765625,727.3737182617188,14206.3251953125,2774.22412109375,1151.12158203125,324.8259582519531,223.2077178955078,5331.29296875,1532.5645751953125,274.2902526855469,1402.71435546875,1856.4193115234375,801.7975463867188,29842.640625,1626.940185546875,1075.003662109375,383.2253112792969,2932.273193359375,1451.68017578125,3609.1572265625,3283.12451171875,12337.177734375,239.64535522460938
2025-08-25,964.0999755859375,1334.774658203125,578.1383056640625,2467.6064453125,1069.1754150390625,8629.060546875,1962.125732421875,895.29638671875,169.9766387939453,215.81382751464844,359.5200500488281,5459.57421875,1507.6798095703125,1586.31787109375,355.83099365234375,1751.8201904296875,509.2698974609375,6222.8388671875,1275.809326171875,5928.41845703125,194.34603881835938,1439.0301513671875,966.0717163085938,784.2049560546875,4894.984375,2584.782958984375,1421.2183837890625,769.6034545898438,1477.0367431640625,380.7787170410156,395.97637939453125,3568.247802734375,1952.1455078125,3363.577392578125,719.1115112304688,14308.30078125,2841.519775390625,1141.3218994140625,325.6452331542969,223.65170288085938,5411.72412109375,1542.3939208984375,275.0646667480469,1406.0987548828125,1844.236328125,801.9940185546875,29852.5859375,1641.7052001953125,1072.524658203125,380.8898010253906,3015.421630859375,1472.9971923828125,3639.457763671875,3273.259033203125,12353.837890625,244.6572265625
2025-08-26,931.25,1309.879638671875,569.9786376953125,2456.22314453125,1049.290771484375,8570.8798828125,1922.5594482421875,870.8964233398438,164.43467712402344,210.81993103027344,357.87200927734375,5671.05224609375,1474.517578125,1565.1168212890625,348.76123046875,1727.290771484375,513.0015869140625,6165.0771484375,1255.2396240234375,6087.2548828125,191.8047332763672,1428.1241455078125,957.5625,773.8419189453125,4904.2646484375,2644.697998046875,1404.7572021484375,755.1768798828125,1474.6265869140625,384.59271240234375,392.46246337890625,3507.04541015625,1910.74560546875,3296.18505859375,714.482666015625,14567.6962890625,2798.181640625,1150.4285888671875,321.16326904296875,221.22398376464844,5338.740234375,1539.117431640625,270.9505615234375,1378.5262451171875,1814.078125,793.5462646484375,29947.072265625,1585.8157958984375,1070.8389892578125,375.42364501953125,3031.359619140625,1448.979248046875,3582.24560546875,3260.90234375,12357.7578125,242.9127197265625
2025-08-28,921.1500244140625,1309.879638671875,559.0328369140625,2463.74609375,1051.08935546875,8568.9072265625,1915.965087890625,871.4927368164062,161.5298614501953,207.83953857421875,352.82806396484375,5627.28125,1438.1591796875,1565.6121826171875,350.4935302734375,1725.2052001953125,504.6053466796875,6106.8173828125,1251.8612060546875,6069.44140625,191.1071014404297,1386.9869384765625,942.2162475585938,772.5963134765625,4921.95458984375,2607.17724609375,1387.4034423828125,745.3926391601562,1446.1868896484375,382.2566223144531,388.2696838378906,3525.66357421875,1888.7054443359375,3261.05419921875,708.3606567382812,14605.318359375,2757.86279296875,1150.6265869140625,318.84991455078125,220.46829223632812,5276.1826171875,1520.50146484375,265.6748046875,1379.521728515625,1814.2779541015625,787.750732421875,29514.42578125,1571.347900390625,1053.48583984375,368.8146057128906,2970.390869140625,1442.61328125,3625.802490234375,3244.658935546875,12270.5380859375,241.5826416015625
2025-08-29,913.5,1307.29052734375,560.4259643554688,2493.0458984375,1044.39453125,8511.7119140625,1911.8685302734375,872.4866333007812,160.40957641601562,207.34115600585938,347.93389892578125,5728.59375,1419.0809326171875,1574.6275634765625,350.9617614746094,1712.394287109375,511.72491455078125,6106.3193359375,1252.1591796875,6039.75244140625,191.05728149414062,1391.7703857421875,936.1171264648438,769.3080444335938,4918.087890625,2612.4814453125,1386.1143798828125,738.30419921875,1416.782958984375,390.695068359375,391.3843078613281,3566.16796875,1881.2593994140625,3166.24951171875,722.5457763671875,14643.9306640625,2715.206298828125,1144.4893798828125,315.7173156738281,220.77056884765625,5268.23876953125,1514.24658203125,266.44921875,1350.9537353515625,1802.99365234375,788.291015625,29116.58984375,1580.0682373046875,1056.4605712890625,371.8458251953125,2961.74951171875,1428.9163818359375,3616.931884765625,3265.187255859375,12387.158203125,240.38751220703125
2025-09-01,931.5499877929688,1329.6961669921875,564.3067016601562,2544.122314453125,1060.6820068359375,8842.5556640625,1941.843017578125,883.9163818359375,159.95352172851562,211.53762817382812,352.1288757324219,5750.72509765625,1452.1431884765625,1572.447998046875,353.86456298828125,1752.4158935546875,514.2290649414062,6067.9775390625,1271.83447265625,6214.91845703125,192.92091369628906,1404.78125,935.1333618164062,779.0234375,5069.17724609375,2602.364501953125,1399.2039794921875,751.632568359375,1445.5120849609375,386.9764404296875,393.04144287109375,3563.593017578125,1884.337158203125,3280.945068359375,728.070556640625,14738.9755859375,2845.220703125,1162.505126953125,318.7535400390625,225.50318908691406,5381.9345703125,1551.528076171875,270.90216064453125,1347.6689453125,1807.2877197265625,791.7781372070312,29708.37109375,1549.150634765625,1066.674072265625,378.2063903808594,2988.537353515625,1452.1624755859375,3606.76513671875,3344.510009765625,12569.4375,241.30313110351562
2025-09-02,933.8499755859375,1330.59228515625,564.4559936523438,2514.228515625,1055.385986328125,8905.1748046875,1954.232421875,884.6617431640625,160.6475067138672,214.3784637451172,355.6746520996094,5794.98779296875,1429.7686767578125,1554.615234375,355.92462158203125,1742.4849853515625,534.8021240234375,6095.36474609375,1245.799560546875,6283.203125,192.90097045898438,1402.1981201171875,929.1326904296875,779.9700927734375,5134.90966796875,2629.37548828125,1382.54443359375,749.9852905273438,1444.837158203125,387.8345947265625,387.8304443359375,3540.3203125,1876.0968017578125,3200.885986328125,738.5227661132812,14694.4228515625,2826.814208984375,1188.73681640625,324.1512451171875,226.23056030273438,5364.5576171875,1552.3223876953125,277.53314208984375,1360.2109375,1811.9810791015625,789.666259765625,29832.693359375,1551.033447265625,1091.5635986328125,383.67254638671875,2987.4814453125,1459.2039794921875,3608.7587890625,3357.86328125,12475.357421875,241.85250854492188
2025-09-03,935.7000122070312,1326.8082275390625,570.9240112304688,2527.987548828125,1053.88720703125,8989.48828125,1964.4237060546875,890.8239135742188,163.31439208984375,216.27235412597656,361.1181335449219,5811.2177734375,1438.1591796875,1563.7298583984375,365.0077209472656,1719.842529296875,533.721923828125,6138.68603515625,1254.2459716796875,6305.47021484375,192.5720977783203,1402.580810546875,938.9207763671875,773.6924438476562,5170.67626953125,2617.294189453125,1385.321044921875,766.85791015625,1425.9415283203125,392.60205078125,391.3643493652344,3565.969970703125,1937.0548095703125,3251.8505859375,731.4052734375,14778.578125,2817.367431640625,1182.6986083984375,322.17529296875,225.8338165283203,5329.30712890625,1544.8759765625,276.90386962890625,1366.2828369140625,1808.1864013671875,797.7701416015625,29777.9921875,1564.4112548828125,1095.1334228515625,386.7534484863281,2974.039306640625,1454.7667236328125,3678.52978515625,3388.456298828125,12478.2978515625,240.53207397460938
2025-09-04,929.1500244140625,1322.6258544921875,564.90380859375,2542.53857421875,1049.590576171875,8945.1123046875,2000.492919921875,929.0390014648438,161.08372497558594,210.4112548828125,356.42376708984375,5983.35107421875,1459.53466796875,1563.135498046875,366.5527648925781,1680.8138427734375,542.7564086914062,6108.31103515625,1245.10400390625,6358.41552734375,189.25343322753906,1380.7686767578125,945.610107421875,751.5712890625,5172.60986328125,2619.16064453125,1393.75,753.6293334960938,1410.4202880859375,396.5590515136719,389.2679443359375,3557.849365234375,1925.240478515625,3445.319091796875,735.2377319335938,14516.212890625,2786.4951171875,1200.318115234375,321.3476867675781,223.8396453857422,5256.3232421875,1548.400634765625,272.789794921875,1353.0440673828125,1788.613525390625,795.06884765625,29782.96484375,1567.978759765625,1062.11279296875,380.2438049316406,2972.310791015625,1447.2431640625,3679.028076171875,3421.24169921875,12397.9384765625,236.1081085205078
2025-09-05,929.3499755859375,1316.2528076171875,563.9087524414062,2553.723876953125,1055.0863037109375,8958.42578125,2012.6826171875,931.87158203125,161.93634033203125,211.6771697998047,363.2655944824219,5976.4658203125,1489.200927734375,1538.962158203125,367.6764221191406,1646.85009765625,536.8643798828125,5984.322265625,1260.1087646484375,6512.30419921875,189.871337890625,1357.521484375,947.7251586914062,756.8524780273438,5184.20947265625,2586.551025390625,1391.0726318359375,755.8258056640625,1392.681396484375,388.40667724609375,388.4294128417969,3519.2265625,1929.90673828125,3524.289794921875,728.3692016601562,14746.896484375,2724.36083984375,1196.259765625,320.0333557128906,222.3297882080078,5095.95751953125,1536.4864501953125,276.2262878417969,1368.671875,1802.7939453125,792.318359375,29877.451171875,1579.1763916015625,1063.40185546875,383.424072265625,2926.80029296875,1425.540283203125,3653.3125,3464.49072265625,12348.9384765625,234.85513305664062
2025-09-08,937.2000122070312,1342.6416015625,567.490966796875,2505.1220703125,1054.6866455078125,9302.58203125,2006.687744140625,938.5306396484375,163.1260223388672,215.9832763671875,363.71502685546875,6015.318359375,1492.29736328125,1526.87548828125,362.4326171875,1650.9217529296875,536.3733520507812,6002.74658203125,1242.7191162109375,6744.3740234375,189.97097778320312,1342.2147216796875,950.2828369140625,751.0730590820312,5261.54296875,2577.219970703125,1390.973388671875,749.5360107421875,1381.402099609375,388.5973815917969,389.3478088378906,3495.458740234375,1933.182861328125,3524.289794921875,727.274169921875,15106.287109375,2714.329833984375,1175.6702880859375,318.0860595703125,220.8104248046875,4975.80712890625,1540.8052978515625,273.7578430175781,1372.15576171875,1778.427734375,794.4794311523438,30320.04296875,1566.6904296875,1065.1866455078125,380.8898010253906,2898.66796875,1408.9495849609375,3646.036376953125,3578.791015625,12410.677734375,233.7467498779297
2025-09-09,943.7000122070312,1375.104736328125,564.8042602539062,2511.55615234375,1051.3890380859375,9252.783203125,2023.5733642578125,942.6056518554688,162.05531311035156,213.83023071289062,364.0646057128906,6041.87646484375,1505.3824462890625,1537.1788330078125,363.275390625,1684.885498046875,534.4584350585938,5977.84912109375,1283.1627197265625,6803.25732421875,190.97755432128906,1365.2705078125,949.4467163085938,758.3969116210938,5242.69287109375,2594.998291015625,1391.9649658203125,744.9434204101562,1450.2359619140625,390.9811096191406,391.40423583984375,3490.903076171875,1943.2103271484375,3657.88671875,729.16552734375,15212.22265625,2778.801513671875,1190.0235595703125,315.5545959472656,219.6708984375,5094.96435546875,1538.9686279296875,274.7742614746094,1369.8662109375,1803.1932373046875,794.528564453125,30026.638671875,1577.2935791015625,1074.40869140625,382.2811584472656,2927.856201171875,1445.12109375,3618.2275390625,3553.878173828125,12320.5185546875,240.13690185546875
2025-09-10,963.3499755859375,1383.270263671875,564.0579833984375,2517.4951171875,1069.2752685546875,9115.7119140625,2036.462158203125,962.0361938476562,165.36660766601562,219.322509765625,363.7649841308594,6097.45068359375,1520.6649169921875,1549.265625,366.9740905761719,1756.3883056640625,537.6499633789062,6006.72998046875,1295.9813232421875,6765.65087890625,195.4123992919922,1400.4761962890625,950.1845092773438,774.8383178710938,5172.12646484375,2596.471435546875,1392.163330078125,750.03515625,1477.518798828125,393.8415832519531,393.9798278808594,3515.661376953125,1965.448974609375,3566.941650390625,731.2061767578125,14957.7783203125,2890.89599609375,1205.1685791015625,317.0637512207031,220.0602264404297,5380.94140625,1524.323974609375,273.9030456542969,1370.66259765625,1831.1544189453125,803.7130126953125,29728.26171875,1578.978271484375,1091.7618408203125,384.1197814941406,2986.041259765625,1471.9361572265625,3608.7587890625,3483.12548828125,12228.3984375,246.49815368652344
2025-09-11,976.3499755859375,1387.25341796875,557.6397705078125,2529.96728515625,1086.56201171875,8987.0234375,2036.0626220703125,964.3220825195312,165.1584014892578,228.34341430664062,363.6151428222656,6197.2880859375,1493.995361328125,1546.29345703125,368.3319091796875,1758.7718505859375,534.3110961914062,5990.7958984375,1294.88818359375,6687.96435546875,195.98045349121094,1404.1114501953125,952.0535278320312,771.500244140625,5125.24365234375,2575.353759765625,1389.882568359375,747.389404296875,1455.4417724609375,395.74859619140625,393.7801513671875,3505.4609375,1973.689208984375,3558.33203125,730.7582397460938,14944.9072265625,2849.1162109375,1208.4351806640625,322.32135009765625,221.97842407226562,5369.5224609375,1528.89111328125,277.6299133300781,1376.9337158203125,1811.6815185546875,809.0665283203125,29668.587890625,1595.130615234375,1096.02587890625,385.7099304199219,2999.6748046875,1467.3062744140625,3572.4775390625,3499.866943359375,12144.119140625,244.72471618652344
2025-09-12,981.7000122070312,1387.25341796875,557.7890014648438,2520.46484375,1104.4482421875,8874.60546875,2079.725341796875,997.1204833984375,163.45318603515625,227.9845733642578,364.7637939453125,6144.66455078125,1510.5765380859375,1559.965087890625,369.268310546875,1751.8201904296875,529.155517578125,6001.75048828125,1308.4024658203125,6803.751953125,193.69825744628906,1403.633056640625,951.5617065429688,776.881103515625,5124.759765625,2534.59228515625,1405.847900390625,739.3025512695312,1470.7703857421875,394.509033203125,393.7801513671875,3545.173095703125,2028.6904296875,3552.59228515625,731.2061767578125,15172.62109375,2828.372314453125,1205.2674560546875,322.9542236328125,221.49412536621094,5372.998046875,1528.4442138671875,278.4527587890625,1388.579833984375,1827.6593017578125,808.96826171875,29419.94140625,1601.9681396484375,1094.6375732421875,383.8713073730469,3008.508056640625,1471.4539794921875,3560.2177734375,3480.2353515625,12122.55859375,242.8259735107422
2025-09-15,986.7000122070312,1389.3446044921875,565.9486083984375,2477.208251953125,1103.5489501953125,8899.7509765625,2078.2265625,1003.6801147460938,160.74664306640625,228.93150329589844,357.82208251953125,6110.23779296875,1515.9703369140625,1533.90966796875,369.64288330078125,1742.1871337890625,531.168701171875,6032.12548828125,1292.602783203125,6730.51904296875,195.6017608642578,1402.9635009765625,951.3157348632812,774.4398193359375,5112.193359375,2535.083251953125,1407.5338134765625,738.7035522460938,1454.1885986328125,393.460205078125,393.4806823730469,3551.510986328125,2031.271728515625,3493.61181640625,724.1882934570312,15113.216796875,2862.45849609375,1200.21923828125,322.37005615234375,220.5540313720703,5325.83154296875,1526.0615234375,277.0975341796875,1392.8599853515625,1819.67041015625,810.1470336914062,29116.58984375,1587.5003662109375,1093.348388671875,385.61053466796875,2987.865234375,1465.955810546875,3522.54150390625,3465.28759765625,12186.2587890625,242.18984985351562
2025-09-16,987.8499755859375,1402.2900390625,570.8245239257812,2455.72802734375,1120.3359375,8946.591796875,2078.5263671875,997.1204833984375,161.2720947265625,231.4434051513672,359.769775390625,6100.8935546875,1581.2957763671875,1544.5101318359375,370.6260986328125,1767.3123779296875,526.062255859375,6074.45068359375,1302.142333984375,6855.7080078125,195.74127197265625,1418.84423828125,951.1190185546875,771.5999145507812,5138.77685546875,2534.985107421875,1409.71533203125,741.0497436523438,1456.9844970703125,393.8892822265625,403.64312744140625,3632.32177734375,2037.030029296875,3570.50439453125,720.6046752929688,15418.154296875,2873.658203125,1192.003173828125,326.2159118652344,223.24139404296875,5451.93994140625,1526.0118408203125,279.13037109375,1398.8323974609375,1816.275146484375,816.82666015625,29414.966796875,1595.9234619140625,1082.9365234375,393.6109619140625,3020.31787109375,1477.2413330078125,3545.167236328125,3487.709228515625,12326.3984375,244.8210906982422
2025-09-17,979.4500122070312,1400.1988525390625,579.18310546875,2468.29931640625,1125.13232421875,8957.9326171875,2055.246337890625,1001.3445434570312,162.86825561523438,233.5665740966797,353.9267578125,5997.61328125,1571.6068115234375,1545.1044921875,374.3248596191406,1779.527587890625,525.522216796875,6026.64794921875,1303.135986328125,6819.09130859375,198.2925567626953,1417.3135986328125,950.7747192382812,765.322265625,5171.64306640625,2523.984130859375,1407.33544921875,737.8549194335938,1467.685546875,390.2659606933594,409.353271484375,3649.8505859375,2016.5782470703125,3595.4423828125,708.6593017578125,15643.8876953125,2900.343017578125,1192.102294921875,327.5302734375,224.94117736816406,5496.62353515625,1520.0546875,277.9687194824219,1407.2933349609375,1801.4957275390625,841.973388671875,29524.373046875,1605.53564453125,1126.7657470703125,392.2195739746094,3046.337890625,1492.3851318359375,3511.477783203125,3487.908935546875,12466.5380859375,244.95602416992188
2025-09-18,978.9000244140625,1406.870849609375,578.1383056640625,2453.550537109375,1132.1268310546875,8949.0576171875,2067.435791015625,990.4117431640625,165.4756622314453,233.73602294921875,367.9599609375,6000.564453125,1584.7918701171875,1563.5316162109375,368.1446228027344,1811.90234375,526.6514892578125,6086.8994140625,1314.36474609375,6852.7392578125,197.75439453125,1429.080810546875,961.0055541992188,781.8134765625,5190.9765625,2540.780029296875,1409.814453125,734.2607421875,1485.2313232421875,392.4113464355469,410.2117919921875,3650.345703125,2031.867431640625,3604.348876953125,716.4735717773438,15659.728515625,2922.255615234375,1196.8536376953125,328.0657958984375,223.7161865234375,5528.39892578125,1516.1826171875,279.8564147949219,1408.4876708984375,1819.27099609375,839.222900390625,29797.884765625,1633.678466796875,1119.824462890625,390.67913818359375,3050.08251953125,1495.760986328125,3499.816162109375,3534.246826171875,12373.4384765625,247.6354522705078
2025-09-19,1030.699951171875,1421.807861328125,579.5811767578125,2456.52001953125,1135.024658203125,8846.9931640625,2065.53759765625,986.386474609375,165.64419555664062,236.4073944091797,368.7590026855469,5970.072265625,1589.0869140625,1561.154052734375,369.4087829589844,1782.9039306640625,525.8167724609375,6174.5380859375,1313.3709716796875,6901.2314453125,197.2461395263672,1403.824462890625,951.168212890625,779.4220581054688,5227.70947265625,2514.064208984375,1390.4775390625,743.1962890625,1484.845703125,391.5531921386719,405.49993896484375,3639.84814453125,2040.802734375,3554.769775390625,716.8717651367188,15706.26171875,2915.633056640625,1182.4014892578125,329.7209777832031,224.76075744628906,5467.3310546875,1513.253662109375,277.04913330078125,1400.9227294921875,1839.143310546875,847.081298828125,29718.31640625,1641.0115966796875,1117.345458984375,393.8594055175781,3042.88134765625,1498.7513427734375,3455.8603515625,3517.106689453125,12257.798828125,246.6234588623047
2025-09-22,1152.1500244140625,1438.1390380859375,587.3924560546875,2457.510009765625,1143.51806640625,8928.841796875,2067.735595703125,1000.3506469726562,161.78762817382812,238.82958984375,361.7174072265625,5957.28515625,1628.142333984375,1527.8662109375,369.5960998535156,1705.0452880859375,512.6578369140625,6067.4794921875,1293.198974609375,6874.01611328125,194.33607482910156,1377.5159912109375,948.5121459960938,785.0021362304688,5248.49267578125,2526.439697265625,1389.783447265625,733.112548828125,1445.6083984375,388.0252990722656,403.64312744140625,3609.2470703125,1989.97119140625,3547.54541015625,713.5867309570312,15658.73828125,2777.9248046875,1176.2642822265625,330.2565002441406,225.50144958496094,5233.9814453125,1508.1405029296875,277.4847106933594,1384.199951171875,1855.12109375,840.1069946289062,29544.263671875,1629.1202392578125,1120.61767578125,392.8655700683594,2951.283935546875,1452.0660400390625,3446.19189453125,3513.320068359375,12396.9580078125,241.2742156982422
2025-09-23,1131.449951171875,1435.5499267578125,588.68603515625,2422.072998046875,1169.8978271484375,8859.8134765625,2082.622802734375,1019.2345581054688,160.69708251953125,237.96237182617188,359.0705871582031,5836.7919921875,1621.949462890625,1512.9066162109375,368.98736572265625,1656.3836669921875,505.7346496582031,6026.14990234375,1300.1549072265625,6918.05517578125,194.46563720703125,1367.853759765625,941.6260375976562,772.2974243164062,5191.4599609375,2477.3291015625,1382.6436767578125,754.0286865234375,1443.6802978515625,384.4496765136719,408.83416748046875,3622.220458984375,1992.552490234375,3577.035888671875,702.7861328125,15936.9443359375,2694.365234375,1156.5657958984375,333.9562683105469,224.73226928710938,5203.6953125,1478.6529541015625,279.3724060058594,1383.40380859375,1816.8743896484375,855.1851806640625,29628.8046875,1616.43603515625,1119.0311279296875,393.0643615722656,2940.33837890625,1419.7528076171875,3427.951904296875,3500.46484375,12152.9384765625,240.59954833984375
2025-09-24,1095.25,1425.5919189453125,579.7802124023438,2432.268798828125,1158.0069580078125,8716.33203125,2067.435791015625,1023.4585571289062,157.10818481445312,235.25111389160156,358.521240234375,5872.69384765625,1628.3421630859375,1523.705322265625,367.86370849609375,1611.9921875,508.48431396484375,5959.42529296875,1289.919677734375,6938.83740234375,192.92091369628906,1379.8118896484375,935.5761108398438,767.5144653320312,5101.0771484375,2504.143798828125,1371.1405029296875,739.5521240234375,1440.884521484375,382.3519592285156,405.5598449707031,3638.263916015625,1976.568359375,3537.748291015625,704.3291015625,16087.43359375,2669.3359375,1166.66259765625,338.43499755859375,226.49853515625,5155.03955078125,1508.636962890625,283.9220886230469,1376.635009765625,1814.5775146484375,850.8631591796875,29489.560546875,1612.3731689453125,1130.5338134765625,387.8963623046875,2914.414306640625,1400.94384765625,3407.120361328125,3440.972900390625,11969.6796875,235.7418670654297
2025-09-25,1079.550048828125,1401.2943115234375,576.5462036132812,2379.6083984375,1165.700927734375,8719.7841796875,2033.864501953125,1006.5624389648438,155.9185028076172,233.86558532714844,355.52484130859375,5855.97216796875,1590.98486328125,1495.6683349609375,367.5359802246094,1580.3126220703125,497.1911926269531,5872.7822265625,1267.1640625,6913.6015625,192.67176818847656,1362.113525390625,934.3955688476562,762.3329467773438,5175.9931640625,2493.142822265625,1364.29833984375,739.5521240234375,1431.436767578125,381.49383544921875,402.0059814453125,3609.14794921875,1949.3656005859375,3493.31494140625,700.3970336914062,16107.234375,2646.449462890625,1161.6141357421875,331.5221862792969,227.59056091308594,5066.66455078125,1485.007080078125,275.3066711425781,1366.0838623046875,1807.2877197265625,845.902587890625,29355.29296875,1612.67041015625,1124.6832275390625,383.62286376953125,2839.523193359375,1393.1307373046875,3367.450439453125,3396.528076171875,11898.1396484375,233.2455596923828
2025-09-26,1047.4000244140625,1386.1580810546875,562.4161376953125,2319.029541015625,1153.1107177734375,8581.2333984375,2001.4920654296875,979.0813598632812,153.68783569335938,230.26719665527344,338.49517822265625,5823.51318359375,1568.1109619140625,1485.464111328125,364.3990478515625,1527.8770751953125,490.759033203125,5666.134765625,1245.203369140625,6973.9697265625,191.1669158935547,1334.8482666015625,929.6737060546875,761.6852416992188,5150.376953125,2467.1142578125,1348.233642578125,711.597412109375,1396.8270263671875,386.26129150390625,398.27239990234375,3693.425048828125,1905.980224609375,3361.202392578125,695.1709594726562,16124.0654296875,2573.40771484375,1150.8245849609375,328.9907531738281,226.0237274169922,4916.228515625,1464.256591796875,273.22540283203125,1371.2598876953125,1796.302978515625,841.7769165039062,28753.56640625,1572.3387451171875,1109.61083984375,381.4364013671875,2783.54736328125,1357.8272705078125,3316.41796875,3402.507080078125,11828.5595703125,227.22164916992188
2025-09-29,1035.3499755859375,1377.39501953125,559.3811645507812,2318.83154296875,1131.327392578125,8596.5185546875,2022.9737548828125,984.8956298828125,160.7863006591797,233.21768188476562,339.7436828613281,5831.87353515625,1589.885986328125,1474.1700439453125,363.6031188964844,1541.482421875,483.9831848144531,5674.1015625,1226.8199462890625,6912.6123046875,189.43283081054688,1327.29052734375,934.8382568359375,753.9129028320312,5123.79296875,2453.461669921875,1336.829833984375,722.230224609375,1389.982177734375,388.3113098144531,397.6335144042969,3652.722412109375,1919.28369140625,3382.577880859375,695.5194091796875,15825.068359375,2608.17578125,1140.826904296875,331.9603576660156,227.8849334716797,4836.29345703125,1456.313720703125,271.6282043457031,1366.48193359375,1786.2169189453125,855.3325805664062,29574.1015625,1574.9154052734375,1113.6763916015625,385.66021728515625,2780.666748046875,1360.720947265625,3390.076171875,3427.61962890625,11800.1396484375,230.97093200683594
2025-09-30,1026.8499755859375,1397.60986328125,567.1427001953125,2326.156494140625,1130.7279052734375,8558.0595703125,2004.689453125,992.797119140625,160.81605529785156,237.6832733154297,340.5926818847656,5892.85791015625,1608.9642333984375,1489.327880859375,365.1481628417969,1580.0146484375,482.4610595703125,5666.134765625,1215.988525390625,6932.8994140625,192.2731170654297,1325.090087890625,935.5269165039062,753.7634887695312,5290.0595703125,2469.66796875,1336.730712890625,734.3605346679688,1389.982177734375,382.8763732910156,397.8531494140625,3623.60693359375,1897.5413818359375,3391.38525390625,694.225341796875,15869.62109375,2585.484130859375,1141.222900390625,331.4735412597656,227.4291229248047,4788.63134765625,1457.505126953125,271.2893371582031,1357.722412109375,1788.1142578125,857.0025024414062,29106.64453125,1579.8701171875,1119.824462890625,386.25653076171875,2773.2734375,1350.6895751953125,3355.988037109375,3426.72265625,11977.51953125,230.71070861816406
2025-10-01,1064.699951171875,1416.729248046875,568.2870483398438,2312.1005859375,1158.6064453125,8506.78125,2005.288818359375,981.66552734375,162.13461303710938,239.3977508544922,346.03619384765625,5868.75927734375,1603.4705810546875,1498.9376220703125,363.7904052734375,1589.7470703125,486.1435852050781,5686.55029296875,1236.856201171875,6948.73388671875,193.1002960205078,1329.299560546875,949.5450439453125,761.2866821289062,5251.392578125,2491.080322265625,1360.530029296875,741.9483032226562,1393.83837890625,386.7380676269531,411.94879150390625,3634.797607421875,1967.0374755859375,3427.406982421875,698.5554809570312,15806.2568359375,2620.739013671875,1154.586181640625,331.2787780761719,230.79071044921875,4920.59765625,1464.852294921875,271.67657470703125,1362.4007568359375,1798.5997314453125,848.80029296875,29136.482421875,1621.3907470703125,1135.1944580078125,388.7411193847656,2798.045166015625,1365.833251953125,3397.153076171875,3445.756103515625,11853.0595703125,232.3491973876953
2025-10-03,1070.300048828125,1413.1444091796875,573.3121948242188,2333.877197265625,1180.08984375,8559.0458984375,1999.194091796875,983.7029418945312,164.53382873535156,244.23216247558594,351.8292541503906,5894.33349609375,1569.10986328125,1503.593994140625,358.96795654296875,1601.9620361328125,487.2237854003906,5841.90966796875,1240.23486328125,6869.06787109375,191.71502685546875,1333.126220703125,949.4467163085938,756.5037231445312,5365.458984375,2499.625244140625,1353.786865234375,746.19140625,1394.609619140625,385.4985046386719,419.3759765625,3696.990234375,1959.392822265625,3426.021728515625,707.713623046875,15648.837890625,2665.4404296875,1158.05078125,332.9826354980469,231.3794708251953,5033.201171875,1478.95068359375,280.437255859375,1357.125244140625,1782.6219482421875,851.9436645507812,29022.103515625,1616.43603515625,1127.95556640625,392.4680480957031,2786.2353515625,1350.9788818359375,3442.005859375,3444.06201171875,11778.580078125,232.262451171875
2025-10-06,1059.4000244140625,1394.6224365234375,570.9737548828125,2330.90771484375,1211.865478515625,8669.984375,2031.4664306640625,1002.7360229492188,163.37387084960938,244.52122497558594,347.3346252441406,5912.5302734375,1632.2376708984375,1499.0367431640625,357.6101989746094,1650.9217529296875,484.47418212890625,5802.57177734375,1240.731689453125,6808.7001953125,193.00064086914062,1356.27783203125,957.6116333007812,760.3400268554688,5395.42578125,2496.58056640625,1352.001953125,738.1044921875,1422.9530029296875,382.11358642578125,428.4602966308594,3700.8525390625,1923.354248046875,3435.917724609375,712.2926635742188,15838.9287109375,2719.39404296875,1169.7310791015625,330.15911865234375,233.46859741210938,5152.85498046875,1478.35498046875,277.7267150878906,1368.671875,1768.441650390625,858.5741577148438,29136.482421875,1639.723388671875,1132.5169677734375,393.114013671875,2869.28759765625,1388.3079833984375,3414.197021484375,3498.671142578125,11813.8603515625,233.37086486816406
2025-10-07,1060.699951171875,1393.6265869140625,567.1427001953125,2328.927978515625,1185.885498046875,8780.4306640625,2030.8670654296875,1010.3392333984375,163.05662536621094,244.07266235351562,347.3845520019531,5790.5615234375,1629.740478515625,1499.2349853515625,360.2320861816406,1674.855224609375,483.3939514160156,6079.43017578125,1240.63232421875,6884.90234375,198.49188232421875,1371.2977294921875,966.514404296875,752.91650390625,5427.80859375,2472.418212890625,1364.3974609375,747.788818359375,1406.0819091796875,381.2077941894531,424.6468811035156,3693.623046875,1910.9442138671875,3456.50146484375,711.6954345703125,15947.8349609375,2744.130859375,1164.880859375,329.0881042480469,232.955810546875,5234.1796875,1460.3843994140625,279.75958251953125,1378.4267578125,1781.623291015625,849.3897094726562,29370.2109375,1638.1378173828125,1110.6024169921875,390.08282470703125,2855.173583984375,1387.922119140625,3407.0205078125,3501.261962890625,11940.279296875,234.72021484375
2025-10-08,1045.0999755859375,1388.448486328125,563.5106811523438,2304.87451171875,1179.690185546875,8669.984375,2011.8831787109375,1016.89892578125,159.3586883544922,238.27137756347656,348.5831298828125,5740.39697265625,1605.46826171875,1480.7086181640625,357.7974853515625,1701.867431640625,471.5116271972656,6095.36474609375,1226.7205810546875,6830.96728515625,201.920166015625,1390.2396240234375,962.7762451171875,744.6459350585938,5328.72607421875,2455.62255859375,1358.8443603515625,739.7518310546875,1441.2701416015625,381.16009521484375,422.83001708984375,3693.72216796875,1891.88232421875,3390.890625,707.5642700195312,15852.7900390625,2726.6982421875,1168.5433349609375,324.99884033203125,229.62271118164062,5226.63330078125,1483.0213623046875,276.1778869628906,1361.1068115234375,1770.4388427734375,843.0538940429688,29126.53515625,1616.8323974609375,1110.80078125,383.0762634277344,2906.541259765625,1406.5382080078125,3553.9384765625,3470.868408203125,11751.140625,235.43344116210938
2025-10-09,1051.5,1389.742919921875,563.1126708984375,2312.6943359375,1166.5003662109375,8687.7353515625,2012.88232421875,1017.8430786132812,161.8966827392578,238.27137756347656,352.0789489746094,5779.74169921875,1619.55224609375,1499.0367431640625,358.96795654296875,1708.2232666015625,476.6672058105469,6106.8173828125,1238.2474365234375,6825.029296875,206.63406372070312,1422.0970458984375,961.2022094726562,751.6708984375,5328.2421875,2472.811279296875,1364.69482421875,747.9385986328125,1455.0562744140625,381.3031005859375,428.1807861328125,3732.740966796875,1943.508056640625,3407.1201171875,712.59130859375,15826.05859375,2733.905029296875,1175.7694091796875,326.99481201171875,231.12307739257812,5307.75927734375,1499.60205078125,277.0007019042969,1371.458984375,1807.2877197265625,846.835693359375,29325.453125,1643.489013671875,1108.6192626953125,385.809326171875,2939.666015625,1414.640625,3538.987548828125,3474.455810546875,11948.119140625,237.4863739013672
2025-10-10,1064.300048828125,1403.485107421875,566.4461669921875,2316.455810546875,1179.4903564453125,8822.3408203125,2002.5911865234375,1017.5946044921875,167.86495971679688,238.86944580078125,353.02783203125,5775.3154296875,1612.3603515625,1547.2841796875,360.0447998046875,1710.4080810546875,480.8898620605469,6447.91064453125,1256.43212890625,6892.8193359375,207.59078979492188,1430.70703125,964.9404296875,744.6459350585938,5316.642578125,2483.909912109375,1368.7607421875,762.1156005859375,1460.4549560546875,384.0682678222656,429.27886962890625,3747.397705078125,1945.1959228515625,3418.995361328125,711.04833984375,16103.2744140625,2710.531494140625,1187.350830078125,330.7432861328125,233.9243927001953,5320.072265625,1499.800537109375,279.90478515625,1375.3409423828125,1807.8868408203125,865.0573120117188,29285.669921875,1655.7767333984375,1117.0479736328125,387.6976013183594,2907.59716796875,1405.5736083984375,3520.3486328125,3478.142822265625,12035.3388671875,239.70318603515625
2025-10-13,1051.300048828125,1431.7659912109375,563.95849609375,2318.732666015625,1188.6832275390625,8940.1826171875,2018.677490234375,1030.415771484375,167.03216552734375,234.10482788085938,348.9826354980469,5765.97119140625,1645.32275390625,1549.0673828125,357.28240966796875,1704.1514892578125,478.9749450683594,6529.076171875,1254.4447021484375,6840.36865234375,212.2947235107422,1429.9417724609375,961.1038818359375,743.8986206054688,5373.67578125,2448.452392578125,1367.8681640625,758.6712036132812,1439.5347900390625,380.683349609375,429.6781921386719,3733.0380859375,1958.2015380859375,3423.745361328125,710.1026611328125,16160.697265625,2678.393310546875,1176.0662841796875,332.6905517578125,231.7877960205078,5292.26904296875,1502.6798095703125,277.0007019042969,1368.671875,1812.780029296875,867.3165893554688,29454.75,1653.29931640625,1107.627685546875,388.7411193847656,2887.338134765625,1399.4969482421875,3522.043212890625,3490.997802734375,11928.51953125,236.2623291015625
2025-10-14,1036.199951171875,1423.0028076171875,560.823974609375,2294.580322265625,1175.8931884765625,8976.17578125,2017.6783447265625,1012.92333984375,161.19277954101562,231.69261169433594,351.4297180175781,5705.478515625,1643.824462890625,1537.8724365234375,356.7205810546875,1688.7586669921875,478.5821228027344,6534.0556640625,1229.5029296875,6815.62744140625,214.70648193359375,1430.611572265625,961.25146484375,740.9093017578125,5385.7587890625,2457.783447265625,1372.52880859375,749.1865844726562,1436.353515625,378.3472595214844,429.6182861328125,3708.081787109375,1923.354248046875,3423.844482421875,704.9761352539062,16099.3134765625,2673.621337890625,1163.593994140625,327.773681640625,232.35755920410156,5300.4111328125,1480.5391845703125,278.30755615234375,1369.5677490234375,1813.6787109375,861.4227905273438,29454.75,1639.4261474609375,1109.51171875,389.138671875,2842.3076171875,1415.990966796875,3525.83056640625,3492.791748046875,11828.5595703125,239.4333038330078
2025-10-15,1043.800048828125,1444.6116943359375,564.207275390625,2351.001953125,1168.6986083984375,8873.1259765625,2082.3232421875,1053.4244384765625,161.7975311279297,235.04180908203125,355.9742736816406,5761.544921875,1696.46435546875,1544.212890625,359.81072998046875,1753.21044921875,484.2777404785156,6546.00634765625,1224.6337890625,6823.544921875,215.5934600830078,1430.8983154296875,962.3335571289062,758.4468383789062,5352.892578125,2474.186279296875,1386.7093505859375,738.9031982421875,1421.41064453125,381.3031005859375,429.1790466308594,3791.665283203125,1926.5311279296875,3460.855712890625,706.967041015625,16050.80078125,2709.265625,1209.029052734375,330.30517578125,235.23483276367188,5684.3955078125,1490.0706787109375,281.64727783203125,1367.97509765625,1838.044921875,870.4107666015625,29777.9921875,1640.1197509765625,1104.85107421875,394.0581970214844,2862.064208984375,1407.309814453125,3537.392822265625,3562.447998046875,12064.7392578125,241.1585693359375
2025-10-16,1060.300048828125,1473.2908935546875,566.8939819335938,2385.250732421875,1195.378173828125,9024.4951171875,2088.41796875,1059.2386474609375,160.171630859375,235.41061401367188,357.77215576171875,5926.79296875,1666.198974609375,1554.8134765625,362.9476318359375,1749.3372802734375,491.7410583496094,6573.3935546875,1232.384521484375,6915.5810546875,213.76968383789062,1449.3623046875,978.1715698242188,740.2117309570312,5393.4921875,2515.93017578125,1405.451416015625,738.30419921875,1418.61474609375,386.3089904785156,440.3197937011719,3824.4453125,1937.154052734375,3523.794921875,722.396484375,16135.9462890625,2710.92138671875,1263.669921875,332.495849609375,235.83311462402344,5800.474609375,1512.1119384765625,282.5184631347656,1391.8646240234375,1833.151611328125,871.2457275390625,29847.61328125,1643.984375,1139.6566162109375,396.54278564453125,2862.931396484375,1411.93994140625,3628.394287109375,3564.042724609375,12110.798828125,244.62832641601562
2025-10-17,1036.699951171875,1473.1912841796875,560.823974609375,2482.35546875,1199.2750244140625,9023.509765625,2081.92333984375,1063.56201171875,159.59661865234375,231.8720245361328,355.7245788574219,5983.35107421875,1652.4146728515625,1562.937255859375,364.0712890625,1722.921142578125,499.2043151855469,6594.30712890625,1247.9857177734375,6969.51611328125,211.6569061279297,1433.161865234375,986.2381591796875,743.30078125,5406.05859375,2557.37939453125,1424.5899658203125,749.7855834960938,1389.307373046875,392.9834289550781,440.3996887207031,3802.261962890625,1926.0347900390625,3609.296875,731.803466796875,16237.921875,2623.368408203125,1276.439208984375,332.009033203125,235.2063446044922,5715.27734375,1531.6710205078125,280.4856262207031,1410.279541015625,1841.5400390625,873.4067993164062,29529.34375,1663.902587890625,1156.2164306640625,395.35015869140625,2854.73974609375,1396.313720703125,3662.78125,3641.272705078125,12122.55859375,232.1853485107422
2025-10-20,1034.0999755859375,1460.8433837890625,562.7146606445312,2490.471923828125,1225.05517578125,8997.8701171875,2137.9755859375,1074.3955078125,165.5549774169922,233.00836181640625,363.8648376464844,5970.56396484375,1671.39306640625,1623.8656005859375,365.7568359375,1735.334716796875,495.47265625,6576.87890625,1273.9212646484375,6940.81689453125,226.30685424804688,1442.0335693359375,986.6316528320312,739.6138916015625,5452.94189453125,2548.244873046875,1378.6771240234375,758.5214233398438,1408.395751953125,393.8415832519531,441.9969177246094,3835.23974609375,1929.8074951171875,3561.697021484375,724.0389404296875,16260.693359375,2675.763671875,1272.380859375,332.9339904785156,236.20343017578125,5803.65234375,1515.388427734375,278.98516845703125,1460.04931640625,1837.1461181640625,891.431884765625,28723.7265625,1673.3165283203125,1166.529296875,397.3378601074219,2905.81689453125,1407.81494140625,3724.977294921875,3639.279541015625,12099.0390625,232.5130615234375
2025-10-21,1040.0,1467.3160400390625,564.7047729492188,2479.187744140625,1236.3465576171875,8991.4609375,2167.250732421875,1079.86181640625,164.56356811523438,233.84567260742188,365.6627197265625,5975.48193359375,1668.396484375,1648.137939453125,366.22503662109375,1729.4754638671875,497.2893981933594,6559.94873046875,1280.5789794921875,6945.76513671875,226.66563415527344,1432.968994140625,991.3043823242188,741.0587768554688,5458.2587890625,2545.5927734375,1370.4464111328125,757.2235717773438,1419.482421875,393.6509094238281,438.6427001953125,3850.58984375,1928.3182373046875,3583.567138671875,718.7630615234375,16232.9716796875,2669.141357421875,1274.26171875,332.9826354980469,235.6146697998047,5759.365234375,1521.047607421875,279.3724060058594,1458.4566650390625,1838.4443359375,891.775634765625,28793.349609375,1675.1993408203125,1164.7442626953125,396.3440246582031,2897.625244140625,1412.0059814453125,3716.803955078125,3645.557861328125,12095.119140625,232.6287078857422
2025-10-23,1044.699951171875,1447.001708984375,561.5702514648438,2477.010009765625,1257.8299560546875,8921.4462890625,2174.744384765625,1087.465087890625,169.8378448486328,233.53665161132812,361.8672180175781,5968.5966796875,1682.7799072265625,1629.809814453125,367.6764221191406,1742.584228515625,502.1994323730469,6538.537109375,1271.337646484375,6813.15380859375,227.08419799804688,1469.5164794921875,992.386474609375,741.0089721679688,5402.1923828125,2555.31689453125,1352.2994384765625,758.3716430664062,1473.566162109375,396.60675048828125,444.35284423828125,3880.794921875,1925.8363037109375,3585.9423828125,721.5005493164062,16230.0009765625,2726.11376953125,1259.9085693359375,333.6155090332031,239.593505859375,5794.91357421875,1506.2540283203125,280.3887939453125,1441.7340087890625,1850.1280517578125,895.41015625,28813.240234375,1674.6048583984375,1151.2584228515625,395.20111083984375,2961.713134765625,1426.3336181640625,3759.96240234375,3584.67041015625,11902.0595703125,235.4623565673828
2025-10-24,1031.0999755859375,1423.0028076171875,552.266357421875,2476.21826171875,1240.9429931640625,8950.5361328125,2157.658935546875,1083.092041015625,168.5391082763672,230.1974334716797,359.0705871582031,5953.84228515625,1731.624267578125,1569.674072265625,368.98736572265625,1747.8477783203125,499.3025207519531,6565.92431640625,1275.5111083984375,6769.11474609375,226.62576293945312,1469.4200439453125,978.5650634765625,732.33984375,5355.7919921875,2471.632568359375,1366.182373046875,753.8290405273438,1470.57763671875,397.4172058105469,436.6461486816406,3867.128173828125,1917.298095703125,3587.32763671875,722.5457763671875,16112.1845703125,2745.299560546875,1269.0152587890625,330.64593505859375,242.1099395751953,5785.0830078125,1496.3255615234375,279.27557373046875,1444.9193115234375,1837.24609375,888.4849853515625,28549.67578125,1683.6224365234375,1145.6063232421875,394.4060363769531,2952.07568359375,1416.8792724609375,3702.75,3587.261474609375,11679.6005859375,234.1901092529297
2025-10-27,1017.0999755859375,1414.6380615234375,557.490478515625,2493.243896484375,1253.133544921875,8969.2724609375,2168.349609375,1077.774658203125,170.5615692138672,234.24436950683594,360.01947021484375,5815.15234375,1730.4256591796875,1569.27783203125,371.4688415527344,1817.960205078125,497.9277038574219,6463.34716796875,1276.206787109375,6834.92578125,233.24314880371094,1478.7738037109375,986.6316528320312,734.6316528320312,5458.2587890625,2467.1142578125,1366.083251953125,768.8047485351562,1472.633056640625,401.0881652832031,428.9794006347656,3885.845703125,1909.057861328125,3574.067138671875,720.3060302734375,16225.05078125,2813.277099609375,1270.005126953125,332.7392578125,240.505126953125,5836.8173828125,1493.6448974609375,281.7440490722656,1477.2696533203125,1900.4581298828125,906.411865234375,28435.296875,1678.271240234375,1160.083740234375,397.78509521484375,2972.98828125,1425.7489013671875,3727.56884765625,3627.2216796875,11774.66015625,235.0864715576172
2025-10-28,1004.2000122070312,1411.949462890625,552.1668701171875,2483.840087890625,1245.339599609375,8931.7998046875,2138.375244140625,1066.1959228515625,174.11080932617188,236.57684326171875,365.3131103515625,5764.98779296875,1721.2362060546875,1553.5255126953125,366.5059509277344,1797.303955078125,494.3433532714844,6412.05859375,1281.274658203125,6929.9306640625,234.97723388671875,1467.7806396484375,987.2218627929688,744.3470458984375,5422.49169921875,2452.676025390625,1351.7044677734375,798.4567260742188,1468.4241943359375,398.466064453125,431.4151916503906,3934.37158203125,1904.8880615234375,3541.90478515625,716.772216796875,16148.81640625,2756.986083984375,1258.1265869140625,330.2077941894531,237.9127197265625,5785.97705078125,1481.33349609375,279.0335693359375,1480.056884765625,1934.1114501953125,913.779052734375,28430.32421875,1671.73095703125,1159.0921630859375,396.1949462890625,2946.968017578125,1410.7388916015625,3704.84326171875,3549.593017578125,11692.3408203125,233.61181640625
2025-10-29,1112.5999755859375,1448.694580078125,568.933837890625,2512.94189453125,1247.837646484375,8908.6259765625,2135.177978515625,1056.4556884765625,170.74993896484375,244.60096740722656,373.2536315917969,5756.626953125,1708.4508056640625,1566.4046630859375,357.70379638671875,1784.989501953125,498.9096984863281,6485.2568359375,1243.0172119140625,6879.9541015625,234.11019897460938,1501.7244873046875,991.451904296875,758.5962524414062,5366.42529296875,2443.836181640625,1358.9434814453125,806.144287109375,1478.408203125,401.9940185546875,429.3587341308594,3919.81396484375,1941.8203125,3497.966064453125,718.5142211914062,15977.537109375,2799.54541015625,1260.1064453125,338.3376159667969,242.7556610107422,5849.72607421875,1496.524169921875,285.90655517578125,1497.277099609375,1967.6646728515625,923.11083984375,29051.94140625,1700.3695068359375,1167.2232666015625,408.1707458496094,2946.67919921875,1415.417236328125,3736.041015625,3486.712890625,11758.98046875,233.5154266357422
2025-10-30,1140.0999755859375,1451.7816162109375,565.1028442382812,2497.896240234375,1237.6455078125,8799.1669921875,2112.797119140625,1045.870849609375,169.11412048339844,260.4498596191406,376.1501770019531,5763.51220703125,1709.84912109375,1525.7857666015625,363.0412902832031,1795.21826171875,492.5266418457031,6627.66943359375,1194.6240234375,6817.60693359375,234.01052856445312,1494.4921875,981.9097900390625,743.9484252929688,5331.142578125,2425.665283203125,1351.0103759765625,799.6548461914062,1462.1597900390625,399.2765197753906,426.70330810546875,3948.929443359375,1931.7930908203125,3465.705078125,718.215576171875,16044.8603515625,2818.146484375,1266.9366455078125,336.0495910644531,241.7016143798828,5919.830078125,1475.7735595703125,282.1796569824219,1481.6494140625,1965.66748046875,917.8064575195312,28584.486328125,1687.982666015625,1166.7275390625,407.2762756347656,2925.187744140625,1397.4833984375,3738.43310546875,3479.537841796875,11811.900390625,233.16844177246094
2025-10-31,1140.0,1445.408447265625,562.6151733398438,2485.324951171875,1231.8499755859375,8769.08984375,2086.51953125,1036.428955078125,155.214599609375,264.6363220214844,371.6555480957031,5740.88916015625,1694.8663330078125,1487.346435546875,363.93084716796875,1769.73876953125,478.77850341796875,6710.32861328125,1190.0531005859375,6934.38427734375,235.80441284179688,1486.4884033203125,971.2362670898438,729.2507934570312,5359.17578125,2421.63818359375,1334.0533447265625,793.5147094726562,1450.9034423828125,400.8021545410156,419.71539306640625,3991.909423828125,1949.3656005859375,3450.959716796875,716.6726684570312,16025.0595703125,2692.222412109375,1258.7205810546875,328.0657958984375,242.49928283691406,5875.046875,1434.2723388671875,278.9367980957031,1479.5592041015625,1952.985107421875,920.4095458984375,28156.8125,1675.3974609375,1155.224853515625,402.4064636230469,2947.064208984375,1388.321533203125,3734.446044921875,3496.478759765625,11708.0205078125,231.96368408203125
2025-11-03,1105.199951171875,1438.6368408203125,574.3569946289062,2486.710693359375,1232.749267578125,8798.673828125,2079.825439453125,1036.72705078125,156.24566650390625,264.09808349609375,376.6994934082031,5725.15087890625,1716.54150390625,1497.45166015625,363.8371887207031,1786.3602294921875,494.2451477050781,6776.0576171875,1188.463134765625,6950.712890625,237.08004760742188,1488.4168701171875,976.499267578125,733.3861083984375,5354.34228515625,2416.23583984375,1335.14404296875,795.6113891601562,1454.0355224609375,394.69976806640625,421.97149658203125,3941.9970703125,1969.51953125,3512.018310546875,718.9124145507812,15495.37890625,2711.505615234375,1253.8702392578125,326.3619384765625,244.5693817138672,5889.345703125,1450.0587158203125,278.79156494140625,1477.866943359375,1966.8658447265625,932.8847045898438,27902.47265625,1690.9554443359375,1187.4521484375,406.08367919921875,2907.35888671875,1383.8380126953125,3712.31884765625,3498.2724609375,11710.9599609375,231.79981994628906
2025-11-04,1086.4000244140625,1438.3382568359375,564.6052856445312,2461.46923828125,1225.6546630859375,8629.5537109375,2071.432373046875,1050.5421142578125,154.8180389404297,266.39068603515625,380.0455017089844,5795.9716796875,1743.910400390625,1489.327880859375,363.1158752441406,1758.69091796875,507.7477722167969,6776.5556640625,1192.43798828125,6858.18212890625,237.04019165039062,1474.53076171875,969.2196655273438,739.813232421875,5132.01025390625,2402.1904296875,1325.7235107421875,788.9221801757812,1436.808349609375,389.88458251953125,418.5973205566406,3886.439697265625,1982.62451171875,3543.98291015625,714.0347290039062,15221.1337890625,2694.365234375,1252.1873779296875,321.8832092285156,239.63148498535156,5817.35498046875,1444.796630859375,270.12774658203125,1466.3203125,1968.76318359375,940.644775390625,27528.4453125,1674.7039794921875,1169.4049072265625,398.1329345703125,2881.723876953125,1373.5064697265625,3801.027587890625,3461.0029296875,11582.5810546875,229.3131561279297
2025-11-06,1060.5,1430.7701416015625,555.649658203125,2576.490478515625,1227.55322265625,8599.4765625,2061.44091796875,1035.534423828125,151.61578369140625,259.21380615234375,384.7398986816406,5914.9892578125,1681.4815673828125,1487.5445556640625,358.88409423828125,1755.6055908203125,514.2781982421875,6855.23095703125,1197.6051025390625,6735.9619140625,235.02706909179688,1471.9271240234375,968.6294555664062,733.4359130859375,5148.443359375,2392.662841796875,1309.3614501953125,784.9286499023438,1435.6336669921875,388.5496826171875,415.92193603515625,3844.053955078125,1941.4232177734375,3580.895263671875,709.9036254882812,15298.357421875,2701.474365234375,1253.2762451171875,318.037353515625,238.82432556152344,5800.970703125,1432.4853515625,261.5606994628906,1489.2144775390625,1968.064208984375,943.739013671875,27378.833984375,1670.6409912109375,1180.4117431640625,389.3374328613281,2901.6728515625,1377.7950439453125,3762.055419921875,3434.79443359375,11671.7607421875,231.36610412597656
2025-11-07,1059.800048828125,1442.221923828125,556.047607421875,2587.27978515625,1221.857666015625,8600.462890625,2100.307861328125,1060.0833740234375,152.38909912109375,263.0016174316406,379.94561767578125,6056.63037109375,1701.958251953125,1491.7054443359375,361.6251525878906,1732.0169677734375,512.0076293945312,6629.16357421875,1197.803955078125,6814.63818359375,236.4521942138672,1458.4268798828125,966.317626953125,746.5890502929688,5119.443359375,2389.693115234375,1331.7724609375,795.9608154296875,1445.5198974609375,385.2601318359375,416.940185546875,3844.945068359375,1957.60595703125,3651.85009765625,708.3606567382812,15325.08984375,2664.56396484375,1249.9107666015625,320.1975402832031,239.48904418945312,5740.39892578125,1444.3995361328125,263.30316162109375,1471.19775390625,1996.1251220703125,938.92578125,27304.029296875,1676.0911865234375,1157.4063720703125,390.7785339355469,2883.265869140625,1351.5762939453125,3756.972412109375,3444.759521484375,11611.98046875,227.9348907470703
2025-11-10,1041.300048828125,1438.836181640625,553.3609008789062,2623.508544921875,1216.0621337890625,8650.2626953125,2116.493896484375,1078.3709716796875,151.1894989013672,272.4710693359375,381.6935119628906,6033.02392578125,1752.400634765625,1497.45166015625,366.7706298828125,1749.335205078125,508.8486022949219,6664.01953125,1191.1461181640625,6795.34033203125,237.6481170654297,1485.52392578125,968.4818725585938,748.033935546875,5180.826171875,2384.54541015625,1336.730712890625,798.057373046875,1481.4425048828125,386.69036865234375,417.81866455078125,3880.596923828125,1975.8734130859375,3625.8232421875,715.975830078125,15428.0556640625,2703.71435546875,1250.1087646484375,319.559326171875,238.7293701171875,5823.3125,1446.1866455078125,263.9921875,1482.44580078125,1986.53857421875,934.3090209960938,27019.767578125,1682.433349609375,1133.1119384765625,393.4122009277344,2915.4541015625,1362.395263671875,3790.56201171875,3478.64111328125,11493.4013671875,231.1636962890625
2025-11-11,1044.199951171875,1468.2122802734375,554.8037719726562,2630.239501953125,1221.557861328125,8771.5556640625,1987.703857421875,999.05859375,149.6428985595703,284.8810119628906,384.6400146484375,5853.021484375,1739.8150634765625,1500.820068359375,368.1651611328125,1788.6494140625,513.2909545898438,6512.64404296875,1203.865478515625,6801.77294921875,235.08685302734375,1513.97119140625,975.564697265625,761.1870727539062,5236.892578125,2403.05712890625,1346.944580078125,824.7640991210938,1497.88671875,387.929931640625,416.6606750488281,3916.74365234375,1961.6763916015625,3710.13818359375,709.7542724609375,15489.4384765625,2704.98046875,1255.2559814453125,320.7375793457031,236.8776397705078,5988.6435546875,1462.3701171875,263.4507751464844,1486.5269775390625,1994.5274658203125,936.4209594726562,26964.91015625,1700.567626953125,1146.4986572265625,393.1637268066406,2936.46337890625,1372.3369140625,3799.93115234375,3462.098876953125,11588.4609375,232.94677734375
2025-11-12,1070.800048828125,1500.575927734375,559.7791748046875,2741.697265625,1220.6585693359375,8744.9296875,2033.7645263671875,1007.0097045898438,154.51071166992188,286.1269836425781,405.4151611328125,5783.67626953125,1716.84130859375,1505.17919921875,371.7237243652344,1819.10546875,515.61083984375,6493.22412109375,1221.8514404296875,6807.71044921875,238.12648010253906,1537.1148681640625,973.4005126953125,780.3187866210938,5349.50927734375,2400.08740234375,1347.53955078125,863.002197265625,1518.8333740234375,388.07293701171875,416.1814880371094,3916.34765625,2019.2587890625,3715.283935546875,717.6680908203125,15539.931640625,2752.01953125,1265.253662109375,321.2285461425781,241.05589294433594,6091.4169921875,1471.405029296875,262.909423828125,1504.5435791015625,1993.9281005859375,940.2028198242188,27024.75390625,1716.4228515625,1152.25,386.25653076171875,3018.18701171875,1419.218505859375,3838.5048828125,3442.467529296875,11682.5400390625,236.3490753173828
2025-11-13,1076.800048828125,1492.7091064453125,556.5949096679688,2850.184814453125,1224.2557373046875,8744.4365234375,2054.44677734375,999.2573852539062,152.8054962158203,280.5948486328125,416.50189208984375,5755.64306640625,1708.6505126953125,1511.6187744140625,368.5498962402344,1801.687744140625,515.5121459960938,6566.421875,1227.1180419921875,6783.95947265625,234.98719787597656,1541.4541015625,970.596923828125,779.4220581054688,5324.85888671875,2383.357666015625,1374.3138427734375,862.0537719726562,1509.14306640625,386.83343505859375,414.32470703125,3963.7841796875,2038.1219482421875,3661.053466796875,718.7133178710938,15592.404296875,2748.318603515625,1262.2841796875,321.0321960449219,238.2071075439453,6093.89892578125,1470.809326171875,265.6163024902344,1503.9464111328125,1985.140380859375,937.1085815429688,26925.013671875,1721.6748046875,1145.1104736328125,386.4056091308594,2993.033935546875,1414.6375732421875,3826.6435546875,3438.581298828125,11695.2802734375,236.45509338378906
2025-11-14,1068.800048828125,1506.3515625,560.4259643554688,2876.9111328125,1240.6431884765625,8720.27734375,2064.038818359375,1012.27734375,153.2615203857422,280.6945495605469,410.65887451171875,5708.4296875,1712.6458740234375,1517.860107421875,372.1565246582031,1791.1375732421875,518.2763061523438,6484.7587890625,1238.1480712890625,6625.61767578125,235.45559692382812,1537.6932373046875,973.4988403320312,770.9522094726562,5353.859375,2403.255126953125,1361.521728515625,846.8782958984375,1470.9691162109375,389.1694641113281,415.22314453125,3965.665771484375,2040.5048828125,3660.162841796875,735.3373413085938,15528.05078125,2699.7216796875,1258.7205810546875,322.5050354003906,240.88247680664062,6058.15185546875,1449.36376953125,267.04351806640625,1511.9095458984375,1998.1224365234375,950.7133178710938,26630.779296875,1741.196533203125,1148.0853271484375,386.008056640625,2993.322998046875,1402.74658203125,3816.67626953125,3374.704345703125,11636.48046875,235.52981567382812
2025-11-17,1088.5999755859375,1501.27294921875,557.5402221679688,2858.5986328125,1248.636962890625,8821.3544921875,2077.8271484375,1020.5266723632812,153.44989013671875,284.5820007324219,420.44720458984375,5734.9873046875,1697.7628173828125,1521.32763671875,373.0221252441406,1792.630615234375,517.535888671875,6491.72998046875,1236.5582275390625,6728.53955078125,238.24606323242188,1549.0721435546875,980.3357543945312,767.5144653320312,5605.19091796875,2400.582275390625,1367.4715576171875,852.6689453125,1475.66748046875,388.1683044433594,419.8551330566406,3988.740478515625,2037.327880859375,3696.08544921875,757.2371826171875,15720.1220703125,2618.4990234375,1257.433837890625,324.2233581542969,241.3202667236328,6073.54296875,1464.9515380859375,269.2582092285156,1511.3123779296875,1993.2291259765625,956.1159057617188,26610.830078125,1747.9349365234375,1169.00830078125,390.331298828125,2989.660888671875,1416.002197265625,3855.947509765625,3463.294677734375,11542.4013671875,235.22140502929688
2025-11-18,1077.5999755859375,1488.725830078125,555.0525512695312,2881.00439453125,1264.4249267578125,8797.1943359375,2048.451904296875,1007.4072265625,151.8438262939453,288.17041015625,421.0964050292969,5744.33154296875,1693.367919921875,1500.4237060546875,369.2712097167969,1775.90966796875,514.179443359375,6446.9150390625,1235.9620361328125,6743.87890625,243.67750549316406,1538.2718505859375,976.302490234375,759.094482421875,5606.15771484375,2379.793701171875,1361.9183349609375,846.5787963867188,1454.91650390625,386.9764404296875,417.8985290527344,3960.912353515625,2032.66162109375,3656.40234375,753.0065307617188,15771.60546875,2589.087646484375,1252.2864990234375,322.5050354003906,240.2501220703125,6036.802734375,1480.3406982421875,269.8980407714844,1512.4072265625,1990.532958984375,955.2318725585938,26351.50390625,1742.8812255859375,1144.416259765625,383.8713073730469,2975.10888671875,1385.9822998046875,3866.5126953125,3467.779052734375,11472.8212890625,232.1853485107422
2025-11-19,1069.9000244140625,1477.9710693359375,552.5648803710938,2868.81005859375,1269.4210205078125,8761.201171875,2048.451904296875,999.4561157226562,151.56622314453125,288.2701110839844,409.6101379394531,5778.2666015625,1676.1876220703125,1512.6094970703125,364.55853271484375,1849.4620361328125,510.92169189453125,6427.4951171875,1242.321533203125,6825.029296875,245.182373046875,1603.2666015625,978.41748046875,758.3969116210938,5680.5908203125,2417.015380859375,1371.5372314453125,838.2423095703125,1508.4578857421875,384.78338623046875,420.4541015625,3980.718994140625,2010.820068359375,3683.814453125,744.7443237304688,15611.2158203125,2642.84619140625,1266.045654296875,320.6885070800781,242.2445068359375,6271.64208984375,1466.142822265625,270.8331298828125,1511.9095458984375,2002.0169677734375,965.3494873046875,26441.271484375,1767.9521484375,1152.3492431640625,386.7037658691406,3033.510009765625,1397.580810546875,3920.236572265625,3465.586669921875,11432.6416015625,237.16831970214844
2025-11-20,1060.0,1484.8421630859375,553.0126342773438,2835.201904296875,1284.2095947265625,8854.8828125,2093.8134765625,1022.3156127929688,149.9204864501953,284.3327941894531,394.6780090332031,5723.67578125,1701.2589111328125,1514.987060546875,365.1355895996094,1837.4189453125,518.3256225585938,6435.9599609375,1240.731689453125,7051.65625,244.0960693359375,1586.680419921875,992.4356689453125,759.4930419921875,5799.490234375,2403.947998046875,1371.4381103515625,828.058837890625,1503.955322265625,386.59503173828125,419.0165710449219,3998.3466796875,2016.18115234375,3678.07470703125,732.7989501953125,15643.8876953125,2668.84912109375,1266.2435302734375,320.6885070800781,241.3202667236328,6305.8994140625,1478.35498046875,272.8509826660156,1541.9705810546875,2024.2860107421875,964.1707153320312,26411.349609375,1761.3128662109375,1164.0501708984375,385.7099304199219,3030.715576171875,1419.12109375,3889.636962890625,3474.25634765625,11517.9013671875,237.35145568847656
2025-11-21,1030.5,1473.5897216796875,544.85302734375,2851.857421875,1274.81689453125,8768.5966796875,2050.650146484375,997.9652709960938,147.82862854003906,281.5916442871094,396.3759765625,5717.77392578125,1657.8084716796875,1497.7489013671875,363.74102783203125,1789.0474853515625,509.0460510253906,6346.82763671875,1236.061279296875,7060.56298828125,244.2256317138672,1550.6151123046875,981.8114013671875,761.2866821289062,5802.39013671875,2409.19482421875,1358.0509033203125,845.1810302734375,1512.2752685546875,388.8834228515625,416.84033203125,3985.967529296875,2014.791259765625,3710.6328125,736.5318603515625,15818.1376953125,2675.374267578125,1267.7283935546875,320.7375793457031,240.2501220703125,6252.27880859375,1461.5758056640625,273.2446594238281,1539.4820556640625,2019.6923828125,955.3792114257812,26411.349609375,1763.5919189453125,1173.1729736328125,384.61669921875,3036.30517578125,1424.4818115234375,3891.430908203125,3429.911376953125,11494.380859375,235.64549255371094
2025-11-24,1009.4000244140625,1479.6640625,541.9175415039062,2854.434814453125,1268.0220947265625,8882.494140625,2029.068603515625,987.927001953125,148.6217498779297,277.0064392089844,394.77789306640625,5720.23291015625,1649.817626953125,1490.0213623046875,358.3070373535156,1799.697265625,505.8376770019531,6332.88525390625,1218.4727783203125,7183.27783203125,247.32504272460938,1552.929443359375,982.8934936523438,758.9450073242188,5782.57373046875,2399.790283203125,1356.960205078125,834.6980590820312,1515.2117919921875,384.78338623046875,416.7405090332031,3974.47998046875,1985.2056884765625,3652.44384765625,732.599853515625,15799.326171875,2693.09912109375,1256.3448486328125,317.59552001953125,239.08267211914062,6329.73095703125,1452.5408935546875,271.472900390625,1528.831298828125,2012.003173828125,953.4146118164062,26421.322265625,1764.68212890625,1176.0487060546875,380.194091796875,3027.24609375,1456.8408203125,3861.62890625,3429.512939453125,11352.28125,238.32492065429688
2025-11-25,1011.5999755859375,1477.6724853515625,543.161376953125,2851.064208984375,1265.32421875,8922.431640625,2028.468994140625,980.1746826171875,148.3441619873047,281.9903564453125,392.7802734375,5770.88916015625,1683.479248046875,1493.48876953125,355.902587890625,1823.086669921875,507.81207275390625,6385.66748046875,1228.3104248046875,7143.6923828125,255.11842346191406,1543.9613037109375,973.6956176757812,763.8275756835938,5878.75634765625,2389.792236328125,1346.4488525390625,838.5418701171875,1498.1802978515625,382.1612548828125,413.26654052734375,3958.040283203125,2027.598388671875,3631.167236328125,728.020751953125,15731.0126953125,2724.166015625,1250.4056396484375,317.84100341796875,238.69354248046875,6325.75927734375,1456.1151123046875,269.1597900390625,1532.61376953125,2028.1805419921875,966.1844482421875,26386.4140625,1760.71826171875,1167.8182373046875,377.6597900390625,3006.044189453125,1456.8408203125,3842.49169921875,3435.791015625,11348.361328125,236.75389099121094
2025-11-26,1034.4000244140625,1499.8787841796875,547.2909545898438,2849.27978515625,1289.2056884765625,9036.822265625,2083.322265625,1004.5249633789062,149.88082885742188,288.76849365234375,397.97406005859375,5784.16845703125,1710.947998046875,1509.6373291015625,362.92352294921875,1862.3013916015625,510.5762023925781,6483.26513671875,1240.135498046875,7123.8994140625,255.4971160888672,1560.1617431640625,987.5662231445312,784.7529907226562,5931.92333984375,2400.7802734375,1363.5050048828125,849.3243408203125,1524.902099609375,383.5915222167969,420.03485107421875,4022.708740234375,2056.6875,3648.089599609375,730.7582397460938,15995.357421875,2727.087646484375,1263.867919921875,320.1975402832031,240.97976684570312,6369.94677734375,1473.787841796875,270.73468017578125,1562.6748046875,2026.283203125,966.4791870117188,26865.169921875,1788.56396484375,1175.3546142578125,389.0889892578125,3048.158935546875,1481.889892578125,3884.9521484375,3526.274658203125,11523.78125,241.13929748535156
2025-11-27,1031.0999755859375,1502.7666015625,545.9973754882812,2854.3359375,1286.3079833984375,8897.2861328125,2101.40673828125,1027.48388671875,148.35406494140625,289.914794921875,399.172607421875,5731.052734375,1722.634521484375,1511.0242919921875,363.59674072265625,1901.217529296875,512.501220703125,6463.84521484375,1241.4273681640625,6926.466796875,254.00222778320312,1570.8656005859375,993.0750732421875,775.0376586914062,5945.939453125,2427.013427734375,1380.5611572265625,856.0634765625,1533.2220458984375,385.4985046386719,421.3126220703125,4041.822021484375,2056.48876953125,3642.943603515625,724.0887451171875,15744.873046875,2718.614990234375,1253.5733642578125,321.4249267578125,237.38015747070312,6386.8271484375,1461.7744140625,269.4058837890625,1556.2047119140625,2001.7174072265625,955.624755859375,26685.63671875,1793.9150390625,1167.8182373046875,389.6355895996094,3022.81298828125,1471.5584716796875,3890.533935546875,3505.746337890625,11384.62109375,240.53207397460938
2025-11-28,1048.199951171875,1510.533935546875,547.489990234375,2849.676025390625,1278.7137451171875,8947.578125,2092.214599609375,1031.1612548828125,149.06788635253906,289.914794921875,397.8741760253906,5750.2333984375,1734.021484375,1517.067626953125,361.7693786621094,1899.724609375,510.7736511230469,6450.400390625,1250.867431640625,6980.40234375,257.0418701171875,1566.2369384765625,991.2059936523438,761.5855712890625,5968.65625,2441.763671875,1377.189697265625,857.16162109375,1527.055419921875,385.4508361816406,424.1477355957031,4030.2353515625,2067.211181640625,3718.252685546875,714.13427734375,15741.9033203125,2737.995361328125,1248.326904296875,320.5412292480469,236.6505126953125,6308.38232421875,1459.2923583984375,265.7146911621094,1560.285888671875,1963.2708740234375,961.6658935546875,26331.556640625,1815.022216796875,1162.5628662109375,387.6976013183594,3023.68017578125,1478.868408203125,3894.919677734375,3519.199462890625,11367.9619140625,240.50315856933594
2025-12-01,1039.5999755859375,1524.076904296875,540.6737060546875,2842.934814453125,1274.7169189453125,8969.765625,2080.025146484375,1014.8613891601562,148.7605438232422,290.0643005371094,394.0287780761719,5718.265625,1722.9342041015625,1508.9437255859375,365.1355895996094,1893.6533203125,508.6511535644531,6396.12451171875,1252.1591796875,7051.65625,255.72634887695312,1584.2696533203125,985.7954711914062,764.0269165039062,6085.62255859375,2439.6845703125,1378.478759765625,845.7800903320312,1530.872802734375,385.4508361816406,428.77972412109375,4033.80029296875,2066.9130859375,3702.716064453125,715.67724609375,15936.9443359375,2758.349609375,1247.83203125,321.1794738769531,238.18763732910156,6361.009765625,1458.100830078125,265.4194030761719,1558.892333984375,1968.863037109375,955.870361328125,26346.517578125,1791.0413818359375,1154.0350341796875,387.3497619628906,3019.72900390625,1490.7593994140625,3882.161376953125,3649.045654296875,11428.7216796875,241.2260284423828
2025-12-02,1022.5999755859375,1511.7288818359375,540.325439453125,2928.988037109375,1257.030517578125,8959.4111328125,2064.138427734375,1019.2345581054688,148.49285888671875,284.5820007324219,398.5234069824219,5779.25,1709.6494140625,1502.504150390625,364.46240234375,1904.9002685546875,501.4446716308594,6391.14501953125,1267.1640625,7038.79052734375,257.570068359375,1577.1336669921875,973.6956176757812,756.304443359375,6061.4560546875,2452.850830078125,1361.521728515625,848.9249877929688,1527.9364013671875,382.3043212890625,427.7415466308594,3991.513427734375,2067.70751953125,3677.876708984375,714.08447265625,16077.5322265625,2763.998291015625,1246.1492919921875,322.6523132324219,236.93263244628906,6348.59765625,1458.398681640625,263.2539367675781,1539.1834716796875,1978.749267578125,950.1730346679688,26476.1796875,1783.2127685546875,1152.4483642578125,386.0577697753906,3021.945556640625,1497.7769775390625,3873.09130859375,3657.91455078125,11432.6416015625,241.1199951171875
2025-12-03,1012.5999755859375,1491.4144287109375,532.713134765625,2928.095947265625,1269.720703125,8875.5908203125,2044.255615234375,1015.1596069335938,145.51864624023438,277.6543273925781,409.51025390625,5729.08544921875,1666.998046875,1493.984130859375,360.90380859375,1903.5068359375,499.5196228027344,6428.49072265625,1272.62939453125,7008.11181640625,257.3707275390625,1581.9552001953125,984.2214965820312,749.2794799804688,6004.4228515625,2423.350830078125,1379.8670654296875,845.530517578125,1545.261474609375,381.875244140625,428.4802551269531,3949.424560546875,2065.12646484375,3611.473876953125,707.4150390625,15922.09375,2786.30029296875,1229.3214111328125,317.1045837402344,233.5081329345703,6286.53662109375,1468.029296875,264.2382507324219,1531.718017578125,1970.0614013671875,934.2107543945312,26231.81640625,1790.34765625,1130.4346923828125,381.2873229980469,3064.638427734375,1502.650390625,3805.313720703125,3619.150146484375,11359.1416015625,245.4764862060547
2025-12-04,1013.4000244140625,1499.2813720703125,534.2555541992188,2931.763916015625,1279.0135498046875,8958.9189453125,2047.452880859375,1022.8125,144.86431884765625,274.86334228515625,387.8861389160156,5780.23388671875,1673.7901611328125,1506.86328125,364.55853271484375,1956.9542236328125,501.5927429199219,6442.43359375,1269.5489501953125,7026.42041015625,257.76934814453125,1595.552001953125,980.9752197265625,758.0980224609375,6128.63916015625,2437.40771484375,1375.1070556640625,861.6044921875,1563.7611083984375,384.3066101074219,426.34393310546875,3945.067138671875,2076.940673828125,3633.443359375,711.3967895507812,15834.96875,2832.462646484375,1229.81640625,317.1045837402344,235.6581573486328,6406.68701171875,1474.085693359375,264.8780517578125,1528.53271484375,2000.11962890625,931.31298828125,26381.42578125,1801.8426513671875,1138.76416015625,382.0823974609375,3112.053466796875,1522.7286376953125,3787.970458984375,3633.698974609375,11375.8017578125,247.6354522705078
2025-12-05,1017.7000122070312,1503.0654296875,531.1707763671875,2942.966796875,1281.51171875,8982.5849609375,2094.712646484375,1041.5970458984375,138.876220703125,276.8569030761719,392.18096923828125,5863.349609375,1728.427978515625,1506.665283203125,365.42413330078125,1968.5992431640625,503.5671081542969,6446.9150390625,1267.1640625,7133.30126953125,258.3175048828125,1622.9385986328125,986.9759521484375,765.5714111328125,6138.78857421875,2315.052490234375,1380.858642578125,868.6929321289062,1581.9671630859375,386.1182861328125,430.23724365234375,3999.138916015625,2083.691650390625,3678.470703125,733.296630859375,16120.10546875,2876.482666015625,1234.2708740234375,317.4482116699219,234.685302734375,6474.70556640625,1464.5543212890625,265.5670471191406,1533.5096435546875,2020.890625,954.2987060546875,26007.3984375,1788.96044921875,1153.142578125,382.132080078125,3120.72705078125,1531.0133056640625,3800.828369140625,3652.6328125,11365.021484375,250.50767517089844
2025-12-08,993.7999877929688,1474.2867431640625,526.3446655273438,2903.112548828125,1272.8184814453125,8900.7373046875,2057.4443359375,1020.1290893554688,134.30584716796875,268.83282470703125,383.341552734375,5751.708984375,1722.434814453125,1483.6807861328125,362.92352294921875,1942.1243896484375,497.9894714355469,6302.51025390625,1258.5189208984375,7067.98486328125,256.5734558105469,1628.338623046875,986.7791748046875,761.3364868164062,5961.40625,2290.699951171875,1377.98291015625,840.0394287109375,1576.681640625,383.5915222167969,425.58526611328125,3958.040283203125,2055.7939453125,3643.4384765625,725.9801025390625,16026.0498046875,2821.165771484375,1202.4959716796875,313.7170104980469,232.048828125,6302.42431640625,1445.690185546875,261.03924560546875,1535.898681640625,2017.894775390625,939.466064453125,26067.244140625,1779.942626953125,1136.18603515625,371.8458251953125,3119.088623046875,1551.4814453125,3754.6796875,3600.116455078125,11309.162109375,251.9244842529297
2025-12-09,998.9000244140625,1490.91650390625,530.4244384765625,2771.95068359375,1274.916748046875,8836.6396484375,2067.735595703125,1010.4883422851562,139.78831481933594,276.10931396484375,383.1917419433594,5787.61083984375,1729.22705078125,1476.745849609375,364.8470764160156,1864.690185546875,497.1503601074219,6268.15185546875,1238.3468017578125,7049.18212890625,259.9618835449219,1598.4449462890625,980.8768310546875,760.1906127929688,5800.9404296875,2283.275634765625,1363.7032470703125,842.984619140625,1565.1314697265625,382.399658203125,424.8066101074219,3958.832763671875,2037.030029296875,3598.1142578125,727.1746215820312,15860.7099609375,2803.6357421875,1203.48583984375,314.0606994628906,233.33302307128906,6257.740234375,1449.36376953125,260.3994140625,1522.3612060546875,2003.4149169921875,942.3638305664062,26032.333984375,1759.925537109375,1137.078369140625,373.9328918457031,3091.912109375,1522.0462646484375,3836.41162109375,3601.91015625,11185.681640625,248.09811401367188
2025-12-10,989.7999877929688,1491.812744140625,527.0910034179688,2780.37744140625,1277.6146240234375,8866.22265625,2064.038818359375,1004.1273803710938,140.12539672851562,274.1157531738281,378.6971130371094,5733.02001953125,1742.012451171875,1477.0430908203125,367.53997802734375,1811.6407470703125,496.1138000488281,6268.64990234375,1242.9178466796875,7153.58837890625,258.71612548828125,1606.545166015625,973.6956176757812,768.3116455078125,5747.29052734375,2278.52392578125,1352.2001953125,832.5015869140625,1551.2322998046875,384.4019775390625,425.16595458984375,3952.692626953125,2040.60400390625,3592.275634765625,721.4508056640625,15859.7197265625,2782.8916015625,1197.0516357421875,315.77899169921875,232.7979278564453,5991.1259765625,1445.29296875,261.3345031738281,1529.8267822265625,2011.7034912109375,942.7567749023438,25817.890625,1769.3394775390625,1130.5338134765625,377.5107421875,3073.5048828125,1511.5198974609375,3833.122314453125,3594.037841796875,11090.6220703125,248.64749145507812
2025-12-11,1018.7999877929688,1497.6881103515625,533.4594116210938,2755.4931640625,1271.7191162109375,8927.85546875,2064.038818359375,1000.2512817382812,144.04144287109375,275.6109313964844,381.29400634765625,5751.216796875,1717.4405517578125,1498.2442626953125,369.31927490234375,1832.7410888671875,495.3240661621094,6403.59375,1265.4747314453125,7180.8037109375,260.0116882324219,1612.7169189453125,984.0247802734375,772.4468994140625,5780.1572265625,2282.384765625,1348.63037109375,834.1988525390625,1564.1527099609375,384.1636047363281,435.28851318359375,3965.170654296875,2066.81396484375,3627.10986328125,721.4010620117188,16086.443359375,2819.315185546875,1202.69384765625,316.76092529296875,231.9418182373047,6160.4287109375,1456.909423828125,260.6455078125,1537.889404296875,2004.114013671875,946.1947631835938,26012.38671875,1790.843017578125,1132.5169677734375,377.8088684082031,3076.10693359375,1528.4791259765625,3832.225341796875,3624.73046875,11242.521484375,249.8715362548828
2025-12-12,1040.199951171875,1516.4091796875,545.4501342773438,2741.01904296875,1285.10888671875,8889.8896484375,2081.323974609375,1011.0846557617188,148.28468322753906,284.2331237792969,385.8885192871094,5818.5947265625,1733.6220703125,1503.2967529296875,368.69415283203125,1842.2960205078125,488.6604919433594,6400.10791015625,1271.23828125,7154.08349609375,260.4601745605469,1613.4881591796875,985.2052612304688,774.7387084960938,5761.30712890625,2237.837890625,1354.5802001953125,844.78173828125,1564.348388671875,381.49383544921875,434.5697326660156,4034.69189453125,2098.682861328125,3641.3603515625,723.7402954101562,16357.71875,2836.650390625,1225.7579345703125,319.1665344238281,231.56240844726562,6291.998046875,1466.2423095703125,259.4643249511719,1549.3365478515625,2023.087646484375,946.0965576171875,26216.853515625,1777.26708984375,1139.6566162109375,379.5978088378906,3103.669189453125,1538.4207763671875,3867.509521484375,3642.468505859375,11488.5009765625,251.1726837158203
2025-12-15,1047.5999755859375,1506.251953125,550.7239990234375,2756.286376953125,1283.8099365234375,8815.9306640625,2068.734619140625,1006.5127563476562,150.48558044433594,281.6913146972656,390.1833801269531,5939.087890625,1731.72412109375,1493.984130859375,369.7520751953125,1861.2066650390625,490.83233642578125,6321.43212890625,1272.530029296875,7047.697265625,264.3468933105469,1623.90283203125,979.89306640625,769.955810546875,5760.82373046875,2270.406494140625,1353.786865234375,849.8734741210938,1572.766357421875,383.5915222167969,435.50811767578125,4052.7158203125,2077.536376953125,3570.50439453125,734.2921142578125,16251.7822265625,2822.23681640625,1230.9051513671875,318.08648681640625,228.96484375,6253.27197265625,1468.8236083984375,258.0863037109375,1549.037841796875,2032.0751953125,950.1239624023438,26555.97265625,1780.83447265625,1147.688720703125,379.29962158203125,3113.017333984375,1535.496826171875,3853.55517578125,3626.6240234375,11493.4013671875,252.27145385742188
2025-12-16,1028.199951171875,1492.7091064453125,545.9973754882812,2766.894287109375,1218.66015625,8882.9873046875,2033.4647216796875,992.3001708984375,148.2053680419922,278.4517822265625,384.44024658203125,5966.62939453125,1713.445068359375,1485.6622314453125,367.01104736328125,1858.021728515625,490.83233642578125,6309.4814453125,1268.8533935546875,6988.3193359375,261.3072814941406,1592.7554931640625,978.1223754882812,761.6353759765625,5748.25732421875,2258.13134765625,1354.5802001953125,843.6834716796875,1559.1607666015625,383.0194091796875,435.7277526855469,4024.491455078125,2075.55078125,3583.369140625,735.4368286132812,16191.388671875,2788.345703125,1228.0345458984375,315.18988037109375,225.9100341796875,6219.01416015625,1462.568603515625,256.2653503417969,1535.201904296875,2033.173583984375,944.1319580078125,25922.619140625,1765.177490234375,1160.083740234375,377.5107421875,3088.828125,1538.225830078125,3916.648193359375,3606.99267578125,11297.4013671875,249.84262084960938
2025-12-17,1020.7000122070312,1480.0623779296875,538.6338500976562,2761.739013671875,1223.756103515625,8771.5556640625,2019.4766845703125,993.4927368164062,146.5695343017578,276.95660400390625,385.6388244628906,5996.13818359375,1671.5928955078125,1482.9873046875,370.04058837890625,1836.025634765625,487.8213806152344,6267.15625,1263.9842529296875,7060.56298828125,262.7025146484375,1595.9378662109375,967.989990234375,750.823974609375,5623.07470703125,2252.686767578125,1341.0938720703125,832.5015869140625,1568.0679931640625,381.2077941894531,433.89093017578125,4023.104736328125,2097.888916015625,3575.25439453125,734.7898559570312,16234.951171875,2790.488037109375,1222.0953369140625,315.4353332519531,226.59103393554688,6238.376953125,1440.3287353515625,257.0035705566406,1537.292236328125,2007.409423828125,958.5716552734375,25977.4765625,1776.6724853515625,1169.9007568359375,376.2187194824219,3101.067138671875,1539.3955078125,3895.118896484375,3626.22509765625,11309.162109375,251.6931915283203
2025-12-18,1011.0,1489.4228515625,533.160888671875,2735.962646484375,1228.852294921875,8708.443359375,2024.572509765625,994.1884765625,144.08111572265625,274.16558837890625,391.7814636230469,5941.54736328125,1677.0865478515625,1484.96875,370.569580078125,1846.0782470703125,486.2418518066406,6353.798828125,1271.933837890625,7032.85302734375,264.4963684082031,1602.109375,963.7599487304688,754.3115234375,5556.85791015625,2242.6884765625,1345.4571533203125,833.5499267578125,1592.3427734375,381.7798767089844,432.17388916015625,3992.107666015625,2103.845703125,3549.326904296875,739.0702514648438,16166.6376953125,2812.497802734375,1221.0064697265625,312.735107421875,225.70571899414062,6274.1240234375,1441.2222900390625,253.90298461914062,1537.292236328125,2011.6036376953125,960.2415771484375,25578.513671875,1730.097900390625,1161.6702880859375,372.64093017578125,3161.78173828125,1564.931884765625,3906.481689453125,3579.68798828125,11231.7421875,254.3051300048828
2025-12-19,1020.9000244140625,1490.1199951171875,536.9920043945312,2775.81689453125,1229.651611328125,8877.0703125,2042.0574951171875,1002.1396484375,148.80020141601562,274.86334228515625,398.0739440917969,6003.0234375,1646.2216796875,1502.99951171875,370.8581237792969,1836.7222900390625,487.62396240234375,6451.89453125,1270.1451416015625,7142.2080078125,266.93804931640625,1583.7874755859375,969.465576171875,763.7279663085938,5588.2744140625,2257.04248046875,1342.7796630859375,843.3340454101562,1603.9906005859375,382.399658203125,431.1556396484375,4034.097412109375,2110.497314453125,3566.150146484375,737.825927734375,16250.79296875,2814.73779296875,1231.796142578125,314.1097717285156,226.57156372070312,6313.3466796875,1447.87451171875,259.31671142578125,1557.8968505859375,2025.584228515625,962.94287109375,25533.630859375,1729.1070556640625,1174.0654296875,378.2063903808594,3162.938232421875,1571.6571044921875,3917.246337890625,3653.23095703125,11266.0419921875,254.88343811035156
2025-12-22,1020.7999877929688,1502.3682861328125,537.2904663085938,2783.450927734375,1232.2496337890625,9036.822265625,2048.052490234375,1001.6427001953125,147.68983459472656,280.9437255859375,398.8230285644531,5983.35107421875,1583.09375,1498.838623046875,371.4832458496094,1859.9127197265625,487.3771667480469,6484.7587890625,1275.3123779296875,7215.935546875,268.2336120605469,1610.6917724609375,971.6298217773438,759.094482421875,5509.49169921875,2266.44677734375,1357.059326171875,855.01513671875,1653.8125,383.9729309082031,429.1990051269531,4033.008056640625,2110.99365234375,3579.11376953125,735.8848266601562,16483.455078125,2811.62158203125,1244.4664306640625,314.8952941894531,227.82656860351562,6517.40380859375,1448.7679443359375,260.8423767089844,1568.1495361328125,2019.49267578125,957.0491333007812,25643.345703125,1753.7816162109375,1168.9091796875,378.4548645019531,3204.281982421875,1604.9908447265625,3920.934326171875,3696.67919921875,11301.3212890625,262.8060607910156
2025-12-23,1016.9000244140625,1487.3316650390625,544.206298828125,2783.649169921875,1224.0560302734375,8972.724609375,2045.854248046875,1005.220703125,148.056640625,280.9935607910156,401.0703430175781,5961.71142578125,1676.5870361328125,1486.751953125,385.09228515625,1771.828857421875,486.8341979980469,6449.90234375,1275.4117431640625,7227.31640625,264.5462341308594,1619.9493408203125,980.3849487304688,761.2368774414062,5552.5078125,2279.414794921875,1351.605224609375,848.5256958007812,1632.9637451171875,388.40667724609375,431.7945251464844,4019.539794921875,2098.285888671875,3587.4267578125,733.993408203125,16420.091796875,2861.679443359375,1243.7735595703125,317.3991394042969,229.10104370117188,6443.42724609375,1451.647216796875,262.81097412109375,1563.4710693359375,2021.9892578125,954.691650390625,25872.748046875,1740.0074462890625,1175.6519775390625,379.84625244140625,3189.92236328125,1591.6378173828125,3912.96044921875,3673.659423828125,11444.4013671875,261.5820007324219
2025-12-24,1015.0,1488.02880859375,545.4003295898438,2761.540771484375,1225.35498046875,9042.7392578125,2033.96435546875,1005.5188598632812,145.072509765625,277.30548095703125,397.8741760253906,5931.21923828125,1695.8651123046875,1482.3929443359375,386.9677429199219,1729.5286865234375,484.2674865722656,6469.8203125,1257.8233642578125,7236.71826171875,260.8587951660156,1614.9346923828125,980.9752197265625,752.6673583984375,5508.52490234375,2259.22021484375,1348.43212890625,846.6786499023438,1628.16748046875,387.6915588378906,431.9941711425781,4014.39013671875,2091.83251953125,3598.906005859375,731.4052734375,16536.91796875,2816.3935546875,1246.9410400390625,316.7117919921875,227.42770385742188,6307.88525390625,1436.258056640625,263.844482421875,1551.0286865234375,2022.58837890625,951.7938842773438,26077.216796875,1721.278564453125,1169.3056640625,377.3616638183594,3198.595947265625,1590.1759033203125,3896.514404296875,3652.43359375,11528.6806640625,258.3628234863281
2025-12-26,1018.0999755859375,1480.8590087890625,551.9180908203125,2722.87646484375,1227.25341796875,8938.703125,2015.8797607421875,993.8903198242188,143.63497924804688,280.5948486328125,394.9776611328125,5933.67822265625,1696.06494140625,1492.002685546875,386.775390625,1665.431640625,481.9476013183594,6401.10400390625,1261.30126953125,7248.09912109375,261.10797119140625,1601.6273193359375,975.9581909179688,745.7919311523438,5449.0751953125,2262.387939453125,1339.110595703125,848.4757080078125,1621.0220947265625,385.3554992675781,432.0940246582031,4008.15087890625,2097.193603515625,3585.447509765625,739.9163208007812,16430.982421875,2776.171875,1259.71044921875,318.2337341308594,228.1670684814453,6256.2509765625,1448.1722412109375,261.2853088378906,1552.0240478515625,2016.297119140625,949.1907348632812,26351.50390625,1703.9368896484375,1165.8350830078125,377.2125549316406,3161.0107421875,1571.462158203125,3978.94384765625,3621.442138671875,11558.0810546875,256.6664733886719
2025-12-29,1001.9000244140625,1448.2962646484375,549.380615234375,2751.527587890625,1231.050537109375,8960.890625,2010.384521484375,991.902587890625,144.794921875,278.5015869140625,389.9336853027344,5942.53076171875,1696.864013671875,1480.1142578125,385.3327331542969,1675.384521484375,483.0334777832031,6364.255859375,1260.6055908203125,7196.6376953125,262.0048828125,1572.6014404296875,975.564697265625,743.7990112304688,5380.4423828125,2270.20849609375,1332.070068359375,838.2423095703125,1609.863525390625,383.8775634765625,430.9759521484375,3999.634033203125,2067.112060546875,3554.769775390625,749.6717529296875,16377.51953125,2738.871826171875,1267.0355224609375,319.6084289550781,228.44921875,6184.75634765625,1442.413818359375,256.51141357421875,1538.4866943359375,2007.010009765625,947.962890625,26206.880859375,1701.6575927734375,1185.17138671875,373.8832092285156,3133.544677734375,1571.5596923828125,3970.6708984375,3561.75048828125,11562.98046875,254.68101501464844
2025-12-30,1007.0999755859375,1455.067626953125,547.2909545898438,2734.574951171875,1245.039794921875,9153.1845703125,2024.67236328125,983.2556762695312,144.56690979003906,281.8906555175781,389.9336853027344,5914.49755859375,1699.560791015625,1478.628173828125,382.7840576171875,1647.1181640625,489.3021545410156,6334.37890625,1257.8233642578125,7117.9619140625,266.68890380859375,1557.55810546875,974.7777709960938,740.3612670898438,5520.60791015625,2267.1396484375,1331.276611328125,840.1392211914062,1587.2528076171875,381.9705810546875,429.7979736328125,4012.805419921875,2065.424072265625,3622.260986328125,735.7354736328125,16481.4765625,2722.705322265625,1261.1953125,319.0192565917969,228.31300354003906,6139.576171875,1440.52734375,256.2653503417969,1532.71337890625,1992.7298583984375,956.2141723632812,26271.7109375,1704.6304931640625,1169.107421875,372.04461669921875,3129.01513671875,1563.9571533203125,3961.1025390625,3621.9404296875,11470.861328125,254.11236572265625
2025-12-31,1015.0999755859375,1463.631591796875,553.6096801757812,2745.678466796875,1268.4217529296875,9213.337890625,2038.160888671875,980.77099609375,144.56690979003906,286.5257263183594,393.42950439453125,5932.20263671875,1700.260009765625,1497.2535400390625,383.7458190917969,1655.1800537109375,497.1503601074219,6366.24755859375,1263.3880615234375,7236.71826171875,266.19061279296875,1565.3690185546875,975.0728759765625,747.1868896484375,5578.60791015625,2292.580810546875,1331.67333984375,862.8025512695312,1581.1842041015625,384.25897216796875,439.4613037109375,4044.000732421875,2094.314697265625,3670.652587890625,747.18310546875,16530.978515625,2718.32275390625,1274.9544677734375,323.5850830078125,233.85836791992188,6227.951171875,1471.80224609375,260.44866943359375,1563.172607421875,2032.0751953125,964.8092651367188,26506.103515625,1704.135009765625,1181.998291015625,377.26226806640625,3089.887939453125,1550.604248046875,4038.249267578125,3706.843505859375,11548.28125,253.75575256347656
2026-01-01,1025.9000244140625,1474.8841552734375,556.8934936523438,2728.3291015625,1273.41796875,9425.3544921875,2035.2633056640625,967.1546630859375,142.94097900390625,290.51287841796875,387.2868347167969,5911.05517578125,1722.0352783203125,1486.9501953125,385.140380859375,1648.013916015625,493.547119140625,6317.94677734375,1245.50146484375,7271.85009765625,265.3434753417969,1576.1693115234375,975.023681640625,747.43603515625,5646.75732421875,2299.609375,1326.8143310546875,888.760498046875,1595.2791748046875,346.9295959472656,442.7955322265625,4100.35009765625,2087.662841796875,3721.914306640625,756.98828125,16541.869140625,2754.746337890625,1281.8836669921875,330.2129211425781,231.48455810546875,6238.376953125,1458.7958984375,262.6141052246094,1568.3485107421875,2037.5675048828125,967.3140869140625,26765.427734375,1705.5223388671875,1167.0250244140625,379.4984130859375,3110.31884765625,1566.9786376953125,4036.056640625,3781.18359375,11662.9404296875,257.67852783203125
2026-01-02,1038.800048828125,1483.2489013671875,562.6151733398438,2748.751953125,1265.9237060546875,9370.6240234375,2036.662109375,984.398681640625,143.2185821533203,298.5369873046875,392.48065185546875,5886.46435546875,1779.070068359375,1497.5506591796875,411.5409240722656,1642.539794921875,515.906982421875,6366.24755859375,1248.1844482421875,7258.490234375,266.0411071777344,1581.666015625,985.3035888671875,752.1691284179688,5735.20751953125,2324.357666015625,1344.06884765625,900.9906616210938,1605.6546630859375,333.77130126953125,438.26336669921875,4123.1279296875,2090.144775390625,3762.884033203125,754.3005981445312,16791.36328125,2733.905029296875,1266.738525390625,345.7269592285156,234.90907287597656,6245.328125,1467.6322021484375,266.69903564453125,1584.9718017578125,2064.530029296875,981.2626953125,26974.884765625,1712.35986328125,1160.876953125,390.67913818359375,3132.773681640625,1571.1697998046875,4038.448486328125,3834.397705078125,11660.98046875,259.268798828125
2026-01-05,1030.5,1486.7342529296875,568.4363403320312,2791.382080078125,1284.8092041015625,9365.693359375,2037.4613037109375,972.7702026367188,145.9251251220703,299.085205078125,390.8825378417969,5927.7763671875,1770.380126953125,1505.674560546875,411.1081848144531,1634.27880859375,514.5249633789062,6337.36669921875,1242.1229248046875,7404.95654296875,262.85198974609375,1550.2293701171875,961.5957641601562,756.6033325195312,5785.95703125,2360.09423828125,1360.0341796875,898.4947509765625,1572.374755859375,333.4376220703125,437.4248046875,4110.25341796875,2068.7001953125,3750.909912109375,769.5309448242188,16984.423828125,2728.743408203125,1301.28515625,344.2541198730469,231.6304931640625,6160.4287109375,1494.2406005859375,267.3880310058594,1570.8370361328125,2072.71875,987.7457885742188,27573.328125,1713.2518310546875,1172.181396484375,386.455322265625,3099.428955078125,1556.4522705078125,4066.35693359375,3850.740478515625,11845.2197265625,253.77499389648438
2026-01-06,1019.4000244140625,1467.017333984375,560.7742309570312,2821.322265625,1292.802978515625,9526.9248046875,2042.8568115234375,971.3787231445312,146.4010009765625,295.99517822265625,384.68994140625,6029.08935546875,1803.342529296875,1516.572265625,410.7234191894531,1649.3077392578125,513.685791015625,6615.220703125,1248.2838134765625,7444.5419921875,255.82601928710938,1558.6190185546875,946.544677734375,775.0874633789062,5799.9736328125,2400.285400390625,1399.4022216796875,912.7716064453125,1578.0518798828125,326.5248107910156,428.5401611328125,4100.54833984375,2134.22509765625,3746.2587890625,775.5036010742188,17120.0625,2742.475341796875,1306.5313720703125,344.4504699707031,235.32740783691406,6205.1123046875,1494.2406005859375,264.336669921875,1500.6614990234375,2092.890625,1000.8594360351562,27598.263671875,1744.2684326171875,1200.2440185546875,384.1197814941406,3137.688720703125,1561.2281494140625,4098.35205078125,3852.634033203125,11959.8798828125,255.9918212890625
2026-01-07,1019.2000122070312,1459.1505126953125,559.2318725585938,2785.235107421875,1294.501708984375,9653.6416015625,2030.1676025390625,962.8809814453125,146.3712615966797,302.5739440917969,386.5876770019531,6083.68017578125,1784.4639892578125,1454.2568359375,415.1475524902344,1693.4990234375,514.2288208007812,6615.220703125,1234.96826171875,7503.919921875,257.6697082519531,1588.8983154296875,933.608642578125,769.6069946289062,5781.60693359375,2375.239990234375,1415.7642822265625,896.3980712890625,1604.2843017578125,325.3805847167969,428.06097412109375,4116.7900390625,2198.3603515625,3709.841064453125,770.2775268554688,16641.865234375,2799.739990234375,1301.483154296875,342.5357666015625,232.5741729736328,6467.7548828125,1503.9705810546875,259.95648193359375,1497.277099609375,2067.92529296875,989.3175048828125,27249.171875,1766.4658203125,1202.4254150390625,378.4051818847656,3176.044921875,1584.035400390625,4259.224609375,3826.823974609375,11940.279296875,261.0036926269531
2026-01-08,988.7999877929688,1459.0509033203125,544.0072631835938,2762.5322265625,1285.808349609375,9625.0439453125,2007.187255859375,966.01171875,143.73411560058594,270.876220703125,377.4985656738281,5934.66162109375,1752.0010986328125,1447.024658203125,408.9922790527344,1639.2552490234375,512.79736328125,6573.3935546875,1199.2945556640625,7472.74658203125,254.87924194335938,1587.9339599609375,931.296875,755.4574584960938,5654.974609375,2362.66796875,1423.00341796875,882.0214233398438,1579.128662109375,325.0468444824219,425.8647766113281,3989.43359375,2175.128662109375,3685.298828125,755.3457641601562,16498.306640625,2743.643798828125,1293.6630859375,338.16632080078125,225.14144897460938,6399.2392578125,1490.0706787109375,255.23179626464844,1463.831787109375,2080.008544921875,980.3294677734375,26780.390625,1744.763916015625,1187.35302734375,371.8955383300781,3087.671142578125,1537.9334716796875,4235.103515625,3788.458251953125,11822.6796875,252.71481323242188
2026-01-09,946.0999755859375,1429.8739013671875,534.3052978515625,2801.19677734375,1271.019775390625,9429.7919921875,1990.7012939453125,953.7371215820312,142.7922821044922,273.3681640625,379.1465759277344,5879.5791015625,1715.14306640625,1452.0772705078125,402.3560485839844,1673.692626953125,515.7095947265625,6589.32763671875,1202.4742431640625,7429.20263671875,254.43077087402344,1602.109375,923.72216796875,747.2367553710938,5580.54150390625,2348.7099609375,1392.56005859375,880.8233642578125,1579.91162109375,321.47125244140625,424.62689208984375,3986.2646484375,2166.4912109375,3639.084228515625,750.0201416015625,16336.927734375,2764.095703125,1285.9420166015625,329.9183654785156,227.739013671875,6371.9326171875,1473.6885986328125,253.9521942138672,1468.51025390625,2067.12646484375,982.7852172851562,26880.130859375,1714.2427978515625,1166.033447265625,362.55340576171875,3091.43017578125,1542.12451171875,4188.0576171875,3746.106201171875,11698.220703125,252.473876953125
2026-01-12,942.2000122070312,1437.4420166015625,536.046630859375,2871.48681640625,1273.218017578125,9359.2841796875,1997.19580078125,946.084228515625,142.50477600097656,267.03857421875,371.35589599609375,5846.13623046875,1708.850341796875,1451.5819091796875,415.772705078125,1689.11962890625,517.2891235351562,6458.86572265625,1207.84033203125,7358.93798828125,252.0389404296875,1608.088134765625,921.7055053710938,751.9699096679688,5535.59130859375,2381.9716796875,1401.286376953125,903.98583984375,1562.09716796875,322.6631164550781,425.9246826171875,3980.124755859375,2172.646484375,3643.7353515625,752.7576293945312,16417.12109375,2758.252197265625,1299.107421875,331.34210205078125,229.3150634765625,6281.0751953125,1490.0706787109375,254.49354553222656,1476.373779296875,2095.087646484375,997.1758422851562,27094.572265625,1720.2874755859375,1182.2958984375,368.31768798828125,3122.076416015625,1545.92578125,4217.76025390625,3741.7216796875,11856.0,253.58224487304688
2026-01-13,936.7000122070312,1422.6044921875,535.0018310546875,2861.473876953125,1261.0274658203125,9421.41015625,2009.4852294921875,943.2019653320312,142.137939453125,264.6961364746094,376.84930419921875,5821.0537109375,1699.161376953125,1434.839111328125,412.5027160644531,1700.466064453125,515.3640747070312,6410.06689453125,1183.7928466796875,7327.27001953125,248.45120239257812,1605.580810546875,922.0989990234375,745.8417358398438,5543.32470703125,2365.439697265625,1424.9866943359375,909.0775756835938,1565.1314697265625,319.13519287109375,425.7848815917969,3849.797607421875,2163.314208984375,3623.4482421875,752.6083374023438,16262.6728515625,2798.668701171875,1305.343505859375,331.7839660644531,237.16612243652344,6312.8505859375,1488.1842041015625,254.7396240234375,1446.11376953125,2079.509033203125,1010.2402954101562,27084.599609375,1713.053466796875,1179.420166015625,366.1809387207031,3149.446044921875,1573.89892578125,4225.33544921875,3742.3193359375,11803.080078125,254.64247131347656
2026-01-14,935.2999877929688,1423.9986572265625,546.8432006835938,2789.696533203125,1297.7991943359375,9446.5556640625,1999.194091796875,940.1705932617188,144.07119750976562,266.5900573730469,378.54730224609375,5809.7421875,1687.5745849609375,1421.167236328125,415.67657470703125,1673.692626953125,507.1703796386719,6329.3994140625,1179.0230712890625,7281.74658203125,246.00955200195312,1608.9559326171875,910.3926391601562,740.560546875,5487.25830078125,2329.80224609375,1406.5421142578125,942.97265625,1565.91455078125,319.182861328125,420.2744140625,3828.40673828125,2180.092529296875,3611.572998046875,746.3867797851562,15991.3974609375,2715.985595703125,1293.861083984375,342.78125,241.49537658691406,6229.93701171875,1484.6099853515625,254.2967071533203,1452.086181640625,2065.92822265625,1010.14208984375,27478.57421875,1685.3070068359375,1161.5711669921875,365.13739013671875,3076.684814453125,1548.2650146484375,4207.693359375,3677.5458984375,12009.859375,250.78717041015625
2026-01-15,935.2999877929688,1423.9986572265625,546.8432006835938,2789.696533203125,1297.7991943359375,9446.5556640625,1999.194091796875,940.1705932617188,144.07119750976562,266.5900573730469,378.54730224609375,5809.7421875,1687.5745849609375,1421.167236328125,415.67657470703125,1673.692626953125,507.1703796386719,6329.3994140625,1179.0230712890625,7281.74658203125,246.00955200195312,1608.9559326171875,910.3926391601562,740.560546875,5487.25830078125,2329.80224609375,1406.5421142578125,942.97265625,1565.91455078125,319.182861328125,420.2744140625,3828.40673828125,2180.092529296875,3611.572998046875,746.3867797851562,15991.3974609375,2715.985595703125,1293.861083984375,342.78125,241.49537658691406,6229.93701171875,1484.6099853515625,254.2967071533203,1452.086181640625,2065.92822265625,1010.14208984375,27478.57421875,1685.3070068359375,1161.5711669921875,365.13739013671875,3076.684814453125,1548.2650146484375,4207.693359375,3677.5458984375,12009.859375,250.78717041015625
2026-01-16,930.0999755859375,1415.9326171875,551.0225219726562,2733.186767578125,1293.20263671875,9357.3115234375,2000.792724609375,944.4442749023438,143.59530639648438,264.546630859375,377.19891357421875,5801.87353515625,1697.263427734375,1384.51123046875,414.5224609375,1724.154296875,507.9601135253906,6210.39013671875,1168.0924072265625,7239.1923828125,269.3298645019531,1649.264892578125,915.95068359375,729.9483642578125,5463.091796875,2336.6328125,1399.0057373046875,952.3075561523438,1654.00830078125,313.8909606933594,417.479248046875,3819.097412109375,2162.22216796875,3620.1826171875,756.689697265625,15701.310546875,2811.134521484375,1302.572021484375,340.0810241699219,240.46414184570312,6358.03076171875,1466.0435791015625,253.26315307617188,1451.1903076171875,2078.111083984375,1023.8451538085938,27767.822265625,1653.794921875,1179.1226806640625,363.84539794921875,3146.54931640625,1628.18798828125,4183.173828125,3655.024658203125,12130.3984375,257.77490234375
2026-01-19,914.0,1397.1119384765625,549.430419921875,2730.311767578125,1306.492431640625,9298.6376953125,2016.0797119140625,963.5269775390625,141.41421508789062,262.2540283203125,375.6007995605469,5846.13623046875,1698.462158203125,1379.3594970703125,413.7049255371094,1719.8743896484375,506.18316650390625,6114.78466796875,1159.8446044921875,7247.60400390625,278.7477111816406,1667.525390625,912.8027954101562,734.1832275390625,5570.3916015625,2389.593994140625,1369.05810546875,948.2640991210938,1645.59033203125,317.7049255371094,426.16424560546875,3832.367919921875,2161.427978515625,3619.390869140625,757.1375732421875,16015.1591796875,2814.348388671875,1302.27490234375,337.1353454589844,236.51431274414062,6392.78515625,1464.256591796875,253.60768127441406,1407.0941162109375,2070.8212890625,1020.0142211914062,27438.677734375,1660.2359619140625,1170.2972412109375,360.9632873535156,3104.258056640625,1674.77734375,4130.54638671875,3689.005859375,12051.01953125,237.0526580810547
2026-01-20,883.2000122070312,1361.8604736328125,533.658447265625,2652.586181640625,1292.503173828125,9052.599609375,1957.030029296875,927.4984741210938,138.19215393066406,249.3456573486328,366.41180419921875,5787.61083984375,1648.0196533203125,1365.5887451171875,399.4226379394531,1685.735595703125,498.63116455078125,5988.30615234375,1159.3477783203125,7099.15869140625,272.31964111328125,1638.8720703125,916.049072265625,729.4999389648438,5394.458984375,2355.14453125,1364.29833984375,903.6863403320312,1623.7628173828125,311.12579345703125,423.069580078125,3773.6416015625,2152.69140625,3520.529052734375,746.1378784179688,15721.1123046875,2742.18310546875,1282.576416015625,332.61859130859375,233.86810302734375,6297.95556640625,1424.9395751953125,250.0641632080078,1387.5843505859375,2046.2554931640625,1018.0496215820312,27154.41796875,1599.193603515625,1175.0570068359375,350.7763977050781,3044.10791015625,1635.9853515625,4062.1708984375,3603.10595703125,11817.7802734375,231.2215118408203
2026-01-21,878.7000122070312,1372.8143310546875,535.9968872070312,2638.2109375,1283.9097900390625,9051.6142578125,1958.22900390625,930.5298461914062,136.7942657470703,251.53858947753906,364.4142150878906,5707.44580078125,1625.94482421875,1356.8704833984375,398.2204284667969,1661.350830078125,509.5889892578125,5985.318359375,1149.9075927734375,7066.005859375,275.15997314453125,1634.209716796875,905.3755493164062,721.7774658203125,5353.859375,2344.15625,1337.7222900390625,905.68310546875,1619.358154296875,309.64788818359375,420.8733825683594,3730.067138671875,2125.2900390625,3516.372802734375,744.5452270507812,15613.1962890625,2725.821533203125,1270.2030029296875,332.56951904296875,235.79437255859375,6198.162109375,1411.635498046875,251.78671264648438,1398.1356201171875,2052.546630859375,1010.4368286132812,27299.041015625,1598.3017578125,1153.8365478515625,347.1985778808594,3064.027099609375,1643.9776611328125,4065.858642578125,3589.453857421875,11986.33984375,230.88418579101562
2026-01-22,904.2999877929688,1408.264892578125,543.90771484375,2680.543701171875,1293.80224609375,9239.962890625,1991.400634765625,937.0894775390625,141.23577880859375,250.7411651611328,372.5544738769531,5834.82470703125,1662.1036376953125,1357.6630859375,407.0206298828125,1679.763916015625,518.6217651367188,6046.06787109375,1209.82763671875,6975.94873046875,281.23919677734375,1654.218505859375,903.75244140625,722.5247802734375,5305.52587890625,2366.52880859375,1334.2515869140625,900.9906616210938,1628.265380859375,309.7432556152344,425.26580810546875,3757.10302734375,2147.6279296875,3536.560791015625,748.327880859375,15608.24609375,2736.7294921875,1292.772216796875,336.25164794921875,237.38987731933594,6276.1103515625,1442.413818359375,255.18258666992188,1396.0452880859375,2019.193115234375,1029.7879638671875,27358.88671875,1619.408935546875,1165.3392333984375,351.12420654296875,3091.305419921875,1644.6600341796875,4005.45703125,3557.6650390625,12116.6787109375,231.9443817138672
2026-01-23,772.7999877929688,1302.908935546875,516.0455932617188,2680.4443359375,1257.030517578125,9282.859375,1947.3382568359375,922.18115234375,148.04673767089844,241.7202606201172,365.7626037597656,5739.41357421875,1641.3272705078125,1302.7779541015625,402.4041442871094,1628.705078125,512.3531494140625,5986.81201171875,1227.8135986328125,6900.736328125,277.6015930175781,1658.006591796875,901.1947021484375,709.5709838867188,5204.509765625,2385.238525390625,1332.169189453125,891.0068359375,1635.4107666015625,308.36065673828125,422.0713195800781,3707.586669921875,2121.815185546875,3506.57568359375,737.5770874023438,15315.1884765625,2680.925537109375,1280.69580078125,330.605712890625,238.81027221679688,6111.7724609375,1437.548828125,250.16258239746094,1379.720703125,1999.8199462890625,1011.271728515625,26930.0,1617.1297607421875,1143.8214111328125,343.1238098144531,3103.178466796875,1658.012939453125,4008.646484375,3537.435791015625,12121.5791015625,229.77577209472656
2026-01-27,799.0999755859375,1358.176025390625,529.62841796875,2600.240478515625,1314.7860107421875,9360.2705078125,1916.06494140625,909.1115112304688,147.73939514160156,246.90353393554688,364.813720703125,5789.578125,1637.831298828125,1300.7965087890625,406.7320861816406,1656.473876953125,506.8248596191406,6031.12939453125,1231.9871826171875,7090.251953125,283.9798278808594,1670.8277587890625,911.3272094726562,717.4927368164062,5200.64306640625,2376.724853515625,1350.0186767578125,893.3031005859375,1647.05859375,303.83154296875,407.9956359863281,3751.1611328125,2135.01953125,3358.2333984375,742.4049682617188,15093.416015625,2732.833740234375,1290.0994873046875,338.4609069824219,241.2229766845703,6194.4853515625,1436.853759765625,250.3594512939453,1374.146484375,2035.3704833984375,1034.5030517578125,27149.4296875,1624.06640625,1177.4368896484375,345.6083984375,3098.762939453125,1700.8984375,3983.927490234375,3555.572265625,12337.177734375,232.148681640625
2026-01-28,822.9000244140625,1376.1004638671875,531.320068359375,2490.195068359375,1318.782958984375,9302.58203125,1938.645751953125,929.4365844726562,152.03219604492188,258.8150939941406,370.05743408203125,5654.33056640625,1634.9346923828125,1316.053466796875,427.0735168457031,1686.2332763671875,509.1447448730469,6162.58740234375,1214.796142578125,6997.720703125,283.4815368652344,1679.9578857421875,917.524658203125,726.0123901367188,5328.72607421875,2354.451416015625,1356.2659912109375,900.2418823242188,1631.2017822265625,306.2153015136719,411.6892395019531,3757.301025390625,2114.170654296875,3413.3544921875,733.296630859375,14729.0751953125,2759.713134765625,1279.3099365234375,341.750244140625,261.29327392578125,6191.49560546875,1450.2572021484375,255.7239532470703,1390.2718505859375,2050.349609375,1044.6697998046875,27408.755859375,1596.0224609375,1122.303466796875,352.8634338378906,3140.073486328125,1718.2476806640625,3962.19873046875,3715.413330078125,12511.6171875,234.66989135742188
2026-01-29,858.7999877929688,1411.849853515625,533.40966796875,2395.218994140625,1362.6490478515625,9379.9921875,1946.4390869140625,929.4365844726562,150.6838836669922,259.6623840332031,364.8636474609375,5629.24853515625,1647.0208740234375,1308.6231689453125,438.3262023925781,1670.208984375,503.9126281738281,6016.19091796875,1201.2818603515625,6983.37109375,286.6208190917969,1672.1875,920.2791137695312,724.5177001953125,5393.9755859375,2328.911376953125,1372.0330810546875,896.947265625,1624.35009765625,303.7839050292969,411.6892395019531,3894.857421875,2116.751953125,3349.22802734375,726.6271362304688,14357.8037109375,2700.4033203125,1274.8555908203125,351.6674499511719,267.9185485839844,6048.99072265625,1419.379638671875,256.4129638671875,1384.59814453125,1993.52880859375,1047.3218994140625,26984.857421875,1574.9154052734375,1097.9097900390625,364.1932678222656,3085.41796875,1723.6082763671875,3926.81494140625,3642.269287109375,12462.6181640625,237.09222412109375
2026-01-30,852.2999877929688,1413.8414306640625,507.63726806640625,2407.413330078125,1369.343994140625,9464.3056640625,1950.9351806640625,924.1688842773438,153.32101440429688,261.8553161621094,366.3618469238281,5764.49609375,1629.740478515625,1311.6943359375,423.8996887207031,1649.956298828125,500.1119384765625,6026.14990234375,1210.423828125,7048.68701171875,286.7702941894531,1646.9337158203125,914.1307983398438,728.4038696289062,5349.50927734375,2349.10595703125,1343.672119140625,894.6509399414062,1606.241943359375,307.1687927246094,407.29681396484375,3894.263427734375,2137.302978515625,3396.135498046875,726.477783203125,14453.83984375,2686.963623046875,1318.90478515625,349.5563659667969,261.6629638671875,6014.11181640625,1420.868896484375,252.47572326660156,1388.9779052734375,1995.7257080078125,1058.078125,26915.0390625,1580.8609619140625,1124.3858642578125,364.0441589355469,3065.302734375,1698.9490966796875,3964.3916015625,3664.591064453125,12440.078125,234.22496032714844
2026-02-02,843.9500122070312,1397.2115478515625,507.98553466796875,2381.339599609375,1310.4893798828125,9364.7080078125,1928.454345703125,898.1787109375,147.28334045410156,257.41961669921875,369.7078552246094,5792.037109375,1592.4830322265625,1299.4095458984375,407.30914306640625,1664.3226318359375,492.6092834472656,5928.0546875,1175.0482177734375,6913.10693359375,280.34222412109375,1628.67333984375,912.9994506835938,714.9517822265625,5435.5419921875,2333.56396484375,1341.4906005859375,908.778076171875,1594.8875732421875,300.06524658203125,407.4964904785156,3883.369873046875,2114.0712890625,3427.208984375,719.1115112304688,14240.9775390625,2689.30078125,1295.0489501953125,344.0086364746094,247.06021118164062,6061.447265625,1401.905517578125,266.15765380859375,1384.0009765625,1998.22216796875,1010.4859008789062,26730.51953125,1613.166015625,1115.9571533203125,356.5903625488281,3110.1455078125,1680.3328857421875,3940.270751953125,3633.101318359375,12284.2587890625,239.56399536132812
2026-02-03,932.0999755859375,1524.3756103515625,525.6481323242188,2405.133056640625,1355.15478515625,9462.333984375,2010.9840087890625,958.5078735351562,153.6680145263672,267.03857421875,371.85528564453125,5785.6435546875,1692.468994140625,1310.5054931640625,412.98358154296875,1708.1207275390625,494.0900573730469,6183.5009765625,1227.6148681640625,7140.228515625,284.5279541015625,1646.6424560546875,933.2643432617188,717.5924072265625,5570.87451171875,2344.750244140625,1378.08203125,920.908447265625,1620.9241943359375,301.924560546875,415.0833740234375,3999.733154296875,2170.16455078125,3491.236572265625,729.513916015625,14635.01953125,2745.689208984375,1294.751953125,352.0602111816406,250.02745056152344,6256.76904296875,1417.592529296875,278.7568359375,1430.4859619140625,1999.3206787109375,1045.3572998046875,26949.94921875,1686.6943359375,1145.7054443359375,362.8515625,3164.80078125,1673.0228271484375,4055.29345703125,3713.32080078125,12338.158203125,239.94960021972656
2026-02-04,954.4500122070312,1561.3199462890625,534.3052978515625,2431.603271484375,1337.6683349609375,9505.23046875,2017.8780517578125,957.41455078125,155.98789978027344,271.8231506347656,368.1097717285156,5782.69287109375,1737.517578125,1314.369140625,418.2733154296875,1610.14892578125,494.7810974121094,6029.6357421875,1232.384521484375,7202.08056640625,286.4214782714844,1575.251953125,937.5927124023438,719.93408203125,5656.42431640625,2347.1259765625,1396.625732421875,919.8101806640625,1503.2701416015625,305.5264587402344,411.63934326171875,4047.566162109375,2179.397705078125,3536.857666015625,730.0614624023438,14921.146484375,2617.914794921875,1290.00048828125,360.60272216796875,259.70751953125,5965.28125,1449.8602294921875,284.85955810546875,1450.095458984375,2038.86572265625,1049.2864990234375,27279.09375,1688.9735107421875,1143.3255615234375,369.2618408203125,2942.84375,1603.6263427734375,4130.44677734375,3714.4169921875,12549.837890625,230.70516967773438
2026-02-05,967.1500244140625,1563.6102294921875,530.4244384765625,2411.1806640625,1329.5745849609375,9513.119140625,1998.394775390625,958.855712890625,156.44395446777344,268.0353698730469,367.36065673828125,5774.33203125,1721.6239013671875,1320.907958984375,415.33990478515625,1596.081787109375,497.84136962890625,6116.2783203125,1237.0550537109375,7134.78564453125,286.6208190917969,1563.7906494140625,934.248046875,718.1404418945312,5573.77490234375,2330.693115234375,1384.8251953125,912.92138671875,1488.00048828125,301.9732666015625,408.0455322265625,4023.996337890625,2202.530029296875,3534.87841796875,744.8936157226562,14909.265625,2579.54345703125,1290.297607421875,360.3572692871094,261.896484375,5959.80029296875,1459.0936279296875,284.8103332519531,1436.757080078125,2014.9989013671875,1054.49267578125,27154.41796875,1698.1494140625,1146.2012939453125,362.2552490234375,2935.38623046875,1604.50341796875,4084.19873046875,3699.76806640625,12517.498046875,230.75460815429688
2026-02-06,971.8499755859375,1544.1920166015625,526.8422241210938,2380.447265625,1340.5660400390625,9386.40234375,2022.47412109375,975.7021484375,157.67327880859375,265.7427673339844,364.9635314941406,5814.16845703125,1741.5159912109375,1317.6385498046875,416.25360107421875,1542.40673828125,501.7901611328125,5999.7587890625,1233.3782958984375,7103.1171875,285.8235168457031,1547.95849609375,925.7879638671875,701.0015258789062,5561.69140625,2399.790283203125,1394.344970703125,902.1387939453125,1475.177978515625,317.1595153808594,421.6221008300781,4028.749755859375,2158.052490234375,3540.816162109375,749.3233642578125,14847.8818359375,2542.3408203125,1297.06494140625,361.1487121582031,261.65325927734375,5831.7451171875,1478.4542236328125,288.156982421875,1444.123046875,1993.9281005859375,1047.5184326171875,27259.14453125,1690.6690673828125,1149.57275390625,363.69635009765625,2886.422119140625,1578.86962890625,4127.45654296875,3745.40869140625,12467.517578125,228.11476135253906
2026-02-09,982.6500244140625,1555.1458740234375,539.7781982421875,2396.60693359375,1340.3663330078125,9456.91015625,2022.873779296875,977.143310546875,160.67726135253906,273.7668762207031,373.5033264160156,5747.28271484375,1769.5048828125,1330.0223388671875,415.1956787109375,1545.6990966796875,507.81207275390625,6088.3935546875,1267.462158203125,7120.9306640625,285.67401123046875,1556.0201416015625,922.0006103515625,705.3859252929688,5564.59130859375,2410.481689453125,1384.626953125,926.3995361328125,1465.4876708984375,314.23907470703125,428.06097412109375,4073.809814453125,2180.986328125,3572.087890625,751.4137573242188,14829.0712890625,2546.82080078125,1289.4017333984375,358.0323791503906,259.36700439453125,5854.66552734375,1477.5606689453125,288.40582275390625,1454.873291015625,2021.1903076171875,1125.708984375,27074.625,1700.1441650390625,1157.4063720703125,366.4294128417969,2892.8984375,1580.6240234375,4243.87451171875,3751.587158203125,12786.9970703125,227.4819793701172
2026-02-10,978.2999877929688,1548.17529296875,535.8475952148438,2373.011962890625,1355.6544189453125,9638.3564453125,2026.1710205078125,959.7005004882812,165.25755310058594,275.21221923828125,370.6067810058594,5777.28271484375,1725.522216796875,1329.6260986328125,414.4743347167969,1547.3951416015625,513.044189453125,6150.138671875,1248.0850830078125,7220.38916015625,281.28900146484375,1527.94970703125,917.2295532226562,701.449951171875,5561.69140625,2428.89453125,1394.7415771484375,926.0999755859375,1466.0750732421875,312.876220703125,428.5600891113281,4128.673828125,2188.233642578125,3637.599853515625,761.3682250976562,14995.400390625,2545.846923828125,1302.339599609375,362.97894287109375,264.76641845703125,5852.17431640625,1468.3272705078125,292.9844970703125,1451.7874755859375,2015.498291015625,1123.8426513671875,26456.232421875,1703.3359375,1142.5322265625,367.6717224121094,2928.61572265625,1602.9439697265625,4255.1376953125,3749.294921875,12762.4970703125,228.85629272460938
2026-02-11,994.75,1546.8807373046875,538.5841064453125,2371.921142578125,1346.2618408203125,9732.53125,2025.2718505859375,963.0300903320312,166.81405639648438,259.8118896484375,374.7518310546875,5920.3994140625,1722.323486328125,1337.3536376953125,407.0687255859375,1516.8663330078125,515.6602172851562,6360.27197265625,1262.2950439453125,7690.46630859375,289.51092529296875,1507.0667724609375,912.0157470703125,698.6100463867188,5600.1259765625,2438.1005859375,1394.344970703125,923.5042114257812,1440.7236328125,309.80975341796875,428.8096618652344,4130.06005859375,2193.19775390625,3636.708984375,766.8930053710938,15258.755859375,2520.623046875,1299.055419921875,364.51239013671875,267.14996337890625,5704.18798828125,1469.5185546875,293.08404541015625,1461.9405517578125,2023.4871826171875,1161.9556884765625,26735.505859375,1706.627197265625,1142.928955078125,373.3365783691406,2855.21875,1593.00244140625,4235.203125,3851.637451171875,12709.5771484375,227.21502685546875
2026-02-12,997.6500244140625,1537.221435546875,530.2254028320312,2389.766357421875,1338.9674072265625,9703.4404296875,2035.3631591796875,992.995849609375,168.0830535888672,259.7620544433594,374.60198974609375,6002.03955078125,1731.1201171875,1317.6385498046875,403.1254577636719,1418.1961669921875,512.8960571289062,6159.599609375,1266.865966796875,7860.68408203125,286.12249755859375,1433.7337646484375,905.6215209960938,700.2044067382812,5649.89404296875,2385.436279296875,1418.045166015625,921.2079467773438,1356.64306640625,309.0309753417969,425.515380859375,4145.41015625,2195.183349609375,3555.75927734375,767.1419067382812,15173.6103515625,2399.665771484375,1299.25439453125,364.31451416015625,268.8525085449219,5433.12939453125,1486.6949462890625,292.53656005859375,1442.231689453125,2019.29296875,1171.2874755859375,26271.7109375,1710.4173583984375,1139.6566162109375,378.2063903808594,2698.514404296875,1497.6795654296875,4261.8154296875,3867.681396484375,12768.376953125,216.606201171875
2026-02-13,950.5,1512.6251220703125,516.8914794921875,2346.045654296875,1331.2733154296875,9624.55078125,2021.4749755859375,1018.4891357421875,164.01829528808594,254.9276580810547,377.4985656738281,5882.5302734375,1708.7288818359375,1319.1246337890625,393.3154296875,1358.6348876953125,505.88702392578125,6143.16748046875,1260.1087646484375,7981.41943359375,287.3183898925781,1413.43359375,889.1932373046875,694.3253173828125,5503.0537109375,2281.988525390625,1402.77392578125,924.552490234375,1340.1009521484375,305.4291076660156,419.9250183105469,4133.5263671875,2183.46826171875,3496.679443359375,756.689697265625,15085.49609375,2394.2119140625,1276.4639892578125,359.1206359863281,260.1452941894531,5460.0361328125,1468.724365234375,285.86767578125,1413.0665283203125,2031.3760986328125,1177.377685546875,26062.255859375,1693.062744140625,1122.7000732421875,371.796142578125,2641.700439453125,1495.5352783203125,4165.53173828125,3851.13916015625,12703.697265625,211.6725311279297
2026-02-16,991.25,1533.6365966796875,522.1156005859375,2376.580810546875,1357.2532958984375,9562.91796875,2049.1513671875,1006.5624389648438,166.4868927001953,261.65594482421875,379.89569091796875,6005.97412109375,1714.1268310546875,1343.793212890625,406.347412109375,1389.2635498046875,507.6639709472656,6124.24560546875,1261.400634765625,7927.484375,288.0160217285156,1419.84423828125,910.7368774414062,701.400146484375,5412.3876953125,2295.649658203125,1399.7989501953125,930.39306640625,1336.6751708984375,309.5177307128906,424.8664855957031,4160.859375,2205.50830078125,3473.225830078125,769.3318481445312,14901.3447265625,2397.231201171875,1283.629638671875,365.1554260253906,264.1827087402344,5562.6796875,1476.667236328125,299.10595703125,1430.4859619140625,2039.5648193359375,1186.70947265625,26246.77734375,1696.054931640625,1129.641357421875,379.74688720703125,2655.830322265625,1474.3848876953125,4167.42529296875,3794.13818359375,12721.3369140625,210.85189819335938
2026-02-17,1016.7999877929688,1559.7266845703125,519.4288940429688,2416.434814453125,1356.154052734375,9690.1279296875,2042.656982421875,1007.9539184570312,166.9825897216797,261.9549865722656,378.8968811035156,6044.8271484375,1731.419921875,1331.409423828125,405.4337158203125,1375.595458984375,510.1813049316406,6162.08935546875,1276.70361328125,7951.73046875,287.8665466308594,1440.0472412109375,910.6385498046875,703.2933349609375,5496.1552734375,2289.01708984375,1395.7332763671875,942.2738037109375,1361.73291015625,316.8188171386719,423.7184753417969,4238.40185546875,2231.3212890625,3452.93896484375,771.0738525390625,15028.072265625,2400.83447265625,1279.151123046875,364.462890625,264.4745788574219,5608.5205078125,1484.8084716796875,299.35479736328125,1416.450927734375,2036.6688232421875,1191.9156494140625,26301.634765625,1712.611572265625,1138.86328125,376.06964111328125,2666.427490234375,1485.203857421875,4222.54443359375,3864.293212890625,12724.27734375,213.2544708251953
2026-02-18,1000.0999755859375,1544.291748046875,520.4239501953125,2411.1806640625,1375.9388427734375,9841.498046875,2058.84326171875,1017.544921875,170.26416015625,260.75885009765625,378.49737548828125,6074.82763671875,1716.325927734375,1337.2545166015625,407.3339538574219,1369.609375,504.06072998046875,6257.6953125,1272.23193359375,7926.49462890625,289.8597412109375,1425.0892333984375,909.6548461914062,727.0087890625,5510.93798828125,2300.1044921875,1396.4273681640625,943.1224365234375,1344.603515625,323.6331787109375,425.6152038574219,4284.05615234375,2210.6708984375,3493.809814453125,792.3267211914062,15013.2216796875,2372.2021484375,1294.676513671875,364.462890625,263.47882080078125,5501.890625,1478.8514404296875,299.15570068359375,1434.666748046875,2056.740966796875,1197.3182373046875,26565.947265625,1719.8924560546875,1159.8853759765625,377.26226806640625,2644.349609375,1466.68505859375,4234.70458984375,3871.667236328125,12790.9169921875,209.55670166015625
2026-02-19,976.5,1506.9490966796875,509.62744140625,2380.14990234375,1355.5545654296875,9593.9814453125,2031.4664306640625,1010.836181640625,168.01365661621094,252.9839324951172,382.19293212890625,6008.43310546875,1675.9417724609375,1316.548828125,405.5311584472656,1357.8367919921875,495.225341796875,6271.6376953125,1274.2193603515625,7815.16064453125,287.3183898925781,1408.7713623046875,900.702880859375,730.5462646484375,5336.0107421875,2256.349365234375,1377.189697265625,925.8504028320312,1341.471435546875,317.3542175292969,415.6823425292969,4239.09521484375,2212.656494140625,3396.135498046875,776.5986328125,14754.81640625,2314.645263671875,1272.383544921875,359.3184814453125,273.4862060546875,5247.7734375,1454.4273681640625,293.2830810546875,1403.0130615234375,2040.1639404296875,1184.3519287109375,26147.03515625,1708.9212646484375,1150.7625732421875,367.02569580078125,2627.66845703125,1441.8309326171875,4184.4697265625,3816.759521484375,12434.1982421875,208.82505798339844
2026-02-20,968.25,1505.1566162109375,509.4781494140625,2407.215087890625,1367.24560546875,9670.8984375,2056.744873046875,1023.90576171875,169.87750244140625,256.47265625,383.49139404296875,5998.59716796875,1668.9444580078125,1328.6353759765625,412.7423400878906,1337.484130859375,503.1722412109375,6265.16455078125,1272.331298828125,7854.25146484375,291.6037902832031,1395.2703857421875,897.0138549804688,726.062255859375,5385.77880859375,2291.195068359375,1382.8419189453125,924.552490234375,1324.5377197265625,318.32769775390625,420.6238098144531,4338.22705078125,2203.42333984375,3377.3330078125,784.6119995117188,14828.0810546875,2311.821044921875,1287.6104736328125,368.96429443359375,277.4692687988281,5074.37548828125,1454.4273681640625,297.56317138671875,1412.8675537109375,2077.112548828125,1194.5677490234375,26441.271484375,1719.8924560546875,1146.4986572265625,375.672119140625,2635.81298828125,1419.998291015625,4222.54443359375,3802.90771484375,12510.6376953125,207.4903106689453
2026-02-23,970.3499755859375,1549.270751953125,512.7619018554688,2408.80126953125,1385.63134765625,9768.03125,2049.850830078125,1024.700927734375,172.15773010253906,257.41961669921875,387.2369079589844,6022.2041015625,1689.1365966796875,1314.1710205078125,415.12982177734375,1286.0040283203125,507.7626647949219,6267.654296875,1299.1611328125,7955.1943359375,295.1915283203125,1385.265869140625,908.5726928710938,739.813232421875,5408.93798828125,2321.78369140625,1387.7010498046875,918.2626953125,1299.3822021484375,316.7701416015625,429.95770263671875,4375.3642578125,2225.26513671875,3411.276611328125,797.8016357421875,14922.13671875,2249.491943359375,1308.8084716796875,371.4375915527344,274.48199462890625,4960.27197265625,1470.4122314453125,301.9427490234375,1421.4278564453125,2106.671630859375,1206.0606689453125,26481.16796875,1727.7718505859375,1161.9678955078125,376.9144287109375,2626.0986328125,1404.403564453125,4258.72607421875,3815.762939453125,12716.4365234375,203.56512451171875
2026-02-24,981.3499755859375,1548.8724365234375,511.9658508300781,2392.34423828125,1386.5306396484375,9692.5927734375,2041.5579833984375,1017.2964477539062,178.99844360351562,260.95819091796875,390.28326416015625,6061.548828125,1734.418701171875,1314.369140625,419.9535217285156,1209.382568359375,511.415283203125,6229.81005859375,1292.0064697265625,7846.8291015625,294.64337158203125,1300.762939453125,895.6858520507812,732.1405639648438,5431.11181640625,2334.85107421875,1373.2230224609375,929.8938598632812,1248.4835205078125,314.9205322265625,426.962890625,4218.00146484375,2234.001708984375,3397.52099609375,806.6611328125,14777.587890625,2164.958251953125,1313.68505859375,378.6595458984375,275.3283996582031,4645.86376953125,1469.915771484375,303.385986328125,1422.2242431640625,2080.008544921875,1201.640380859375,26456.232421875,1727.273193359375,1168.1158447265625,377.4113464355469,2525.423095703125,1311.322509765625,4280.45458984375,3802.90771484375,12700.7568359375,197.8800506591797
2026-02-25,964.1500244140625,1522.2843017578125,508.58258056640625,2395.615478515625,1401.9188232421875,9956.8740234375,2047.5528564453125,1014.8117065429688,181.3084259033203,261.10772705078125,395.3771667480469,6057.12255859375,1753.8111572265625,1333.5888671875,427.4083251953125,1210.0809326171875,512.0076293945312,6369.2353515625,1298.266845703125,7925.01025390625,298.0816345214844,1338.6436767578125,892.8330078125,732.6387939453125,5654.32861328125,2350.98681640625,1388.791748046875,935.834228515625,1262.7742919921875,311.2699890136719,424.2176208496094,4256.9208984375,2275.699462890625,3455.01708984375,802.6793212890625,14920.15625,2198.655029296875,1317.06884765625,380.78656005859375,276.2743835449219,4714.625,1486.8934326171875,305.82464599609375,1392.063720703125,2070.721435546875,1178.85107421875,26795.3515625,1759.58837890625,1162.463623046875,378.902099609375,2579.980224609375,1327.30712890625,4310.85498046875,3918.304443359375,12780.13671875,199.63995361328125
2026-02-26,965.9500122070312,1544.092529296875,509.62744140625,2374.300537109375,1394.424560546875,9969.693359375,2039.5596923828125,1006.76123046875,184.50076293945312,263.9984130859375,394.37835693359375,6036.46630859375,1747.4136962890625,1345.477294921875,422.4384460449219,1197.6099853515625,517.7333374023438,6447.41259765625,1310.9862060546875,8105.1240234375,298.48028564453125,1334.0784912109375,883.9794311523438,731.3931884765625,5703.111328125,2359.30224609375,1393.155029296875,963.0401611328125,1261.7955322265625,309.8584289550781,423.81829833984375,4245.037109375,2306.476318359375,3448.386962890625,802.0820922851562,15061.734375,2202.453125,1311.694580078125,377.8186340332031,278.91314697265625,4764.9501953125,1506.0555419921875,301.84320068359375,1400.3255615234375,2079.90869140625,1188.084716796875,26675.662109375,1781.0322265625,1149.77099609375,378.0573425292969,2598.03515625,1327.30712890625,4328.3974609375,3940.427001953125,12678.216796875,198.8094482421875
2026-02-27,947.3499755859375,1514.61669921875,497.9352722167969,2355.761474609375,1382.83349609375,9834.1015625,1991.700439453125,989.8154296875,180.41615295410156,264.09808349609375,389.3343811035156,5904.16943359375,1730.1204833984375,1335.6693115234375,419.6611633300781,1183.0439453125,511.8595275878906,6382.181640625,1278.1942138671875,7927.484375,298.8291015625,1349.230712890625,873.3060302734375,712.7595825195312,5627.2275390625,2314.557373046875,1367.3724365234375,955.202880859375,1272.5625,305.2830810546875,414.48443603515625,4236.91650390625,2285.32958984375,3362.0927734375,785.0599365234375,14709.2744140625,2236.539306640625,1285.5203857421875,377.8186340332031,278.51483154296875,4716.6181640625,1481.33349609375,297.2645263671875,1387.48486328125,2034.3719482421875,1180.4227294921875,26007.3984375,1732.4595947265625,1131.42626953125,375.2248840332031,2587.92822265625,1323.408447265625,4313.3466796875,3856.221435546875,12423.41796875,198.69081115722656
2026-03-02,903.5499877929688,1464.1295166015625,488.33282470703125,2287.255859375,1371.2425537109375,9640.3291015625,1940.244384765625,972.2732543945312,176.13328552246094,261.30706787109375,387.4866027832031,5861.38232421875,1703.031005859375,1339.0377197265625,415.3734436035156,1159.99755859375,501.0991516113281,6377.2021484375,1286.2430419921875,7744.896484375,293.9457702636719,1331.6502685546875,865.0918579101562,704.7880249023438,5510.4453125,2297.233642578125,1362.5133056640625,940.9758911132812,1261.5997314453125,306.548583984375,412.3880310058594,4027.36328125,2294.46337890625,3299.648681640625,775.6032104492188,14244.9375,2196.609619140625,1273.5777587890625,373.5151062011719,281.0042419433594,4657.224609375,1455.02294921875,295.423095703125,1351.75,2029.37890625,1168.831787109375,26057.26953125,1747.9190673828125,1115.7587890625,366.08154296875,2564.4765625,1311.322509765625,4256.33349609375,3799.818603515625,12270.5380859375,196.32778930664062
2026-03-04,871.9500122070312,1428.380126953125,473.8047180175781,2265.544189453125,1350.2586669921875,9518.54296875,1887.689208984375,939.3257446289062,175.88543701171875,247.10289001464844,377.8980712890625,5793.02099609375,1652.9508056640625,1300.99462890625,424.04632568359375,1167.2806396484375,481.1578369140625,6290.0615234375,1283.063232421875,7547.4638671875,285.4747314453125,1324.8511962890625,854.5167846679688,682.1686401367188,5420.271484375,2238.53076171875,1353.9852294921875,926.050048828125,1279.7078857421875,303.6768493652344,402.65484619140625,3845.044189453125,2288.307861328125,3230.376220703125,768.3363647460938,14017.224609375,2208.004150390625,1239.342529296875,361.89068603515625,275.7764892578125,4692.80126953125,1428.8116455078125,290.59564208984375,1338.8099365234375,1927.919921875,1153.704345703125,25289.265625,1745.92431640625,1101.28125,363.5969543457031,2539.2587890625,1316.9754638671875,4190.64892578125,3733.649658203125,11864.8193359375,193.34188842773438
2026-03-05,884.5499877929688,1493.0078125,477.6357727050781,2268.121826171875,1348.060302734375,9668.43359375,1910.1700439453125,956.5200805664062,183.43994140625,256.4228210449219,386.33795166015625,5865.31689453125,1668.3447265625,1314.072021484375,437.9327392578125,1150.0208740234375,481.65142822265625,6338.3623046875,1305.22265625,7674.63232421875,288.7136535644531,1315.2352294921875,863.4686889648438,681.8696899414062,5507.48876953125,2232.294189453125,1346.2503662109375,935.6845092773438,1278.141845703125,303.23876953125,406.5980224609375,3999.634033203125,2316.1064453125,3313.206298828125,775.3045043945312,14271.6689453125,2173.333740234375,1244.9156494140625,374.009765625,275.17901611328125,4625.63427734375,1435.5631103515625,298.06085205078125,1383.005615234375,1942.2999267578125,1148.79296875,25134.66796875,1779.8353271484375,1109.7099609375,374.5292053222656,2530.427490234375,1299.5289306640625,4261.2177734375,3805.099853515625,12042.19921875,193.4704132080078
2026-03-06,858.4000244140625,1471.29931640625,464.4510192871094,2259.89306640625,1314.7860107421875,9679.7734375,1867.306640625,944.3945922851562,181.45713806152344,258.11737060546875,390.23333740234375,5884.9892578125,1625.6614990234375,1308.9202880859375,429.21112060546875,1160.1971435546875,472.4705505371094,6303.00830078125,1295.5838623046875,7541.5263671875,285.5245361328125,1317.7606201171875,843.10546875,666.1756591796875,5432.59033203125,2203.2890625,1302.419921875,916.36572265625,1280.686767578125,301.48651123046875,399.1109313964844,3911.593994140625,2326.927978515625,3297.867431640625,781.6754150390625,14018.21484375,2156.972412109375,1246.408447265625,376.53253173828125,277.76800537109375,4760.96435546875,1423.5496826171875,297.76220703125,1398.334716796875,1941.5999755859375,1122.7620849609375,24810.509765625,1794.6964111328125,1107.330078125,373.1875305175781,2509.625244140625,1297.9693603515625,4230.7177734375,3770.81982421875,11747.220703125,193.19357299804688
2026-03-09,854.1500244140625,1415.335205078125,449.72393798828125,2201.6982421875,1287.3072509765625,9252.783203125,1839.929931640625,932.31884765625,172.62368774414062,254.57876586914062,389.2345275878906,5793.5126953125,1582.3785400390625,1312.68505859375,426.4825439453125,1165.7841796875,460.72296142578125,6304.00439453125,1278.8897705078125,7190.7001953125,272.3694763183594,1319.606201171875,827.0215454101562,651.42822265625,5400.5615234375,2172.50244140625,1267.7125244140625,879.7750244140625,1287.14697265625,297.8846435546875,385.68414306640625,3804.93603515625,2286.52099609375,3154.473388671875,774.4583740234375,13373.6875,2130.579833984375,1229.887939453125,372.22900390625,269.65252685546875,4766.544921875,1376.488525390625,293.83056640625,1417.4462890625,1912.5,1079.050048828125,23528.841796875,1802.675537109375,1093.249267578125,370.603515625,2479.99169921875,1302.4530029296875,4145.59716796875,3615.1640625,11150.40234375,196.50575256347656
2026-03-10,856.9000244140625,1418.1234130859375,459.8239440917969,2260.785400390625,1313.686767578125,9476.6328125,1866.2076416015625,934.05810546875,180.69374084472656,257.8183288574219,395.32720947265625,5870.23486328125,1621.26318359375,1321.10595703125,432.23199462890625,1136.55224609375,474.7410583496094,6345.83154296875,1306.3157958984375,7458.396484375,275.060302734375,1322.4229736328125,835.629150390625,653.7698364257812,5628.70556640625,2168.146484375,1300.9324951171875,897.2467651367188,1268.1578369140625,300.8537292480469,391.1746520996094,3838.5078125,2320.573974609375,3259.470703125,786.3042602539062,13729.1181640625,2144.701416015625,1235.261962890625,373.2677917480469,268.059326171875,4811.189453125,1417.4931640625,297.2645263671875,1402.3162841796875,1963.699951171875,1092.5074462890625,23897.8828125,1808.0614013671875,1090.2744140625,378.9517822265625,2465.9599609375,1302.745361328125,4206.2978515625,3771.916259765625,11420.880859375,198.6611328125
2026-03-11,849.6500244140625,1404.8792724609375,455.54510498046875,2212.8017578125,1254.832275390625,9198.052734375,1793.7694091796875,888.1901245117188,180.90194702148438,254.9276580810547,394.8777770996094,5824.49658203125,1556.78857421875,1317.1431884765625,435.350341796875,1106.222900390625,465.8069763183594,6326.41162109375,1317.1470947265625,7178.32958984375,268.5325927734375,1311.54443359375,820.38134765625,645.5989990234375,5494.18408203125,2139.636474609375,1283.777099609375,875.7316284179688,1249.2667236328125,300.8050842285156,382.5395812988281,3801.667724609375,2327.722412109375,3135.27490234375,758.133056640625,13362.796875,2127.85302734375,1227.7978515625,375.8399963378906,269.6027526855469,4731.267578125,1393.366943359375,297.413818359375,1383.8017578125,1938.5999755859375,1071.781005859375,23678.453125,1821.127197265625,1064.3934326171875,383.3743896484375,2418.6640625,1300.60107421875,4126.7587890625,3588.258056640625,11232.7216796875,199.9464569091797
2026-03-12,866.5499877929688,1385.66015625,444.25103759765625,2202.094482421875,1233.5487060546875,9034.849609375,1769.290283203125,857.8267211914062,176.4802703857422,266.9887390136719,391.7315368652344,5692.19970703125,1525.5008544921875,1311.9915771484375,458.1045227050781,1105.3250732421875,453.4670715332031,6256.201171875,1310.6881103515625,6903.21044921875,269.3298645019531,1319.1204833984375,819.2008666992188,643.4067993164062,5316.30078125,2115.383056640625,1255.9119873046875,830.005615234375,1238.9891357421875,296.0350341796875,374.6531677246094,3683.521728515625,2340.330810546875,2999.698486328125,753.7033081054688,12881.62890625,2128.145263671875,1214.959716796875,386.3761901855469,269.4035949707031,4698.08251953125,1377.4813232421875,302.19158935546875,1385.7926025390625,1939.4000244140625,1065.9854736328125,23439.07421875,1820.52880859375,1048.9244384765625,399.67340087890625,2396.5859375,1315.611083984375,4116.09375,3410.6787109375,10867.18359375,200.22329711914062
2026-03-13,861.3499755859375,1357.4788818359375,423.25494384765625,2177.904541015625,1196.3773193359375,8751.8330078125,1736.5181884765625,849.825927734375,173.99183654785156,257.6688232421875,383.09185791015625,5713.34765625,1513.4056396484375,1302.480712890625,455.0836486816406,1087.167236328125,447.6919860839844,6046.06787109375,1284.1563720703125,6671.140625,262.15435791015625,1287.359130859375,803.7071533203125,623.5276489257812,5130.533203125,2138.250732421875,1244.3099365234375,813.0830688476562,1221.8597412109375,293.455322265625,366.2177429199219,3405.73486328125,2298.23583984375,2900.638916015625,748.9749755859375,12465.8056640625,2059.58349609375,1196.4486083984375,380.3414001464844,262.9809265136719,4622.744140625,1330.420166015625,299.5538635253906,1374.3455810546875,1904.4000244140625,1028.4619140625,22905.4609375,1796.890625,1074.5078125,392.51776123046875,2365.284423828125,1299.0416259765625,4059.878173828125,3312.92041015625,10403.64453125,195.34896850585938
2026-03-16,866.9500122070312,1368.134033203125,426.886962890625,2198.624755859375,1213.763916015625,8947.0849609375,1772.3875732421875,872.7848510742188,161.14320373535156,252.6848907470703,376.599609375,5746.298828125,1526.5003662109375,1287.9173583984375,448.5545959472656,1078.08837890625,452.9734802246094,6046.06787109375,1268.8533935546875,6756.744140625,259.9618835449219,1290.46728515625,826.9231567382812,623.7767944335938,5201.982421875,2153.79248046875,1262.258544921875,823.7158203125,1223.3280029296875,300.0749816894531,369.21258544921875,3435.8408203125,2273.912353515625,3004.5478515625,746.6853637695312,12630.154296875,2026.7633056640625,1207.5950927734375,378.31329345703125,259.3464050292969,4622.744140625,1343.9229736328125,296.36871337890625,1388.6793212890625,1909.199951171875,1047.8131103515625,23254.5546875,1778.5386962890625,1083.531494140625,388.1448059082031,2364.0087890625,1305.5718994140625,4077.4208984375,3363.045166015625,10876.9833984375,192.9068603515625
2026-03-17,868.6500244140625,1359.769287109375,432.0613708496094,2218.948486328125,1227.153564453125,8983.5712890625,1773.1868896484375,863.2931518554688,158.20864868164062,255.52572631835938,377.0989990234375,5761.544921875,1528.399658203125,1269.985595703125,450.454833984375,1071.404052734375,446.80352783203125,6061.50439453125,1275.7099609375,6838.38916015625,263.6492614746094,1283.1824951171875,831.5958251953125,640.0188598632812,5277.37353515625,2136.46875,1277.9263916015625,819.5225830078125,1206.785888671875,296.76513671875,373.5550842285156,3508.531005859375,2281.65625,3096.38330078125,751.314208984375,12843.0166015625,2019.946044921875,1201.1260986328125,379.2531433105469,263.628173828125,4513.72265625,1347.2987060546875,297.115234375,1391.167724609375,1932.0999755859375,1045.8485107421875,23613.62109375,1789.70947265625,1068.954833984375,398.38140869140625,2346.837158203125,1307.813720703125,4077.121826171875,3479.8369140625,10893.6435546875,189.15965270996094
2026-03-18,891.2999877929688,1396.0166015625,439.0766296386719,2242.642822265625,1252.2342529296875,9142.3369140625,1790.2723388671875,874.7228393554688,162.09495544433594,259.3135070800781,382.14300537109375,5788.5947265625,1523.6015625,1256.7100830078125,443.584716796875,1129.3690185546875,446.0631408691406,6114.78466796875,1286.640625,6954.67138671875,270.57562255859375,1318.2462158203125,829.333251953125,641.0651245117188,5347.34423828125,2113.79931640625,1278.521484375,840.7882080078125,1240.261474609375,295.986328125,374.75299072265625,3573.001220703125,2285.825927734375,3181.19287109375,752.5585327148438,12918.26171875,2068.348388671875,1199.0362548828125,374.4549865722656,263.8771057128906,4682.33740234375,1374.5028076171875,298.01104736328125,1401.6195068359375,1962.5,1050.8582763671875,23862.97265625,1773.651611328125,1066.0792236328125,397.8844909667969,2395.01611328125,1350.1142578125,4131.94189453125,3560.35546875,11022.0224609375,192.1060028076172
2026-03-19,854.9000244140625,1350.3092041015625,417.8815612792969,2167.197509765625,1206.06982421875,8745.4228515625,1713.4378662109375,827.1155395507812,156.7017059326172,250.94052124023438,368.1097717285156,5580.55908203125,1454.5286865234375,1227.682373046875,442.6102600097656,1089.7613525390625,424.6903991699219,5947.97216796875,1266.468505859375,6722.60205078125,264.9946594238281,1274.1494140625,785.2130126953125,631.2501220703125,5097.51904296875,2056.383544921875,1239.6490478515625,814.97998046875,1194.9422607421875,290.0968017578125,367.5155029296875,3401.278564453125,2235.29248046875,3013.7509765625,737.8756713867188,12473.7255859375,1993.943115234375,1180.624755859375,370.0525207519531,267.9597473144531,4586.86865234375,1299.5426025390625,295.3236083984375,1378.4267578125,1903.0999755859375,1030.3282470703125,23274.501953125,1739.8402099609375,1035.8350830078125,396.0458679199219,2311.806640625,1306.64404296875,4024.693603515625,3442.16845703125,10597.6845703125,186.2825164794922
2026-03-20,863.0999755859375,1359.6697998046875,418.47857666015625,2176.516357421875,1202.9722900390625,8925.390625,1708.8419189453125,825.4755859375,157.0784454345703,261.2073974609375,380.4949645996094,5526.4599609375,1439.9344482421875,1244.72265625,456.20428466796875,1086.768310546875,425.18402099609375,6074.94873046875,1290.7147216796875,6837.39990234375,266.19061279296875,1295.4207763671875,767.7518310546875,621.4351196289062,5199.02587890625,2061.72900390625,1234.9884033203125,817.2762451171875,1229.2987060546875,291.9950866699219,366.117919921875,3401.57568359375,2305.78125,3034.236083984375,740.9118041992188,12475.7060546875,2036.502197265625,1187.8897705078125,376.8788146972656,264.2754211425781,4700.375,1331.7109375,296.21942138671875,1407.8905029296875,1896.9000244140625,1039.26708984375,23473.984375,1772.4547119140625,1041.3880615234375,399.9218444824219,2345.7578125,1349.7244873046875,4093.169189453125,3450.140625,10715.2841796875,188.744384765625
2026-03-23,816.4500122070312,1298.1290283203125,393.4027099609375,2103.053955078125,1169.6978759765625,8654.20703125,1674.071533203125,807.63525390625,147.0652313232422,252.0369873046875,366.7114562988281,5400.0654296875,1380.35791015625,1210.4442138671875,443.6334533691406,1097.8424072265625,412.0049743652344,5988.80419921875,1245.402099609375,6612.25732421875,253.4840087890625,1319.606201171875,732.04248046875,589.9971313476562,4991.5771484375,2031.5361328125,1212.4781494140625,777.09130859375,1230.1796875,282.7470397949219,355.93548583984375,3310.0693359375,2280.1669921875,2925.082275390625,721.998291015625,12232.15234375,2009.72021484375,1161.218017578125,368.420166015625,264.3252258300781,4708.1474609375,1305.4996337890625,300.69854736328125,1401.3209228515625,1832.300048828125,1013.6292724609375,22666.083984375,1753.8035888671875,1015.0112915039062,384.5670166015625,2339.085205078125,1348.9447021484375,3840.498291015625,3400.61376953125,10154.7255859375,185.42233276367188
2026-03-24,839.5499877929688,1338.5587158203125,405.5426025390625,2198.228271484375,1191.78076171875,8774.513671875,1702.9468994140625,843.8129272460938,148.70106506347656,257.3697814941406,368.6091613769531,5423.18017578125,1418.3428955078125,1208.0665283203125,430.81903076171875,1107.5198974609375,416.0030822753906,6001.25244140625,1251.662353515625,6799.79345703125,261.60626220703125,1333.8843994140625,752.454833984375,600.8584594726562,5176.85205078125,2064.005859375,1240.7398681640625,795.9608154296875,1251.224365234375,283.52581787109375,366.2177429199219,3482.782470703125,2315.014404296875,2999.797607421875,735.7354736328125,12340.068359375,2061.53125,1177.5394287109375,371.5364990234375,266.9141845703125,4896.69287109375,1322.6759033203125,297.6129150390625,1405.302490234375,1836.0,1012.5487670898438,23264.529296875,1748.717041015625,1044.2637939453125,382.38055419921875,2353.803955078125,1396.4111328125,3886.746337890625,3467.579833984375,10548.6845703125,186.60879516601562
2026-03-25,853.7999877929688,1370.125732421875,419.722412109375,2250.673095703125,1221.158203125,8922.9248046875,1744.711181640625,877.356689453125,152.10157775878906,261.2073974609375,379.1965026855469,5554.4931640625,1473.221435546875,1232.8341064453125,432.378173828125,1160.396728515625,425.48016357421875,5989.7998046875,1292.5032958984375,6920.0341796875,270.0274963378906,1341.65478515625,769.5717163085938,610.7233276367188,5212.82275390625,2113.304443359375,1249.1688232421875,817.0765991210938,1252.00732421875,287.8578186035156,370.4604187011719,3614.000732421875,2330.70068359375,3095.591796875,750.3187866210938,12584.6123046875,2076.431640625,1198.3394775390625,374.3560485839844,269.0550842285156,4911.740234375,1353.0572509765625,293.6314697265625,1406.596435546875,1851.800048828125,1041.821044921875,24167.181640625,1790.7069091796875,1047.2386474609375,388.2939147949219,2332.80517578125,1372.82421875,4026.08935546875,3530.858642578125,10979.8828125,186.915283203125
2026-03-27,832.5,1332.1856689453125,406.8362121582031,2188.413330078125,1204.271240234375,8777.4716796875,1693.255126953125,838.6446533203125,147.63034057617188,254.03054809570312,369.6579284667969,5409.9013671875,1415.7440185546875,1230.753662109375,433.6936950683594,1142.0394287109375,414.2261657714844,5972.86962890625,1273.623046875,6740.91015625,268.3830871582031,1325.23974609375,743.8963623046875,608.0328979492188,5068.44677734375,2053.512451171875,1223.4854736328125,791.2683715820312,1242.806396484375,286.88433837890625,365.5189514160156,3529.625,2317.992919921875,3009.69384765625,739.0702514648438,12265.8134765625,2061.725830078125,1187.4915771484375,371.63543701171875,280.75531005859375,4882.8408203125,1305.4996337890625,294.129150390625,1341.8956298828125,1837.5999755859375,1001.4487915039062,23643.54296875,1788.91162109375,1039.702392578125,383.32470703125,2344.97265625,1356.3521728515625,3968.478271484375,3433.199951171875,10827.9833984375,189.43649291992188
2026-03-30,806.9000244140625,1307.09130859375,399.2736511230469,2146.576171875,1160.4051513671875,8659.630859375,1630.4088134765625,796.6527709960938,140.13531494140625,244.7106170654297,360.4689025878906,5334.16259765625,1354.1680908203125,1212.82177734375,438.9559631347656,1112.109130859375,405.193359375,5922.5771484375,1246.9920654296875,6517.7470703125,258.5168151855469,1303.0941162109375,719.6473999023438,588.50244140625,4989.6064453125,2034.505859375,1195.8187255859375,751.2332153320312,1224.1109619140625,280.0699768066406,352.7909240722656,3470.205322265625,2297.2431640625,2923.99365234375,732.599853515625,12183.638671875,1999.39697265625,1169.1798095703125,366.6888732910156,283.44384765625,4860.3193359375,1275.8133544921875,294.72637939453125,1337.7149658203125,1777.300048828125,962.058837890625,22960.318359375,1752.606689453125,1006.28515625,376.4175109863281,2314.652099609375,1348.9447021484375,3938.4765625,3363.800048828125,10530.064453125,185.52120971679688
2026-04-01,851.9500122070312,1379.5858154296875,418.2795715332031,2206.655029296875,1192.1805419921875,8772.048828125,1645.5958251953125,812.3065795898438,146.4010009765625,251.0302276611328,364.7637939453125,5384.3271484375,1373.0606689453125,1184.784912109375,437.9327392578125,1151.2181396484375,409.6357116699219,5882.24365234375,1201.9774169921875,6754.76513671875,266.68890380859375,1315.5267333984375,730.17333984375,570.9151611328125,5047.7509765625,2043.91015625,1202.561767578125,784.3795776367188,1248.6793212890625,283.9638977050781,355.43634033203125,3572.60498046875,2258.52392578125,2999.99560546875,741.1109008789062,12384.62109375,2080.814208984375,1175.1510009765625,360.75299072265625,286.8294372558594,5031.6240234375,1297.6561279296875,291.441650390625,1362.8984375,1790.5,999.7789306640625,23204.68359375,1723.9818115234375,1015.2095947265625,377.85858154296875,2363.02734375,1368.925537109375,4052.20361328125,3425.800048828125,10499.6845703125,189.02122497558594
2026-04-02,856.0,1371.8184814453125,416.3889465332031,2150.34375,1196.9769287109375,8636.94921875,1639.3011474609375,821.7982177734375,145.08242797851562,247.31222534179688,352.1288757324219,5352.8515625,1355.767578125,1181.3175048828125,437.8840026855469,1210.579833984375,411.90625,5832.44873046875,1209.6290283203125,6580.5888671875,264.6458740234375,1361.9547119140625,738.6826171875,564.0894775390625,4938.85302734375,2044.5042724609375,1205.635986328125,777.4407958984375,1273.247802734375,285.0834045410156,357.38299560546875,3578.151123046875,2258.126953125,2980.4013671875,757.8841552734375,12505.4072265625,2152.2001953125,1185.600830078125,355.8064270019531,285.9830627441406,5209.60595703125,1264.494873046875,288.60491943359375,1344.2845458984375,1774.0,1000.3683471679688,23065.046875,1689.1729736328125,1033.2569580078125,382.6289978027344,2404.730224609375,1404.98828125,4083.800048828125,3391.39990234375,10407.564453125,192.70912170410156
2026-04-06,921.0999755859375,1381.2786865234375,427.9317932128906,2165.511962890625,1244.34033203125,8818.396484375,1670.874267578125,845.6515502929688,151.268798828125,244.85015869140625,354.5759582519531,5444.328125,1392.6529541015625,1189.7384033203125,447.82373046875,1217.3638916015625,408.4017333984375,5797.0947265625,1210.1258544921875,6527.6435546875,270.57562255859375,1363.0233154296875,758.45556640625,578.3387451171875,5029.51904296875,2063.807861328125,1221.10546875,784.9286499023438,1278.5333251953125,287.0303649902344,359.9285888671875,3691.642333984375,2263.48779296875,2990.198486328125,747.1333618164062,12561.8408203125,2176.839599609375,1210.1826171875,362.1875,280.6557312011719,5291.02294921875,1281.968994140625,293.78076171875,1298.6953125,1836.800048828125,1014.4642333984375,23633.568359375,1690.17041015625,1046.3460693359375,381.4861145019531,2427.4951171875,1412.7857666015625,4232.212890625,3487.800048828125,10735.86328125,195.06224060058594
2026-04-07,925.3499755859375,1375.2042236328125,418.37908935546875,2167.395751953125,1249.1365966796875,8923.9111328125,1682.9639892578125,849.8756103515625,147.84844970703125,252.77459716796875,339.643798828125,5451.21337890625,1414.4444580078125,1191.2244873046875,451.1856994628906,1227.73974609375,408.9446716308594,5825.9755859375,1188.5625,6537.044921875,274.21319580078125,1400.223876953125,759.4392700195312,579.6340942382812,4977.7802734375,2089.34814453125,1235.0875244140625,783.5308837890625,1311.0301513671875,290.5348815917969,362.3244934082031,3687.284912109375,2281.755615234375,2975.3544921875,749.821044921875,12670.7470703125,2267.314208984375,1216.9500732421875,364.9081115722656,285.43536376953125,5367.5576171875,1285.8411865234375,294.02960205078125,1298.5958251953125,1841.4000244140625,1012.1558227539062,23289.462890625,1713.5091552734375,1053.089111328125,385.3124084472656,2492.1591796875,1436.080322265625,4216.763671875,3470.60009765625,10717.244140625,202.40834045410156
2026-04-08,1029.6500244140625,1447.200927734375,444.5495300292969,2262.76806640625,1331.9727783203125,9236.0185546875,1783.0784912109375,909.4593505859375,163.334228515625,264.8456726074219,349.3821716308594,5502.853515625,1553.6898193359375,1204.5989990234375,437.78656005859375,1267.4473876953125,421.7781677246094,5857.84423828125,1183.8922119140625,7057.09912109375,283.4815368652344,1419.067138671875,802.82177734375,596.1751098632812,5210.85205078125,2123.995849609375,1298.2550048828125,834.5982055664062,1317.68603515625,294.4288024902344,379.49481201171875,3967.1513671875,2277.5859375,3176.739501953125,744.0474853515625,13466.7529296875,2289.421630859375,1207.8935546875,370.1514587402344,284.2902526855469,5355.2998046875,1345.31298828125,293.482177734375,1341.5970458984375,1907.5999755859375,1042.656005859375,24296.845703125,1710.1180419921875,1059.5345458984375,392.51776123046875,2511.195068359375,1414.6375732421875,4477.80712890625,3701.39990234375,11370.9013671875,201.12301635742188
2026-04-09,1044.550048828125,1441.32568359375,431.9120788574219,2250.078369140625,1317.48388671875,9384.9228515625,1766.19287109375,897.7314453125,164.5139923095703,276.3086853027344,345.2870788574219,5385.31103515625,1532.498046875,1213.02001953125,442.5128173828125,1261.9600830078125,423.900634765625,5928.0546875,1204.262939453125,7073.42822265625,282.3354187011719,1422.855224609375,784.72119140625,589.1004028320312,5207.40283203125,2111.720458984375,1270.58837890625,813.2327880859375,1303.395263671875,294.9642028808594,371.259033203125,3858.512451171875,2278.57861328125,3133.889404296875,743.9478759765625,13453.8818359375,2323.020751953125,1222.82177734375,374.6033630371094,287.37713623046875,5452.16357421875,1337.767333984375,296.71710205078125,1323.87890625,1904.0,1022.5189819335938,23927.8046875,1712.611572265625,1068.954833984375,392.269287109375,2540.436279296875,1424.5792236328125,4425.279296875,3727.10009765625,11219.001953125,200.5792236328125
2026-04-10,1085.3499755859375,1469.1085205078125,443.0071716308594,2340.394775390625,1349.759033203125,9677.30859375,1807.657470703125,918.9013061523438,166.62570190429688,283.7945251464844,348.1836242675781,5466.45947265625,1580.5791015625,1218.0726318359375,423.02313232421875,1221.4544677734375,430.1199645996094,6091.380859375,1224.4349365234375,7347.0625,290.70684814453125,1409.54833984375,797.1161499023438,602.00439453125,5387.25732421875,2133.59814453125,1310.848876953125,829.556396484375,1265.12353515625,296.1810607910156,373.9044494628906,3921.59619140625,2317.0,3225.923095703125,759.7755737304688,13572.6884765625,2265.95068359375,1243.3233642578125,376.08734130859375,285.2860107421875,5408.31591796875,1347.39794921875,301.34552001953125,1343.9859619140625,1923.199951171875,1047.8131103515625,24276.896484375,1650.57421875,1084.5230712890625,396.8906555175781,2476.94970703125,1403.72119140625,4490.26611328125,3839.89990234375,11357.181640625,202.56654357910156
2026-04-13,1085.449951171875,1459.1505126953125,438.8278503417969,2332.166015625,1352.556884765625,9679.7734375,1786.775390625,893.457763671875,165.2971954345703,286.8446960449219,344.587890625,5497.443359375,1506.608154296875,1199.8436279296875,423.99761962890625,1228.438232421875,419.3102111816406,6045.07177734375,1228.1116943359375,6976.9384765625,287.2187805175781,1388.3741455078125,781.7699584960938,616.9012451171875,5170.93896484375,2105.781005859375,1339.8046875,817.5758056640625,1249.756103515625,290.72955322265625,371.259033203125,3916.050537109375,2298.4345703125,3186.734375,749.6717529296875,12945.982421875,2255.627685546875,1220.2342529296875,382.1221618652344,286.33154296875,5358.78759765625,1317.0167236328125,298.9566650390625,1309.0474853515625,1914.4000244140625,1044.7188720703125,24237.0,1647.881103515625,1081.1517333984375,407.0278015136719,2426.2197265625,1399.0428466796875,4424.78076171875,3738.10009765625,11271.921875,200.6781005859375
2026-04-15,1096.050048828125,1505.455322265625,451.7638244628906,2402.258056640625,1354.4554443359375,9728.09375,1824.243408203125,907.5709838867188,172.27671813964844,291.5594787597656,349.9315185546875,5561.87060546875,1549.9912109375,1215.5958251953125,424.67974853515625,1279.7186279296875,427.7013244628906,6152.13037109375,1210.1258544921875,7054.1298828125,285.87335205078125,1409.6455078125,796.72265625,638.1754760742188,5210.85205078125,2135.875,1336.829833984375,838.741455078125,1277.6524658203125,294.0393981933594,381.7409362792969,4036.87060546875,2322.063232421875,3222.6572265625,752.110595703125,13156.865234375,2346.39404296875,1250.58837890625,388.404296875,286.38134765625,5469.50341796875,1319.9952392578125,311.0005187988281,1337.9140625,1971.0,1052.528076171875,24900.27734375,1692.1651611328125,1085.0189208984375,419.2520751953125,2506.975830078125,1446.2169189453125,4507.41015625,3783.300048828125,11549.2607421875,207.3815460205078
2026-04-16,1118.9000244140625,1543.2958984375,455.7938537597656,2419.31005859375,1348.5599365234375,9688.6484375,1828.33984375,900.3652954101562,172.6831817626953,308.2655944824219,350.3310241699219,5494.49267578125,1569.28369140625,1219.0633544921875,421.70758056640625,1310.1478271484375,422.0743103027344,6267.654296875,1213.703125,7057.09912109375,283.43170166015625,1408.5771484375,782.5077514648438,629.2572631835938,5084.70751953125,2117.561279296875,1334.2515869140625,846.5289306640625,1291.2579345703125,295.35357666015625,378.4965515136719,4079.949462890625,2310.2490234375,3188.812744140625,741.0113525390625,13202.4072265625,2378.045654296875,1251.384521484375,386.6235046386719,281.5519104003906,5481.4619140625,1321.4844970703125,310.80145263671875,1337.1177978515625,1974.699951171875,1048.255126953125,25044.900390625,1688.67431640625,1093.348388671875,423.97283935546875,2528.56298828125,1453.234619140625,4446.80859375,3757.199951171875,11589.4404296875,207.88577270507812
2026-04-17,1127.300048828125,1566.796875,456.73919677734375,2442.80615234375,1358.0526123046875,9637.86328125,1837.3321533203125,902.700927734375,172.97068786621094,315.7713928222656,357.6722717285156,5641.54345703125,1578.3800048828125,1229.2677001953125,427.55450439453125,1313.739501953125,437.17840576171875,6203.4189453125,1227.9129638671875,7114.99267578125,292.7498474121094,1400.90380859375,786.8853759765625,614.2606811523438,5154.67822265625,2218.237060546875,1335.540771484375,852.5192260742188,1290.7685546875,298.6634216308594,382.9388732910156,4056.47900390625,2309.35546875,3166.9423828125,753.8526000976562,13319.234375,2397.912841796875,1279.4495849609375,389.39361572265625,282.84637451171875,5427.6484375,1383.4384765625,316.6242980957031,1358.7178955078125,1970.9000244140625,1061.1231689453125,25224.43359375,1671.120361328125,1103.8594970703125,424.9666748046875,2533.07666015625,1473.117919921875,4511.09765625,3735.800048828125,11648.240234375,202.0128631591797
2026-04-20,1152.699951171875,1571.77587890625,452.6593933105469,2495.152099609375,1353.656005859375,9666.9541015625,1829.0391845703125,912.1428833007812,173.9224395751953,324.5829772949219,358.6211242675781,5606.625,1568.6839599609375,1218.0726318359375,430.4779357910156,1285.106201171875,436.0431213378906,6254.20947265625,1224.83251953125,7167.9384765625,293.3478088378906,1387.3057861328125,782.5077514648438,607.58447265625,5205.92431640625,2209.03076171875,1344.862060546875,850.5723266601562,1284.7977294921875,296.9111633300781,378.5464782714844,4011.815185546875,2311.9365234375,3188.1201171875,757.2371826171875,13316.263671875,2353.89306640625,1280.245849609375,393.74658203125,282.1493835449219,5306.7685546875,1380.5592041015625,318.2168884277344,1357.0257568359375,1982.5,1088.2344970703125,25423.916015625,1664.23828125,1110.9991455078125,430.9297180175781,2531.212646484375,1466.295166015625,4498.23974609375,3761.89990234375,11678.6201171875,200.19363403320312
2026-04-21,1150.0,1587.409912109375,454.00274658203125,2521.7216796875,1376.6383056640625,9657.0927734375,1849.821533203125,933.1139526367188,174.61642456054688,331.5404968261719,361.0682067871094,5741.87255859375,1588.5760498046875,1221.044677734375,431.84222412109375,1289.7952880859375,446.2112121582031,6260.18505859375,1212.9080810546875,7165.46435546875,294.7430419921875,1399.83544921875,798.5425415039062,612.0186767578125,5182.76513671875,2287.43310546875,1376.79296875,855.01513671875,1285.385009765625,301.4378356933594,381.4913635253906,4035.97900390625,2294.860595703125,3213.552978515625,759.0289306640625,13327.154296875,2355.8408203125,1373.2984619140625,391.9658203125,281.9004211425781,5311.4521484375,1397.735595703125,317.8684997558594,1347.07177734375,1911.5999755859375,1092.1636962890625,25473.78515625,1660.84716796875,1132.4178466796875,433.3646240234375,2561.532958984375,1462.786376953125,4465.048828125,3752.699951171875,11798.1796875,202.695068359375
2026-04-22,1198.949951171875,1581.9329833984375,458.62982177734375,2540.85546875,1378.536865234375,9468.7431640625,1841.3287353515625,929.0390014648438,175.00308227539062,332.5672302246094,357.3725891113281,5635.6416015625,1564.9853515625,1224.8094482421875,432.8166809082031,1232.927734375,454.1087341308594,6259.68701171875,1209.330810546875,7155.0732421875,295.440673828125,1248.4100341796875,786.8853759765625,601.9047241210938,5113.77978515625,2344.9482421875,1356.166748046875,868.6929321289062,1241.729736328125,297.39788818359375,376.2005310058594,3982.20458984375,2291.286376953125,3116.967041015625,768.9834594726562,13204.3876953125,2270.138427734375,1389.1224365234375,401.0674743652344,282.4480895996094,5055.740234375,1408.85546875,318.26666259765625,1355.8311767578125,1884.800048828125,1083.76513671875,25668.28125,1665.435302734375,1168.710693359375,433.3646240234375,2490.883544921875,1425.5538330078125,4440.03125,3660.699951171875,11949.099609375,201.69647216796875
2026-04-23,1214.1500244140625,1596.1729736328125,448.1815490722656,2499.71240234375,1368.5445556640625,9417.9580078125,1791.0716552734375,912.7391967773438,172.40557861328125,336.51446533203125,357.5723876953125,5578.591796875,1542.7940673828125,1293.7625732421875,439.15081787109375,1217.7630615234375,454.1087341308594,6352.30517578125,1322.6124267578125,7018.998046875,294.39422607421875,1240.9310302734375,771.5883178710938,596.52392578125,4959.0556640625,2342.572265625,1336.730712890625,858.958740234375,1214.32275390625,297.20318603515625,369.7616271972656,4014.88525390625,2324.545166015625,3016.027099609375,775.3543090820312,13029.1474609375,2217.54833984375,1403.7520751953125,397.951171875,285.0370788574219,5047.66845703125,1392.076171875,317.66943359375,1337.21728515625,1828.0999755859375,1074.875244140625,25403.966796875,1675.708251953125,1174.462158203125,427.6500244140625,2474.496826171875,1385.494873046875,4441.9248046875,3513.0,11923.619140625,200.47047424316406
2026-04-24,1235.800048828125,1578.4476318359375,448.9776306152344,2463.724853515625,1364.847412109375,9443.1044921875,1769.1903076171875,915.9196166992188,173.16897583007812,336.3051452636719,349.43212890625,5636.62548828125,1567.584228515625,1282.9638671875,444.36431884765625,1148.22509765625,445.3227233886719,6335.375,1308.800048828125,7037.80126953125,292.0024108886719,1191.040283203125,772.0802001953125,586.1110229492188,4889.57763671875,2303.8662109375,1315.1129150390625,846.5787963867188,1130.144287109375,293.6013488769531,370.2108459472656,3975.47021484375,2279.571533203125,3006.82373046875,779.7342529296875,12918.26171875,2118.99072265625,1414.50048828125,397.5554504394531,283.59320068359375,4730.86865234375,1384.33203125,314.93218994140625,1321.6890869140625,1768.9000244140625,1081.60400390625,24885.31640625,1616.164306640625,1164.1494140625,432.32110595703125,2351.939453125,1324.0906982421875,4395.57666015625,3488.199951171875,11758.0,197.10887145996094
2026-04-27,1229.699951171875,1621.66552734375,458.2318115234375,2463.82373046875,1323.179443359375,9527.9111328125,1770.68896484375,916.1680908203125,180.30709838867188,347.4591369628906,361.5675964355469,5623.83837890625,1560.087158203125,1304.95751953125,440.95361328125,1199.6053466796875,446.2112121582031,6450.400390625,1326.09033203125,7099.6533203125,293.048828125,1215.78759765625,776.9496459960938,595.1787109375,4969.89599609375,2304.856201171875,1303.114013671875,898.6943969726562,1145.5118408203125,295.7916564941406,376.15057373046875,4014.39013671875,2307.766845703125,3070.15869140625,783.4174194335938,13090.53125,2205.76416015625,1410.5196533203125,405.8161926269531,284.68853759765625,4800.82568359375,1389.2962646484375,319.41131591796875,1359.51416015625,1815.4000244140625,1092.1636962890625,25059.861328125,1728.96875,1150.7625732421875,450.4090270996094,2401.6884765625,1360.73828125,4427.2724609375,3552.60009765625,11769.759765625,202.734619140625
2026-04-28,1249.949951171875,1630.7274169921875,456.5401611328125,2441.41845703125,1288.0067138671875,9363.7216796875,1777.4832763671875,918.0068359375,177.11476135253906,353.5694580078125,362.36663818359375,5569.24755859375,1535.7967529296875,1294.35693359375,455.0836486816406,1198.10888671875,444.3848876953125,6406.08349609375,1346.063720703125,6998.2158203125,289.610595703125,1183.9130859375,769.817626953125,588.0541381835938,4994.53369140625,2266.44677734375,1281.1988525390625,884.1179809570312,1127.697265625,296.3757629394531,377.2986145019531,3998.643798828125,2286.123779296875,3056.00732421875,777.29541015625,12763.8125,2211.0234375,1433.1109619140625,402.50201416015625,300.0232849121094,4786.8740234375,1382.6441650390625,317.5201416015625,1382.5078125,1808.300048828125,1071.9775390625,24825.470703125,1742.732666015625,1138.0699462890625,458.9560241699219,2398.8427734375,1372.434326171875,4402.5537109375,3495.89990234375,11580.62109375,199.30380249023438
2026-04-29,1244.800048828125,1654.1287841796875,452.3608703613281,2426.25,1295.4010009765625,9411.0556640625,1762.69580078125,924.3179931640625,196.59591674804688,343.39227294921875,361.8172912597656,5615.4775390625,1552.690185546875,1305.353759765625,467.65447998046875,1201.20166015625,450.15997314453125,6507.16650390625,1321.4200439453125,7114.99267578125,283.7804870605469,1188.0706787109375,766.3253784179688,592.2890014648438,5040.35986328125,2291.095947265625,1270.290771484375,912.2723999023438,1142.7711181640625,307.86279296875,381.3416442871094,4056.47900390625,2294.76123046875,3119.540283203125,775.75244140625,13125.18359375,2191.93505859375,1458.5885009765625,397.01129150390625,300.12286376953125,4789.166015625,1379.0699462890625,318.8638610839844,1418.83984375,1816.199951171875,1067.655517578125,24491.33984375,1774.050537109375,1158.19970703125,448.719482421875,2428.280029296875,1422.8248291015625,4425.279296875,3553.89990234375,11596.30078125,198.41395568847656
2026-04-30,1227.1500244140625,1650.3447265625,442.0121154785156,2423.473876953125,1267.3226318359375,9855.3037109375,1745.7103271484375,931.2752685546875,198.0037078857422,351.27685546875,359.22039794921875,5632.19921875,1562.286376953125,1297.4281005859375,469.1649475097656,1193.1204833984375,435.8456726074219,6475.7958984375,1314.5634765625,7035.3271484375,285.9730224609375,1186.9818115234375,759.1441650390625,584.815673828125,5025.08447265625,2228.2353515625,1252.8380126953125,914.5686645507812,1156.768310546875,306.548583984375,382.6393737792969,3975.173095703125,2288.605712890625,3065.3095703125,771.4720458984375,13181.6162109375,2217.256103515625,1451.6219482421875,394.88427734375,298.28070068359375,4783.38623046875,1365.864990234375,316.8731384277344,1424.215087890625,1819.0,1049.5321044921875,24132.2734375,1803.5732421875,1134.9959716796875,441.812255859375,2427.4951171875,1436.1778564453125,4370.85791015625,3492.89990234375,11354.2412109375,198.38429260253906
2026-05-04,1290.699951171875,1735.2867431640625,443.1066589355469,2427.04296875,1274.1173095703125,9991.388671875,1768.890625,944.3945922851562,204.9832000732422,375.8376159667969,360.1692810058594,5697.60986328125,1638.8563232421875,1322.592041015625,467.70318603515625,1148.92333984375,439.9425354003906,6592.3154296875,1279.08837890625,7253.046875,288.16552734375,1188.36767578125,766.7189331054688,586.2604370117188,4993.0556640625,2286.04736328125,1260.1761474609375,912.4221801757812,1143.652099609375,302.8493957519531,371.00946044921875,4061.13330078125,2331.89208984375,3074.216064453125,780.9785766601562,13444.9716796875,2217.158935546875,1450.129150390625,395.774658203125,291.6589050292969,4771.52783203125,1354.8443603515625,317.56988525390625,1456.3663330078125,1820.0999755859375,1049.4830322265625,24675.859375,1818.7333984375,1150.6634521484375,438.6816711425781,2385.6943359375,1434.325927734375,4348.73046875,3495.5,11522.80078125,198.48316955566406
2026-05-05,1331.4000244140625,1717.7606201171875,430.9667663574219,2409.0986328125,1258.729248046875,9906.58203125,1793.0699462890625,952.7432861328125,204.66595458984375,373.744384765625,367.81011962890625,5738.921875,1656.749267578125,1321.3040771484375,460.5407409667969,1166.08349609375,454.6517028808594,6623.68603515625,1263.189208984375,7225.83203125,291.6037902832031,1188.0706787109375,759.734375,591.9900512695312,5034.939453125,2303.965087890625,1240.839111328125,909.2273559570312,1153.1466064453125,303.19012451171875,370.7099914550781,4015.28125,2326.431640625,3177.43212890625,803.5255126953125,13292.5029296875,2152.10302734375,1470.730224609375,394.3896179199219,288.7214050292969,4799.6298828125,1354.4471435546875,317.9680480957031,1456.864013671875,1821.199951171875,1041.133544921875,24780.587890625,1816.04052734375,1143.8214111328125,439.9239807128906,2381.76953125,1415.417236328125,4359.2958984375,3534.39990234375,11723.7001953125,197.5241241455078
2026-05-06,1353.0,1740.962890625,444.69879150390625,2497.333251953125,1293.20263671875,10175.79296875,1834.5345458984375,974.7579345703125,207.08499145507812,384.7090148925781,380.1453857421875,5688.265625,1711.2279052734375,1351.7188720703125,458.2019958496094,1277.424072265625,460.2787170410156,6674.4765625,1302.738525390625,7234.73876953125,292.0024108886719,1177.0828857421875,783.58984375,604.196533203125,5095.05517578125,2293.768798828125,1268.8033447265625,945.2190551757812,1142.4774169921875,302.4599914550781,375.9509582519531,3969.726318359375,2425.314453125,3266.496826171875,811.0908813476562,13585.5595703125,2160.57568359375,1478.9903564453125,390.6302490234375,279.61016845703125,4996.6455078125,1411.3375244140625,314.4842834472656,1431.2823486328125,1859.0,1076.5943603515625,24910.25,1845.3636474609375,1142.5322265625,440.5202941894531,2389.71728515625,1429.550048828125,4345.341796875,3617.89990234375,11851.099609375,196.87156677246094
2026-05-07,1365.0,1725.5279541015625,448.4303283691406,2508.83349609375,1291.7037353515625,10457.82421875,1822.9444580078125,966.8068237304688,205.84573364257812,405.1430969238281,381.79339599609375,5718.7578125,1688.5367431640625,1349.638427734375,454.7425537109375,1282.312744140625,463.9806823730469,6674.974609375,1299.35986328125,7251.5625,296.0386047363281,1171.4404296875,783.0979614257812,623.178955078125,5265.54736328125,2249.32080078125,1268.3074951171875,945.418701171875,1138.07275390625,299.24749755859375,378.7461242675781,3984.0859375,2442.390869140625,3335.67041015625,828.3619384765625,13633.08203125,2135.839111328125,1468.938720703125,396.07147216796875,282.697021484375,4966.74951171875,1440.031005859375,312.34423828125,1429.590087890625,1872.199951171875,1072.6651611328125,25528.642578125,1829.60498046875,1142.036376953125,436.544921875,2356.35498046875,1411.5185546875,4293.412109375,3706.699951171875,11903.0400390625,195.13145446777344
2026-05-08,1355.800048828125,1753.0120849609375,442.1116027832031,2577.537109375,1267.3226318359375,10562.845703125,1816.749755859375,949.5131225585938,204.3387908935547,403.2990417480469,379.94561767578125,5429.57373046875,1673.4427490234375,1334.4805908203125,444.7541198730469,1364.920166015625,481.4540100097656,6682.94140625,1285.7462158203125,7226.82177734375,296.2379455566406,1186.2889404296875,768.145263671875,619.4920654296875,5244.85205078125,2264.664794921875,1254.226318359375,949.2125854492188,1154.2232666015625,299.29620361328125,380.1436767578125,3936.05517578125,2362.37109375,3295.7890625,827.5157470703125,13589.51953125,2156.387939453125,1475.30810546875,397.85223388671875,278.0169677734375,5095.90087890625,1465.4478759765625,312.4935607910156,1428.5947265625,1872.0999755859375,1001.2523193359375,25369.05859375,1843.0697021484375,1166.330810546875,433.31494140625,2349.486083984375,1425.9437255859375,4494.2529296875,3695.199951171875,11710.9599609375,195.6752471923828
2026-05-11,1387.699951171875,1759.883056640625,434.051513671875,2544.028076171875,1271.319580078125,10448.4560546875,1792.6702880859375,930.3310546875,199.500732421875,400.0594787597656,389.983642578125,5321.86767578125,1623.8621826171875,1292.7718505859375,452.59869384765625,1372.003662109375,467.3865051269531,6686.42724609375,1271.83447265625,7127.85791015625,291.45428466796875,1182.82421875,751.2251586914062,620.488525390625,5152.70703125,2283.968505859375,1255.8128662109375,920.8085327148438,1152.0699462890625,297.7386169433594,380.39324951171875,3902.0869140625,2239.66064453125,3212.167236328125,838.7145385742188,13348.935546875,2143.7275390625,1474.810546875,388.75054931640625,279.809326171875,5080.45458984375,1426.92529296875,309.45770263671875,1381.81103515625,1884.4000244140625,956.3615112304688,25139.654296875,1867.8048095703125,1260.33544921875,430.5321960449219,2348.014404296875,1420.485595703125,4191.84521484375,3613.699951171875,11628.640625,194.45912170410156
2026-05-12,1308.0,1681.114990234375,424.8470764160156,2483.94921875,1259.12890625,10252.7109375,1743.3125,898.6756591796875,194.3850860595703,390.4903564453125,401.96929931640625,5246.62060546875,1560.3870849609375,1280.2889404296875,451.23443603515625,1317.3311767578125,467.1890563964844,6616.71484375,1261.996826171875,7052.15087890625,283.830322265625,1134.220458984375,738.2399291992188,599.6627197265625,5008.82373046875,2239.2236328125,1229.93115234375,891.4061889648438,1116.1473388671875,292.7252197265625,375.35198974609375,3819.196533203125,2229.236328125,3142.993896484375,826.2216796875,13041.0283203125,2090.45556640625,1461.5740966796875,388.50323486328125,293.2521057128906,4860.2197265625,1442.6123046875,304.8790283203125,1357.722412109375,1833.9000244140625,957.3438110351562,24795.548828125,1840.8753662109375,1242.4864501953125,415.82330322265625,2257.151611328125,1357.619384765625,4042.036865234375,3561.0,11285.6416015625,187.42941284179688
2026-05-13,1366.699951171875,1730.5069580078125,436.24066162109375,2595.085205078125,1254.7322998046875,10119.583984375,1727.426025390625,890.6748657226562,193.20530700683594,402.55145263671875,417.1011962890625,5248.587890625,1573.9818115234375,1315.2608642578125,450.454833984375,1294.085205078125,457.1690368652344,6768.09033203125,1257.3265380859375,6899.251953125,279.09649658203125,1131.646728515625,737.4037475585938,600.6591796875,4922.591796875,2244.47021484375,1225.2703857421875,891.0567626953125,1099.3115234375,296.3757629394531,376.9991149902344,3877.923095703125,2199.65087890625,3079.461181640625,829.6062622070312,12972.71484375,2089.189453125,1461.8726806640625,386.27728271484375,295.890869140625,4828.23046875,1435.2652587890625,300.101318359375,1352.54638671875,1837.5,952.9234619140625,24930.19921875,1820.0301513671875,1224.6375732421875,401.959228515625,2230.167236328125,1340.1727294921875,4077.321044921875,3527.199951171875,11341.501953125,185.6793975830078
2026-05-14,1414.9000244140625,1765.95751953125,441.71356201171875,2599.6455078125,1253.6331787109375,10305.9609375,1738.71630859375,906.5770874023438,197.3295440673828,411.821533203125,418.49951171875,5284.490234375,1566.4847412109375,1423.3468017578125,442.46405029296875,1271.6375732421875,458.79791259765625,6893.0751953125,1295.3851318359375,6961.1044921875,279.29583740234375,1112.6407470703125,757.0291748046875,610.37451171875,5003.4033203125,2226.057373046875,1235.5833740234375,906.431884765625,1071.8067626953125,299.0528259277344,382.5395812988281,3902.284912109375,2241.944091796875,3140.91552734375,831.1989135742188,12944.9931640625,2059.87548828125,1452.6171875,392.0647277832031,299.625,4612.77880859375,1473.1922607421875,300.35015869140625,1355.5325927734375,1866.699951171875,962.5499877929688,24960.12109375,1858.32958984375,1217.9937744140625,405.3382873535156,2203.8701171875,1309.3731689453125,4121.67578125,3460.800048828125,11458.12109375,186.1737518310547
2026-05-15,1379.0,1787.56640625,431.6135559082031,2583.1884765625,1243.8408203125,10233.4814453125,1726.6265869140625,904.887451171875,192.78890991210938,397.019287109375,429.5862731933594,5317.44140625,1545.6929931640625,1418.78955078125,450.4061279296875,1279.1201171875,461.71014404296875,6732.736328125,1328.2764892578125,6941.80615234375,280.34222412109375,1121.15380859375,755.0125122070312,606.5382080078125,4991.08447265625,2249.32080078125,1234.095947265625,884.9666748046875,1095.2984619140625,301.2431640625,386.3829345703125,3871.188720703125,2259.814453125,3090.643798828125,837.3209838867188,13089.541015625,2028.808349609375,1423.6563720703125,391.0259704589844,298.0815734863281,4685.8251953125,1457.207275390625,304.43115234375,1330.24951171875,1864.5,963.2000122070312,24905.263671875,1873.2904052734375,1223.6458740234375,404.4935302734375,2221.532470703125,1335.7867431640625,4155.46484375,3466.800048828125,11257.2216796875,187.85455322265625
2026-05-18,1369.0,1780.1973876953125,428.0312805175781,2591.51611328125,1236.946044921875,10056.9658203125,1751.6053466796875,915.4723510742188,188.70431518554688,393.9790954589844,425.7408447265625,5292.35888671875,1527.3001708984375,1412.9443359375,450.3086853027344,1344.9666748046875,450.5054931640625,6806.93017578125,1322.8111572265625,6841.3583984375,282.9832458496094,1135.0123291015625,756.143798828125,602.801513671875,4885.14306640625,2231.502197265625,1240.6407470703125,890.7073364257812,1118.3006591796875,301.924560546875,391.1247253417969,3879.903564453125,2236.185791015625,3051.653076171875,829.95458984375,12886.5791015625,2092.403564453125,1424.8505859375,384.1502380371094,295.940673828125,4926.98779296875,1439.832275390625,295.17425537109375,1329.7518310546875,1860.4000244140625,939.4000244140625,24411.546875,1900.818359375,1220.671142578125,401.85986328125,2240.3720703125,1393.7796630859375,4156.06298828125,3291.0,11329.7412109375,190.0000457763672
2026-05-19,1377.800048828125,1755.4019775390625,429.57366943359375,2578.330322265625,1237.3458251953125,10063.375,1748.3082275390625,917.9074096679688,189.5668487548828,399.810302734375,427.6385803222656,5327.76904296875,1510.806640625,1396.6968994140625,445.29010009765625,1408.7181396484375,447.0009460449219,6883.6142578125,1326.785888671875,6811.17431640625,285.62420654296875,1167.48095703125,750.044677734375,608.232177734375,4934.91064453125,2210.41650390625,1230.4268798828125,893.8023071289062,1171.5484619140625,302.0705871582031,381.291748046875,3883.07275390625,2270.933837890625,3060.163818359375,827.6651000976562,12827.17578125,2162.5234375,1424.5521240234375,385.23846435546875,295.24365234375,5048.7646484375,1445.392333984375,297.21478271484375,1316.6124267578125,1881.4000244140625,948.7999877929688,24361.67578125,1877.3797607421875,1200.73974609375,412.4442443847656,2283.448974609375,1429.93994140625,4088.584228515625,3283.39990234375,11140.6025390625,192.96617126464844
2026-05-20,1363.199951171875,1765.1607666015625,428.13079833984375,2576.24853515625,1248.8369140625,10317.3017578125,1770.4892578125,917.4601440429688,190.49874877929688,407.0868225097656,432.18316650390625,5256.94873046875,1518.3037109375,1386.4925537109375,446.99542236328125,1399.040771484375,445.1252746582031,6864.69189453125,1313.56982421875,6778.51611328125,288.9129638671875,1157.9779052734375,747.1427001953125,602.9509887695312,4895.9833984375,2187.05419921875,1226.9561767578125,895.6992797851562,1168.4161376953125,299.3935241699219,382.5395812988281,3872.872314453125,2269.047607421875,3089.7529296875,834.6332397460938,12873.708984375,2169.82763671875,1413.30615234375,388.2558898925781,297.0360107421875,5066.5029296875,1445.1937255859375,298.50872802734375,1353.442138671875,1864.199951171875,950.9000244140625,24356.689453125,1875.385009765625,1198.55810546875,410.9534912109375,2283.7431640625,1402.5516357421875,4092.9697265625,3361.89990234375,11180.7822265625,194.89414978027344
2026-05-21,1358.199951171875,1785.7740478515625,434.30029296875,2576.44677734375,1252.334228515625,10518.9638671875,1750.7060546875,902.1046142578125,189.43795776367188,406.8376159667969,430.3353576660156,5245.63720703125,1503.4095458984375,1388.870361328125,448.4571533203125,1373.799560546875,441.1271667480469,6829.8359375,1310.191162109375,6820.57568359375,282.7839050292969,1156.39404296875,746.7984008789062,612.1681518554688,4897.4619140625,2157.059326171875,1232.41015625,898.4947509765625,1156.180908203125,299.8802490234375,380.1936340332031,3890.5,2268.054931640625,3066.7939453125,828.063232421875,12880.638671875,2169.438232421875,1399.771240234375,384.6448974609375,294.5964050292969,5001.62841796875,1462.2708740234375,298.16033935546875,1343.388671875,1859.9000244140625,950.9000244140625,24541.2109375,1886.3563232421875,1184.8740234375,407.97198486328125,2283.546875,1384.032958984375,4069.74609375,3380.699951171875,11244.4814453125,197.4845733642578
2026-05-22,1362.300048828125,1779.40087890625,434.2007751464844,2617.09423828125,1284.409423828125,10403.09375,1764.494384765625,910.9501953125,192.9376220703125,407.236328125,429.736083984375,5244.16162109375,1539.195556640625,1386.1953125,444.9002990722656,1383.8760986328125,445.2733459472656,6858.716796875,1298.96240234375,6909.1484375,286.22216796875,1152.236572265625,754.3239135742188,614.41015625,4894.01220703125,2181.411865234375,1253.73046875,908.67822265625,1149.622802734375,293.6986999511719,383.4879150390625,3926.60009765625,2265.374267578125,3049.278076171875,820.6969604492188,12857.8681640625,2164.373779296875,1416.291748046875,384.4964904785156,288.77117919921875,4953.0966796875,1467.830810546875,292.9346923828125,1348.26611328125,1870.699951171875,949.2000122070312,24720.744140625,1839.7783203125,1181.800048828125,406.3818054199219,2273.83251953125,1386.1771240234375,4066.456787109375,3417.5,11337.58203125,200.8165283203125
2026-05-25,1411.0999755859375,1795.333740234375,439.773193359375,2634.939453125,1310.189453125,10345.40625,1805.8590087890625,936.1453247070312,195.27734375,418.05145263671875,429.53631591796875,5239.7353515625,1590.3753662109375,1400.7587890625,446.31329345703125,1394.750732421875,441.4726867675781,6728.75244140625,1323.0098876953125,7337.166015625,288.2651672363281,1153.9193115234375,774.0476684570312,617.798095703125,4906.82421875,2174.383056640625,1281.0006103515625,924.6024169921875,1143.75,295.8890075683594,392.1729431152344,4033.39990234375,2270.7353515625,3106.37841796875,819.6019287109375,13039.0478515625,2185.409912109375,1406.8372802734375,385.88153076171875,283.7425842285156,5020.5625,1466.6392822265625,293.9798583984375,1360.7086181640625,1901.9000244140625,969.5999755859375,25289.265625,1835.7886962890625,1187.199951171875,411.003173828125,2295.61328125,1399.1402587890625,4145.59716796875,3469.5,11491.44140625,204.50439453125
2026-05-26,1457.4000244140625,1803.5987548828125,447.4850158691406,2624.232177734375,1298.298828125,10445.990234375,1799.1646728515625,924.5167846679688,198.6778564453125,416.40673828125,435.6290283203125,5250.55517578125,1566.6846923828125,1404.3253173828125,446.4594421386719,1419.4931640625,441.8675537109375,6725.26708984375,1319.531982421875,7299.56005859375,289.2119445800781,1150.15771484375,766.22705078125,616.6521606445312,4910.76611328125,2187.153076171875,1268.4066162109375,930.7924194335938,1142.966796875,293.6499938964844,387.98016357421875,4037.800048828125,2249.68798828125,3075.0078125,826.2216796875,13076.669921875,2206.15380859375,1421.7655029296875,385.5352783203125,286.2817687988281,5088.1279296875,1467.9300537109375,291.19281005859375,1350.0579833984375,1883.199951171875,968.5,25114.71875,1835.98828125,1187.5999755859375,418.3576354980469,2263.78759765625,1421.752685546875,4092.47119140625,3454.89990234375,11390.5009765625,201.4295196533203
2026-05-27,1489.9000244140625,1816.843017578125,457.4855041503906,2648.91796875,1303.094970703125,10658.5,1807.5576171875,925.4609985351562,204.0612030029297,420.9919738769531,431.6837463378906,5248.09619140625,1578.5799560546875,1405.0186767578125,451.23443603515625,1385.173095703125,439.7451171875,6769.58447265625,1310.6881103515625,7342.1142578125,287.9163513183594,1153.42431640625,746.3065185546875,607.4349975585938,5001.43212890625,2176.263916015625,1262.0601806640625,930.7924194335938,1135.3321533203125,291.95001220703125,388.03009033203125,4047.5,2260.01318359375,3089.1591796875,830.00439453125,13231.119140625,2174.599609375,1420.6707763671875,393.89495849609375,272.8887634277344,5080.75341796875,1470.1142578125,298.757568359375,1344.2845458984375,1864.5,967.7999877929688,25334.1484375,1839.4791259765625,1204.5999755859375,423.177734375,2271.744140625,1418.731201171875,4124.36669921875,3384.60009765625,11455.181640625,199.30380249023438
2026-05-29,1475.4000244140625,1797.0264892578125,445.6441345214844,2648.62060546875,1285.6085205078125,10460.0,1782.079345703125,902.700927734375,206.50997924804688,415.40997314453125,428.1379699707031,5119.2421875,1537.09619140625,1387.9786376953125,446.2158508300781,1418.4954833984375,437.7213439941406,6639.6201171875,1295.2857666015625,7102.6220703125,287.9662170410156,1171.83642578125,732.4359130859375,592.6875610351562,4831.92578125,2131.816162109375,1245.896484375,912.8713989257812,1136.3109130859375,286.8999938964844,383.537841796875,4076.5,2251.375732421875,3013.94921875,817.95947265625,12996.4755859375,2212.094482421875,1414.699462890625,382.76519775390625,264.2754211425781,5176.3212890625,1472.1993408203125,289.20208740234375,1315.119384765625,1830.0999755859375,964.4000244140625,25209.47265625,1794.4969482421875,1178.4000244140625,418.1588439941406,2246.58203125,1446.314453125,4061.57275390625,3355.699951171875,11252.322265625,201.9436492919922
2026-06-01,1446.9000244140625,1776.0150146484375,432.7579040527344,2609.757568359375,1274.916748046875,10376.0,1757.400390625,883.6182250976562,205.3599395751953,403.4983825683594,425.1415710449219,5073.01220703125,1492.3138427734375,1377.378173828125,460.5407409667969,1457.8038330078125,419.162109375,6526.58642578125,1282.268310546875,7026.9150390625,287.2187805175781,1183.022216796875,730.6160278320312,584.4668579101562,4750.0302734375,2063.31298828125,1229.3360595703125,899.6928100585938,1177.02978515625,279.6499938964844,376.7495422363281,4010.800048828125,2246.6103515625,2939.33251953125,802.0322875976562,12817.275390625,2250.173583984375,1385.1416015625,374.6528625488281,263.1800842285156,5383.302734375,1446.7822265625,284.822509765625,1313.9249267578125,1812.5,954.0999755859375,24995.03125,1791.8040771484375,1143.300048828125,416.9165344238281,2284.8720703125,1504.1123046875,4011.437255859375,3344.39990234375,11007.322265625,204.0792694091797
2026-06-02,1449.4000244140625,1806.885009765625,437.1860046386719,2637.814208984375,1250.1358642578125,10281.0,1739.915283203125,876.6112670898438,204.55690002441406,409.42926025390625,416.3021240234375,5033.17578125,1482.2178955078125,1366.4803466796875,460.10223388671875,1515.9683837890625,420.05059814453125,6506.17041015625,1265.9716796875,7067.490234375,292.0522155761719,1230.93310546875,736.0757446289062,577.8405151367188,4804.33154296875,2072.6181640625,1216.3455810546875,911.0244140625,1243.8831787109375,283.25,378.3966979980469,4000.89990234375,2233.604736328125,2967.140625,807.2584228515625,12892.51953125,2325.35791015625,1392.008544921875,363.4736022949219,263.9268798828125,5451.5654296875,1444.200927734375,280.841064453125,1308.5498046875,1801.699951171875,956.6500244140625,24930.19921875,1785.2213134765625,1154.699951171875,412.3448791503906,2433.556884765625,1531.59814453125,4064.762451171875,3366.89990234375,10941.6630859375,207.47052001953125
2026-06-03,1427.5,1796.22998046875,424.8470764160156,2639.49951171875,1254.232666015625,10259.0,1732.9212646484375,871.4430541992188,205.8358154296875,404.9935607910156,411.95733642578125,4981.0439453125,1470.0225830078125,1362.4183349609375,460.2483825683594,1417.5975341796875,412.4985656738281,6549.49169921875,1255.339111328125,7056.109375,300.0249938964844,1167.0849609375,741.3878784179688,572.3600463867188,4770.7255859375,2069.549560546875,1231.6168212890625,898.4947509765625,1196.7039794921875,277.0,380.3433532714844,3953.199951171875,2244.922607421875,2979.8076171875,807.5570678710938,12914.30078125,2228.748046875,1384.843017578125,362.8800048828125,266.615478515625,5079.8564453125,1458.696533203125,283.7276306152344,1307.15625,1784.199951171875,970.4500122070312,24710.76953125,1783.824951171875,1144.0,409.2142639160156,2229.475830078125,1435.00830078125,4075.42724609375,3316.89990234375,10878.943359375,201.79534912109375
2026-06-04,1423.300048828125,1783.384033203125,424.2500305175781,2638.706787109375,1252.334228515625,10362.0,1708.34228515625,869.0577392578125,203.674560546875,387.9485778808594,415.55303955078125,5006.61767578125,1485.4166259765625,1385.699951171875,469.35980224609375,1433.1612548828125,419.2114562988281,6569.40966796875,1259.5125732421875,7036.31640625,299.0782470703125,1156.4931640625,741.9288940429688,571.7123413085938,4811.525390625,2058.462158203125,1241.2357177734375,901.7394409179688,1175.855224609375,280.29998779296875,380.8424987792969,3942.10009765625,2233.604736328125,2984.755615234375,813.1315307617188,12934.1025390625,2255.4326171875,1376.2841796875,362.4842834472656,266.4162902832031,5103.7734375,1460.5828857421875,283.27972412109375,1297.699951171875,1764.9000244140625,979.25,24421.521484375,1775.4468994140625,1149.300048828125,408.2701110839844,2228.77978515625,1449.6282958984375,4217.162109375,3362.5,10777.0234375,202.0128631591797
2026-06-05,1525.699951171875,1816.544189453125,415.49334716796875,2663.590576171875,1271.319580078125,10342.0,1701.747802734375,883.9661254882812,204.10084533691406,385.705810546875,411.8074951171875,5036.6181640625,1502.6097412109375,1401.300048828125,460.2483825683594,1432.16357421875,418.7178649902344,6595.80078125,1270.1451416015625,6996.73095703125,303.11444091796875,1143.0303955078125,734.8952026367188,573.2568359375,4764.91162109375,2100.138427734375,1251.548828125,903.3368530273438,1172.1357421875,280.70001220703125,376.79949951171875,3953.199951171875,2251.375732421875,3008.902099609375,806.9597778320312,12920.2412109375,2269.16455078125,1379.568359375,357.7850341796875,263.628173828125,5021.06103515625,1466.0435791015625,284.3248291015625,1291.0,1782.800048828125,977.7000122070312,24022.55859375,1777.5413818359375,1130.9000244140625,406.67999267578125,2186.9091796875,1445.924560546875,4246.26708984375,3383.89990234375,10693.7236328125,196.13003540039062
2026-06-08,1490.5,1797.4248046875,413.2544250488281,2636.3271484375,1267.1226806640625,10231.0,1673.1722412109375,865.77783203125,201.16629028320312,385.057861328125,408.76116943359375,4995.30615234375,1455.4283447265625,1387.9000244140625,453.0372314453125,1417.7969970703125,414.3742370605469,6494.2197265625,1267.5615234375,6976.9384765625,303.56292724609375,1139.6649169921875,726.6319580078125,562.5449829101562,4706.27392578125,2088.853271484375,1239.748291015625,893.6026000976562,1162.4453125,279.45001220703125,376.4500732421875,3875.5,2238.270751953125,2935.17626953125,805.3172607421875,12783.61328125,2273.15771484375,1392.2076416015625,358.52703857421875,263.5285949707031,5047.46923828125,1449.36376953125,288.9532470703125,1263.300048828125,1764.4000244140625,981.9500122070312,23473.984375,1784.1241455078125,1107.0,401.7107849121094,2139.668212890625,1465.320556640625,4178.6884765625,3317.60009765625,10579.064453125,179.7075958251953
2026-06-09,1534.5,1818.735107421875,413.95098876953125,2684.806640625,1291.404052734375,10184.0,1691.656494140625,881.4813842773438,205.1616668701172,395.27490234375,415.8526916503906,5023.8310546875,1494.8128662109375,1376.5,454.9861755371094,1408.7181396484375,420.6922607421875,6725.26708984375,1260.50634765625,7128.35302734375,314.02716064453125,1134.7154541015625,726.3367919921875,558.6090087890625,4785.015625,2111.32470703125,1264.3409423828125,921.3077392578125,1155.300048828125,280.0,381.04217529296875,3900.60009765625,2247.90087890625,2959.02587890625,809.4981689453125,12989.544921875,2279.390380859375,1403.652587890625,351.8491516113281,257.90252685546875,5000.6318359375,1471.20654296875,284.3746337890625,1269.199951171875,1769.0999755859375,1002.7000122070312,23354.294921875,1774.3497314453125,1106.5,396.1949462890625,2139.2705078125,1446.2169189453125,4091.474609375,3358.0,10692.744140625,179.61862182617188
2026-06-10,1483.0,1813.5567626953125,407.7815246582031,2691.74658203125,1313.487060546875,10144.0,1662.7811279296875,878.6984252929688,198.04335021972656,376.0867919921875,414.1047668457031,5086.291015625,1472.0218505859375,1377.0,439.4919128417969,1399.4398193359375,422.41986083984375,6611.2373046875,1263.68603515625,7144.681640625,310.0408020019531,1120.658935546875,734.698486328125,547.5982666015625,4786.296875,2147.655029296875,1282.488037109375,882.5206298828125,1145.300048828125,283.6499938964844,387.4311218261719,3917.5,2231.0234375,2921.816650390625,816.1676635742188,12943.0126953125,2237.805419921875,1431.419189453125,347.89190673828125,250.83262634277344,4910.943359375,1495.7298583984375,285.86767578125,1258.800048828125,1728.699951171875,1003.25,23788.16796875,1781.73046875,1108.0,392.3189697265625,2142.154541015625,1441.4410400390625,4028.880126953125,3334.89990234375,10648.6435546875,176.9095458984375
2026-06-11,1454.5,1779.5999755859375,404.04998779296875,2667.75439453125,1316.284912109375,10114.0,1643.6973876953125,865.231201171875,192.2337188720703,369.45819091796875,415.4531555175781,5029.2412109375,1454.328857421875,1383.300048828125,434.81439208984375,1390.560546875,416.29925537109375,6628.16748046875,1267.958984375,7105.09619140625,308.69537353515625,1098.980224609375,732.485107421875,543.3135375976562,4766.09423828125,2118.254150390625,1305.9898681640625,887.5125122070312,1114.5999755859375,282.3999938964844,392.6720886230469,3862.0,2256.935546875,2969.71337890625,807.1090698242188,12967.763671875,2218.32763671875,1415.6947021484375,348.08978271484375,251.5296630859375,4857.13037109375,1488.0849609375,285.3201904296875,1263.0,1719.0999755859375,1000.7000122070312,23638.556640625,1789.510009765625,1108.5999755859375,387.8466796875,2123.95458984375,1427.9906005859375,4012.03515625,3287.39990234375,10613.3642578125,175.36717224121094
2026-06-12,1485.699951171875,1812.9000244140625,423.1000061035156,2723.7685546875,1355.2548828125,10063.0,1687.659912109375,912.6895141601562,202.84178161621094,377.53216552734375,418.49951171875,5080.880859375,1567.484375,1389.4000244140625,432.1832580566406,1364.022216796875,420.9390563964844,6610.7392578125,1267.36279296875,7236.22314453125,314.6251220703125,1098.38623046875,759.8819580078125,553.377685546875,4890.66162109375,2146.962158203125,1329.5909423828125,915.8665771484375,1116.4000244140625,285.1000061035156,402.60491943359375,4049.300048828125,2276.79150390625,3011.27685546875,815.321533203125,13233.099609375,2211.12060546875,1369.1185302734375,350.11785888671875,245.15676879882812,4794.34814453125,1524.5225830078125,283.4787902832031,1293.0,1706.0,1017.1500244140625,24112.32421875,1802.9747314453125,1100.699951171875,391.1263427734375,2149.61376953125,1392.9998779296875,4170.31591796875,3312.800048828125,10894.623046875,178.10589599609375
2026-06-15,1482.5999755859375,1804.800048828125,428.8500061035156,2715.73828125,1367.24560546875,9943.0,1748.707763671875,936.5428466796875,209.06781005859375,381.6189880371094,415.55303955078125,5114.32421875,1652.9508056640625,1381.300048828125,432.71923828125,1399.240234375,423.6538391113281,6581.3603515625,1271.43701171875,7545.48486328125,316.0203552246094,1107.98828125,764.7022094726562,579.1358642578125,4951.171875,2134.39013671875,1316.501220703125,931.6909790039062,1134.9000244140625,287.8999938964844,405.0506896972656,4169.7998046875,2256.737060546875,3101.727294921875,805.96435546875,13667.734375,2249.39453125,1368.123291015625,344.3798522949219,242.61758422851562,4873.5732421875,1559.768798828125,284.3746337890625,1307.0,1759.5,1020.8499755859375,24760.638671875,1801.2791748046875,1100.4000244140625,401.61138916015625,2150.21044921875,1389.4910888671875,4269.49072265625,3459.5,11236.6416015625,179.33189392089844
2026-06-16,1482.5,1822.0,426.04998779296875,2724.462646484375,1364.6474609375,9939.0,1785.7762451171875,953.786865234375,214.87745666503906,382.9646301269531,415.95257568359375,5132.029296875,1679.740234375,1373.199951171875,439.44317626953125,1461.3955078125,429.8731689453125,6684.93359375,1268.8533935546875,7482.14794921875,319.5084533691406,1147.2869873046875,772.1294555664062,572.3600463867188,4958.0703125,2177.748779296875,1323.145263671875,924.5025634765625,1143.5999755859375,291.6499938964844,407.1470947265625,4186.39990234375,2261.403076171875,3105.289794921875,804.769775390625,13554.8681640625,2266.4375,1385.0419921875,351.7502136230469,247.14830017089844,4999.13720703125,1559.96728515625,283.8271484375,1328.800048828125,1767.5999755859375,1015.2999877929688,24805.5234375,1795.9930419921875,1130.9000244140625,399.77276611328125,2187.0087890625,1410.1541748046875,4323.8125,3435.5,11163.142578125,180.60733032226562
2026-06-17,1465.800048828125,1828.5999755859375,426.45001220703125,2714.449462890625,1349.8590087890625,10042.0,1763.095458984375,952.5445556640625,211.9230499267578,390.9887390136719,411.3580627441406,5146.29150390625,1678.5406494140625,1350.800048828125,444.1206970214844,1462.2933349609375,423.5057678222656,6636.134765625,1261.003173828125,7431.181640625,321.601318359375,1155.00830078125,774.2935791015625,579.7337646484375,4943.681640625,2175.47216796875,1325.6243896484375,934.6860961914062,1157.699951171875,290.75,403.8028564453125,4207.7001953125,2255.644775390625,3100.341552734375,801.3355102539062,13494.474609375,2279.09814453125,1400.5675048828125,351.7502136230469,243.9618682861328,5027.53857421875,1566.917236328125,285.0216064453125,1332.699951171875,1793.5999755859375,1026.5,24905.263671875,1815.6416015625,1124.5,399.02740478515625,2210.8779296875,1425.3590087890625,4366.17333984375,3448.699951171875,11145.501953125,182.3870086669922
2026-06-18,1506.800048828125,1842.0999755859375,430.0,2731.30322265625,1359.0518798828125,10077.0,1770.189453125,952.9917602539062,212.43858337402344,404.5948486328125,413.3556823730469,5159.07861328125,1688.2369384765625,1355.5,440.46636962890625,1479.55322265625,423.2096252441406,6739.20947265625,1259.5125732421875,7522.22802734375,319.3589782714844,1150.058837890625,786.0,589.2000122070312,4948.806640625,2196.16162109375,1331.078369140625,937.2319946289062,1127.5,291.1499938964844,402.25555419921875,4190.0,2310.348388671875,3103.904296875,817.0137939453125,13349.92578125,2275.59228515625,1393.700439453125,358.08184814453125,244.26058959960938,4923.39990234375,1569.7965087890625,287.3607177734375,1328.0999755859375,1807.5999755859375,1042.699951171875,25344.123046875,1820.0301513671875,1111.4000244140625,400.41876220703125,2191.285400390625,1411.03125,4373.548828125,3457.60009765625,11201.3623046875,180.77540588378906
2026-06-19,1502.4000244140625,1835.300048828125,423.95001220703125,2709.393310546875,1356.8536376953125,10066.0,1767.8914794921875,955.9237060546875,206.30177307128906,413.0177001953125,415.0036926269531,5109.89794921875,1692.7352294921875,1351.800048828125,439.78424072265625,1459.8990478515625,418.0762023925781,6715.30810546875,1264.0836181640625,7532.12451171875,322.8470458984375,1120.262939453125,779.7999877929688,591.8499755859375,4902.783203125,2172.50244140625,1335.2431640625,945.9179077148438,1051.4000244140625,292.5,398.5619201660156,4209.39990234375,2334.671875,3042.845703125,813.3306274414062,13261.810546875,2208.29638671875,1408.0316162109375,361.89068603515625,245.20657348632812,4812.2861328125,1568.6051025390625,290.89422607421875,1309.5,1800.199951171875,1035.0999755859375,25009.9921875,1833.4947509765625,1111.5,399.8721618652344,2113.412353515625,1373.8963623046875,4405.4443359375,3442.89990234375,11139.6220703125,178.75843811035156
2026-06-22,1549.9000244140625,1827.199951171875,428.0,2651.0,1357.552978515625,10191.0,1780.680419921875,962.384033203125,206.5397186279297,410.1768493652344,420.5970153808594,5132.029296875,1718.125244140625,1415.699951171875,437.5429382324219,1480.4510498046875,416.84222412109375,6759.62548828125,1282.56640625,7560.3291015625,322.29888916015625,1119.0750732421875,786.4000244140625,597.1500244140625,4911.4560546875,2162.89990234375,1341.0938720703125,919.5606079101562,1065.4000244140625,291.25,401.4569091796875,4201.2998046875,2323.1552734375,3031.56396484375,808.7515869140625,13287.552734375,2220.567626953125,1395.1932373046875,363.1273193359375,244.4099578857422,4843.6767578125,1560.9600830078125,288.40582275390625,1326.5,1805.5,1040.75,24930.19921875,1858.030517578125,1112.9000244140625,403.45001220703125,2116.197021484375,1398.847900390625,4358.19921875,3488.699951171875,11173.921875,178.1454315185547
2026-06-23,1511.199951171875,1784.0,414.8500061035156,2661.199951171875,1362.44921875,10025.0,1763.4952392578125,956.5200805664062,205.34010314941406,398.5643005371094,422.69451904296875,5155.14404296875,1725.222412109375,1433.0999755859375,433.0115966796875,1477.75732421875,414.423583984375,6719.29150390625,1293.099609375,7499.466796875,318.8108215332031,1098.287353515625,774.6500244140625,597.4500122070312,4902.48779296875,2160.10009765625,1327.11181640625,903.98583984375,1029.300048828125,290.0,400.957763671875,4179.39990234375,2340.8271484375,3005.7353515625,817.3124389648438,13317.25390625,2185.994384765625,1385.53955078125,360.7035217285156,243.3146209716797,4819.759765625,1555.49951171875,290.59564208984375,1309.5,1786.199951171875,1024.199951171875,24970.095703125,1863.1170654296875,1103.800048828125,398.29998779296875,2048.368896484375,1379.744384765625,4291.21923828125,3456.199951171875,11080.822265625,172.5196990966797
2026-06-24,1525.4000244140625,1813.300048828125,426.8500061035156,2667.5,1383.43310546875,9750.0,1778.98193359375,984.8956298828125,209.9402313232422,401.6044921875,420.14752197265625,5176.2919921875,1792.196044921875,1437.9000244140625,430.4779357910156,1494.4185791015625,418.66851806640625,6725.76513671875,1320.02880859375,7493.52880859375,324.0928039550781,1102.642822265625,793.2000122070312,591.75,4826.2099609375,2157.800048828125,1362.11669921875,926.0999755859375,1056.5999755859375,290.3500061035156,405.2503662109375,4181.7001953125,2350.556640625,3032.652587890625,815.7197265625,13116.2724609375,2202.0634765625,1375.985595703125,353.23419189453125,238.98304748535156,4911.44140625,1567.7115478515625,289.55047607421875,1313.5999755859375,1767.699951171875,1034.5999755859375,26002.412109375,1869.5003662109375,1098.0999755859375,393.1000061035156,2097.49951171875,1424.5792236328125,4309.65869140625,3440.60009765625,11201.3623046875,172.50979614257812
2026-06-25,1526.0999755859375,1796.0,423.75,2645.199951171875,1376.138671875,9843.0,1763.095458984375,974.4100952148438,200.0261688232422,401.4051513671875,415.6529235839844,5151.2099609375,1798.4935302734375,1440.0999755859375,424.28997802734375,1489.43017578125,418.4710693359375,6685.92919921875,1341.989501953125,7519.25927734375,322.9466857910156,1089.576171875,796.2999877929688,585.4500122070312,4825.1259765625,2174.199951171875,1375.9005126953125,918.9500122070312,1041.199951171875,290.0,408.29510498046875,4216.39990234375,2326.630126953125,3149.12939453125,822.040771484375,13608.3310546875,2204.303466796875,1395.889892578125,348.2876281738281,232.11228942871094,4824.74267578125,1585.5828857421875,282.58294677734375,1318.0999755859375,1744.9000244140625,1045.4000244140625,25668.28125,1857.9307861328125,1131.300048828125,388.95001220703125,2083.27734375,1400.69970703125,4277.2646484375,3569.699951171875,11259.181640625,173.02394104003906
2026-06-29,1502.5,1776.0999755859375,424.25,2656.89990234375,1355.7545166015625,9630.0,1757.800048828125,976.0499877929688,200.59127807617188,412.41961669921875,414.7539978027344,5018.42138671875,1773.303466796875,1454.0999755859375,433.49884033203125,1487.9337158203125,420.84033203125,6530.56982421875,1367.03076171875,7349.0419921875,322.9466857910156,1091.259033203125,798.9000244140625,583.25,4743.82177734375,2151.300048828125,1375.9996337890625,915.4000244140625,1036.699951171875,290.70001220703125,394.818359375,4165.2001953125,2391.95654296875,3060.8564453125,836.1264038085938,13278.6416015625,2150.1552734375,1380.6630859375,352.29437255859375,233.05825805664062,4283.6220703125,1588.164306640625,284.92205810546875,1301.0,1755.4000244140625,1036.0999755859375,25079.810546875,1869.8994140625,1112.800048828125,386.5,2086.4599609375,1397.4833984375,4263.21142578125,3456.800048828125,11109.2421875,173.49850463867188
2026-06-30,1492.199951171875,1810.199951171875,421.8500061035156,2635.699951171875,1344.6629638671875,9716.0,1780.199951171875,1004.75,202.4253692626953,412.76849365234375,417.8003234863281,5062.1923828125,1789.0972900390625,1465.4000244140625,427.8468322753906,1462.2933349609375,416.7928771972656,6551.9814453125,1348.5479736328125,7000.19482421875,328.92626953125,1060.9683837890625,797.9500122070312,575.8499755859375,4724.80126953125,2118.199951171875,1363.7032470703125,924.2000122070312,1000.4000244140625,286.95001220703125,391.573974609375,4143.39990234375,2401.586669921875,3036.907958984375,832.4432373046875,13974.65234375,2105.16162109375,1398.4774169921875,352.8384704589844,233.90464782714844,4311.525390625,1581.3135986328125,284.9718017578125,1293.9000244140625,1765.699951171875,1026.9000244140625,25184.537109375,1857.6314697265625,1075.5999755859375,385.5,2020.422119140625,1369.120361328125,4389.59619140625,3460.60009765625,11027.90234375,168.4659881591797
2026-07-01,1535.0,1848.199951171875,418.8500061035156,2716.39990234375,1367.6451416015625,9842.0,1797.5999755859375,1014.9000244140625,203.27798461914062,412.6189880371094,417.7004699707031,5175.80029296875,1802.592041015625,1456.699951171875,423.65655517578125,1367.51416015625,439.0540466308594,6518.619140625,1331.4564208984375,7065.01611328125,330.27166748046875,1023.7482299804688,796.1500244140625,569.9500122070312,4764.81298828125,2182.0,1368.264892578125,941.5999755859375,985.2999877929688,290.29998779296875,399.7598571777344,4092.60009765625,2380.241455078125,3097.471923828125,847.1260986328125,14251.8681640625,2071.27001953125,1446.844970703125,354.0751037597656,233.99427795410156,4315.21240234375,1570.5908203125,286.21600341796875,1308.0,1790.9000244140625,1047.4000244140625,25852.80078125,1861.32177734375,1090.9000244140625,375.45001220703125,1971.788818359375,1327.6968994140625,4384.21435546875,3494.0,11226.841796875,168.20892333984375
2026-07-02,1555.199951171875,1883.199951171875,428.95001220703125,2744.5,1361.5499267578125,9857.0,1855.699951171875,1018.4000244140625,203.3374786376953,400.6575622558594,418.1000061035156,5285.96533203125,1787.7978515625,1456.0,427.7006530761719,1438.5487060546875,441.2752380371094,6655.056640625,1337.2197265625,7174.86572265625,329.873046875,1067.20458984375,795.9000244140625,571.3499755859375,4796.54638671875,2210.60009765625,1388.2960205078125,943.5,1040.9000244140625,289.8999938964844,398.61181640625,4059.39990234375,2382.326416015625,3142.39990234375,852.1033325195312,14205.3349609375,2186.7734375,1439.28125,354.42138671875,234.96017456054688,4564.74560546875,1593.9228515625,286.863037109375,1303.5,1784.4000244140625,1051.5999755859375,26152.0234375,1866.1092529296875,1107.199951171875,376.3999938964844,2056.82275390625,1385.300048828125,4466.4443359375,3626.800048828125,11305.2421875,172.0352325439453
2026-07-03,1556.199951171875,1874.199951171875,443.3999938964844,2737.800048828125,1341.065673828125,9785.5,1895.5999755859375,1031.4000244140625,198.8761444091797,382.3665771484375,426.79998779296875,5290.8837890625,1789.0972900390625,1458.199951171875,427.5057678222656,1460.5972900390625,438.6591796875,6729.25048828125,1365.4407958984375,7263.4384765625,326.2852783203125,1127.4891357421875,801.0499877929688,567.7000122070312,4782.25634765625,2201.199951171875,1399.6007080078125,974.3499755859375,1047.199951171875,289.95001220703125,396.06622314453125,4026.60009765625,2458.17626953125,3136.89990234375,834.7327270507812,14223.15625,2236.63671875,1452.8162841796875,352.640625,236.8321990966797,4666.49267578125,1586.57568359375,286.5146484375,1304.0,1788.699951171875,1040.0,26695.609375,1899.8209228515625,1116.699951171875,375.20001220703125,2082.083984375,1410.0999755859375,4446.509765625,3627.39990234375,11488.5009765625,174.09173583984375
2026-07-06,1549.199951171875,1864.4000244140625,441.3999938964844,2754.89990234375,1338.567626953125,10036.5,1870.699951171875,1029.0999755859375,205.6077880859375,386.2540283203125,424.29998779296875,5365.14697265625,1849.7734375,1472.300048828125,421.31781005859375,1478.455810546875,443.9900207519531,6829.337890625,1359.2799072265625,7394.0703125,329.1754150390625,1122.7376708984375,829.8499755859375,564.2000122070312,4872.7255859375,2202.0,1414.9710693359375,1009.7999877929688,1042.199951171875,288.25,380.642822265625,4041.0,2473.6640625,3201.199951171875,834.2847900390625,14312.26171875,2246.959716796875,1466.649658203125,352.4427490234375,242.86651611328125,4699.4775390625,1605.3406982421875,284.07598876953125,1321.300048828125,1787.699951171875,1037.699951171875,26560.9609375,1907.800048828125,1117.9000244140625,377.54998779296875,2046.3798828125,1406.5,4469.7333984375,3705.0,11427.7412109375,172.35162353515625
2026-07-07,1519.0,1833.9000244140625,435.8999938964844,2731.39990234375,1339.966552734375,10109.5,1885.300048828125,1042.5,203.3374786376953,375.23956298828125,406.8999938964844,5357.76953125,1852.67236328125,1451.800048828125,418.0045471191406,1512.6759033203125,447.6919860839844,6743.69091796875,1346.063720703125,7457.90185546875,330.421142578125,1156.39404296875,829.2999877929688,572.4500122070312,4922.986328125,2208.800048828125,1402.873046875,1022.25,1071.800048828125,288.75,381.04217529296875,3991.89990234375,2472.274169921875,3196.39990234375,843.7913818359375,14393.4462890625,2312.60009765625,1464.7589111328125,350.4146728515625,243.14532470703125,4867.892578125,1610.7020263671875,283.0308837890625,1308.4000244140625,1832.300048828125,1038.0999755859375,26640.751953125,1903.4000244140625,1125.0,377.20001220703125,2084.669921875,1447.5,4589.14208984375,3712.699951171875,11415.9814453125,171.04652404785156
2026-07-08,1504.5999755859375,1791.699951171875,421.1000061035156,2665.89990234375,1308.4908447265625,10164.0,1854.9000244140625,1010.4000244140625,194.35531616210938,376.585205078125,397.04998779296875,5228.423828125,1768.705322265625,1431.800048828125,418.10198974609375,1442.5394287109375,430.9590759277344,6727.2587890625,1340.4990234375,7341.61962890625,325.43817138671875,1134.0224609375,810.2999877929688,555.7000122070312,4821.87353515625,2135.800048828125,1369.05810546875,994.6500244140625,1069.300048828125,280.6499938964844,369.462158203125,3892.10009765625,2441.298828125,3102.5,836.2756958007812,13812.2822265625,2241.89990234375,1443.560791015625,344.97344970703125,245.95338439941406,4752.99169921875,1559.173095703125,278.4024658203125,1275.9000244140625,1789.0,1016.9000244140625,25842.826171875,1888.199951171875,1089.800048828125,372.1000061035156,2046.2803955078125,1428.800048828125,4571.39990234375,3639.699951171875,11125.90234375,170.76968383789062
2026-07-09,1486.5999755859375,1800.0999755859375,428.1499938964844,2673.800048828125,1296.5999755859375,10155.0,1895.0,1003.7999877929688,198.1425018310547,380.37298583984375,403.54998779296875,5273.67041015625,1791.196533203125,1441.300048828125,418.9302978515625,1465.1866455078125,437.47454833984375,6785.0205078125,1261.5,7284.71533203125,326.63409423828125,1138.77392578125,817.5499877929688,551.8499755859375,4827.49072265625,2144.5,1369.1572265625,1015.1500244140625,1050.800048828125,282.04998779296875,376.5,3886.0,2485.27978515625,3085.39990234375,856.1348876953125,13591.5,2261.300048828125,1456.199951171875,340.0268859863281,242.61758422851562,4813.1826171875,1579.0301513671875,280.0447998046875,1279.800048828125,1821.699951171875,1022.0999755859375,26226.828125,1938.699951171875,1106.699951171875,375.5,2038.323974609375,1426.300048828125,4555.7998046875,3626.10009765625,11293.4814453125,170.80921936035156
2026-07-10,1536.5999755859375,1828.0999755859375,436.45001220703125,2677.800048828125,1323.699951171875,10156.0,1916.0,1020.5,208.1953582763672,393.9790954589844,418.5,5265.3095703125,1807.09033203125,1439.4000244140625,418.3456115722656,1500.304931640625,437.820068359375,6807.92626953125,1244.300048828125,7289.1689453125,328.7269592285156,1152.33544921875,824.9500122070312,567.7000122070312,4877.357421875,2150.60009765625,1389.48583984375,1015.7999877929688,1068.0,281.75,376.94921875,3945.800048828125,2478.330322265625,3129.39990234375,848.6192626953125,13716.2470703125,2321.89990234375,1455.199951171875,340.8677978515625,243.9220428466797,5036.4072265625,1587.0721435546875,281.78668212890625,1307.800048828125,1862.9000244140625,1036.0,26545.998046875,1935.5,1111.9000244140625,381.29998779296875,2057.717529296875,1454.800048828125,4584.39990234375,3623.10009765625,11476.7412109375,173.47874450683594
2026-07-13,1546.5,1810.300048828125,432.1499938964844,2652.10009765625,1319.4000244140625,10381.0,1908.0999755859375,1022.5999755859375,211.3182830810547,407.7845764160156,410.95001220703125,5260.88330078125,1810.1890869140625,1426.699951171875,419.22265625,1537.318603515625,433.2789611816406,6910.00537109375,1234.5,7220.8837890625,331.367919921875,1208.8583984375,817.9500122070312,573.4000244140625,4880.31396484375,2130.60009765625,1397.716552734375,1012.9000244140625,1102.5999755859375,279.6499938964844,383.987060546875,3928.5,2474.656982421875,3160.39990234375,842.8954467773438,13558.828125,2390.39990234375,1427.0,347.9908447265625,247.39724731445312,5174.42822265625,1569.3994140625,284.6732177734375,1296.9000244140625,1855.9000244140625,1037.0,26351.50390625,1921.4000244140625,1098.5999755859375,377.8500061035156,2169.604248046875,1504.5,4601.5,3676.89990234375,11339.5419921875,176.41519165039062
2026-07-14,1604.5,1821.9000244140625,429.79998779296875,2641.0,1317.5999755859375,10166.0,1869.199951171875,1006.5999755859375,206.0836639404297,402.6012878417969,437.29998779296875,5196.9482421875,1770.804443359375,1438.0999755859375,419.6124267578125,1530.9334716796875,428.885986328125,7158.978515625,1246.199951171875,7204.06005859375,326.38494873046875,1154.9091796875,809.4000244140625,555.2000122070312,4807.58349609375,2120.199951171875,1395.9315185546875,997.3499755859375,1092.9000244140625,275.54998779296875,377.9974060058594,3848.699951171875,2451.42529296875,3093.300048828125,844.3886108398438,13354.8759765625,2372.300048828125,1427.0999755859375,344.4293212890625,247.8453369140625,5111.34716796875,1544.2802734375,284.822509765625,1293.0,1840.300048828125,1015.4000244140625,26211.8671875,1942.5999755859375,1097.5999755859375,377.70001220703125,2188.60009765625,1484.300048828125,4573.7001953125,3608.39990234375,11266.0419921875,175.1397705078125
2026-07-15,1555.4000244140625,1829.0999755859375,435.25,2670.0,1312.300048828125,10323.0,1849.5999755859375,1021.2999877929688,214.65933227539062,416.6061096191406,434.6000061035156,5228.423828125,1803.1917724609375,1438.0,416.6402587890625,1529.636474609375,425.77630615234375,7243.13134765625,1229.5,7327.7646484375,326.43475341796875,1156.196044921875,815.4500122070312,568.75,4805.51416015625,2102.60009765625,1404.3604736328125,1009.7000122070312,1076.300048828125,276.6499938964844,377.7478332519531,3783.89990234375,2475.053955078125,3082.89990234375,840.6058959960938,13447.94140625,2339.199951171875,1424.4000244140625,340.6699523925781,246.1326141357422,5058.2314453125,1557.5845947265625,279.3978271484375,1295.5,1866.4000244140625,1030.0999755859375,26855.1953125,1951.5,1085.5,380.8999938964844,2189.199951171875,1498.699951171875,4579.39990234375,3612.300048828125,11575.720703125,172.67788696289062
2026-07-16,1543.699951171875,1826.4000244140625,433.6000061035156,2674.699951171875,1307.5999755859375,10331.5,1838.5999755859375,1037.5999755859375,212.57737731933594,434.0,440.70001220703125,5223.505859375,1788.3975830078125,1429.5,416.44537353515625,1527.1422119140625,423.95001220703125,7285.955078125,1224.4000244140625,7341.61962890625,325.4880065917969,1175.4000244140625,808.2999877929688,567.5999755859375,4826.998046875,2098.39990234375,1406.34375,1013.5,1082.4000244140625,279.3500061035156,376.5,3775.60009765625,2482.5,3117.800048828125,835.5291137695312,13645.953125,2352.0,1423.5,338.7902526855469,245.70445251464844,5041.78857421875,1548.4501953125,279.44757080078125,1296.5999755859375,1822.0999755859375,1031.199951171875,26930.0,1950.0999755859375,1088.5,377.1000061035156,2201.0,1510.300048828125,4625.7998046875,3563.5,11535.541015625,175.73300170898438
2026-07-17,1513.9000244140625,1837.4000244140625,438.5,2689.0,1328.5,10443.0,1854.0,1056.300048828125,211.4174346923828,422.0,437.20001220703125,5323.8349609375,1804.19140625,1418.699951171875,416.73773193359375,1504.8941650390625,427.20001220703125,7217.736328125,1211.199951171875,7485.11669921875,347.8117370605469,1203.9000244140625,819.5999755859375,563.6500244140625,4838.7255859375,2143.800048828125,1432.2257080078125,1027.199951171875,1096.5,280.70001220703125,389.95001220703125,3814.5,2443.199951171875,3179.199951171875,840.157958984375,13665.75390625,2394.199951171875,1427.199951171875,338.1966552734375,246.24215698242188,5165.95751953125,1554.90380859375,282.2345886230469,1327.199951171875,1829.4000244140625,1044.300048828125,26515.0,1932.5999755859375,1088.5999755859375,377.25,2269.0,1572.9000244140625,4638.10009765625,3618.199951171875,11492.4208984375,174.0126495361328
2026-07-20,1530.0,1844.0,437.79998779296875,2691.39990234375,1256.0,10522.5,1861.5,1064.0,209.5238494873047,417.5,436.5,5380.39306640625,1782.10009765625,1441.5999755859375,418.44305419921875,1503.896484375,426.5,7287.94677734375,1223.0999755859375,7485.11669921875,349.5557861328125,1221.300048828125,777.5999755859375,564.6500244140625,4905.54296875,2139.699951171875,1447.99267578125,1032.8499755859375,1087.0999755859375,282.70001220703125,382.04998779296875,3838.800048828125,2478.5,3165.5,851.406494140625,13379.6279296875,2413.39990234375,1446.300048828125,343.5389404296875,248.5224609375,5170.7412109375,1554.60595703125,287.3607177734375,1323.0999755859375,1824.5,1060.0,26850.0,1956.4000244140625,1091.9000244140625,384.29998779296875,2251.10009765625,1576.4000244140625,4643.39990234375,3590.199951171875,11664.900390625,174.3883514404297
2026-07-21,1541.9000244140625,1846.5,440.8500061035156,2692.39990234375,1258.199951171875,10403.5,1900.5999755859375,1069.199951171875,207.03541564941406,413.29998779296875,440.29998779296875,5392.1962890625,1758.800048828125,1432.5,420.245849609375,1490.527587890625,426.1000061035156,7299.8974609375,1206.0,7609.81103515625,354.8377380371094,1239.5,761.4500122070312,561.0,4961.12548828125,2142.5,1450.868408203125,1063.449951171875,1073.5,281.0,385.95001220703125,3846.60009765625,2514.800048828125,3201.699951171875,849.6644897460938,13461.802734375,2380.10009765625,1451.9000244140625,344.8250427246094,248.83114624023438,5200.93603515625,1579.9237060546875,285.3699951171875,1303.699951171875,1827.9000244140625,1044.4000244140625,27245.0,1961.9000244140625,1081.5,381.45001220703125,2221.10009765625,1576.300048828125,4688.7001953125,3792.0,11852.080078125,172.99427795410156
2026-07-22,1472.300048828125,1819.4000244140625,430.79998779296875,2692.800048828125,1238.4000244140625,10998.5,1876.4000244140625,1060.300048828125,172.009033203125,416.45001220703125,437.95001220703125,5395.63916015625,1728.0,1415.0999755859375,417.46856689453125,1467.9801025390625,426.5,7356.16552734375,1182.800048828125,7552.9072265625,352.0472717285156,1237.300048828125,753.1500244140625,553.0999755859375,4914.806640625,2154.60009765625,1428.6556396484375,1069.300048828125,1052.0999755859375,280.79998779296875,381.1499938964844,3817.39990234375,2406.89990234375,3175.300048828125,858.7230834960938,13410.3193359375,2273.800048828125,1493.5999755859375,346.75421142578125,250.83262634277344,5081.15185546875,1597.0999755859375,287.9578857421875,1288.5999755859375,1806.699951171875,1025.0,26720.0,1943.0,1094.9000244140625,378.54998779296875,2208.300048828125,1560.5999755859375,4711.60009765625,3907.60009765625,11655.1005859375,172.4702606201172
2026-07-23,1379.9000244140625,1778.5,423.54998779296875,2668.800048828125,1223.0,11283.5,1889.4000244140625,1039.800048828125,164.41485595703125,409.6000061035156,435.20001220703125,5299.736328125,1717.300048828125,1393.0,416.15301513671875,1436.5533447265625,423.1499938964844,7275.0,1166.300048828125,7641.4794921875,353.193359375,1244.699951171875,747.25,550.9500122070312,5098.7998046875,2161.800048828125,1422.606689453125,1005.5,1047.4000244140625,281.29998779296875,383.3500061035156,3792.39990234375,2396.300048828125,3229.699951171875,849.3161010742188,13269.7314453125,2232.39990234375,1447.9000244140625,344.87451171875,251.30062866210938,4984.58740234375,1564.199951171875,288.45556640625,1272.199951171875,1853.5,1012.5999755859375,26825.0,1954.0,1107.699951171875,376.1499938964844,2242.89990234375,1555.800048828125,4697.2998046875,3919.800048828125,11669.80078125,172.84597778320312
2026-07-24,1395.0999755859375,1768.300048828125,425.1499938964844,2637.89990234375,1227.300048828125,11130.0,1876.699951171875,1012.7999877929688,164.5040740966797,417.29998779296875,433.6499938964844,5291.37548828125,1724.4000244140625,1410.5999755859375,416.49407958984375,1481.2491455078125,423.20001220703125,7248.5,1151.699951171875,7548.9482421875,353.09368896484375,1271.0,742.7999877929688,555.0499877929688,5011.10009765625,2145.0,1420.9208984375,996.0499877929688,1040.9000244140625,283.45001220703125,384.75,3785.60009765625,2370.5,3161.39990234375,851.7051391601562,13308.34375,2288.10009765625,1443.5,343.489501953125,247.7059326171875,5182.5,1570.9000244140625,286.863037109375,1278.0,1858.5999755859375,1015.0,26740.0,1941.0999755859375,1088.0,374.3999938964844,2254.300048828125,1559.5,4677.0,3870.199951171875,11609.041015625,175.1199951171875
2026-07-27,1399.699951171875,1770.4000244140625,430.95001220703125,2710.199951171875,1227.5,11183.5,1913.0,1048.300048828125,167.9739990234375,415.95001220703125,436.25,5296.29345703125,1785.199951171875,1409.4000244140625,416.591552734375,1524.84765625,427.3500061035156,7414.0,1150.800048828125,7688.98193359375,355.2862243652344,1295.9000244140625,739.5499877929688,552.8499755859375,5113.7998046875,2174.60009765625,1433.6138916015625,1006.6500244140625,1079.199951171875,285.8500061035156,384.6499938964844,3806.0,2410.0,3238.60009765625,854.7412719726562,13593.48046875,2332.699951171875,1446.0999755859375,347.0509948730469,237.5491485595703,5268.2001953125,1611.300048828125,287.510009765625,1280.0,1866.800048828125,1020.5999755859375,26860.0,1973.699951171875,1107.4000244140625,377.3500061035156,2295.60009765625,1575.0,4740.10009765625,3876.39990234375,11643.3408203125,178.52999877929688
2026-07-28,1377.800048828125,1774.699951171875,426.0,2736.199951171875,1223.5,11374.0,1927.9000244140625,1048.4000244140625,167.38906860351562,405.75,432.45001220703125,5388.75341796875,1753.0,1444.5999755859375,399.68426513671875,1682.081298828125,424.6000061035156,7425.0,1135.5999755859375,7754.79296875,356.0336608886719,1318.5999755859375,735.4000244140625,558.75,5154.2998046875,2022.699951171875,1418.8385009765625,991.9500122070312,1105.699951171875,284.6499938964844,385.29998779296875,3832.0,2395.800048828125,3271.199951171875,879.2293090820312,13664.763671875,2413.5,1491.800048828125,340.07635498046875,237.89767456054688,5428.39990234375,1619.5999755859375,283.9764709472656,1267.699951171875,1889.0999755859375,1013.2000122070312,26875.0,1976.699951171875,1082.0999755859375,371.3500061035156,2398.0,1635.199951171875,4849.7001953125,3993.5,11716.83984375,181.1199951171875
2026-07-29,1373.0999755859375,1719.699951171875,435.29998779296875,2758.39990234375,1235.4000244140625,11338.0,1924.4000244140625,1054.4000244140625,172.08834838867188,405.1499938964844,431.1000061035156,5427.11474609375,1802.9000244140625,1474.300048828125,399.5868225097656,1710.9141845703125,433.70001220703125,7784.5,1142.300048828125,7698.3837890625,357.92718505859375,1344.300048828125,748.2000122070312,556.7000122070312,5149.10009765625,2117.800048828125,1425.879150390625,1012.2999877929688,1155.5999755859375,286.25,390.20001220703125,3931.39990234375,2447.0,3221.800048828125,874.7000122070312,13809.3125,2361.300048828125,1503.300048828125,339.8290100097656,237.30020141601562,5483.2998046875,1629.9000244140625,281.537841796875,1275.9000244140625,1894.9000244140625,1013.7000122070312,26825.0,1989.9000244140625,1096.0999755859375,377.25,2446.60009765625,1644.199951171875,4850.2001953125,4075.60009765625,11758.0,183.61000061035156
2026-07-30,1358.699951171875,1664.0999755859375,434.20001220703125,2746.199951171875,1228.9000244140625,11432.0,1909.4000244140625,1053.5,171.23573303222656,403.0,425.3500061035156,5434.0,1773.800048828125,1466.4000244140625,406.55438232421875,1742.83984375,426.1000061035156,7835.0,1144.800048828125,7830.5,352.9442138671875,1352.699951171875,753.9500122070312,545.4000244140625,5325.0,2107.89990234375,1421.91259765625,1011.4500122070312,1155.0999755859375,285.04998779296875,389.3999938964844,3937.699951171875,2421.199951171875,3283.699951171875,885.3499755859375,14046.92578125,2346.699951171875,1520.699951171875,341.1645812988281,240.56631469726562,5514.7001953125,1629.9000244140625,284.3746337890625,1292.9000244140625,1877.5,1025.300048828125,26455.0,2001.0999755859375,1094.199951171875,375.95001220703125,2431.800048828125,1669.0,4850.0,4208.39990234375,11847.0,186.3300018310547
2026-07-31,1383.0,1696.5,432.20001220703125,2747.300048828125,1229.5,11520.5,2029.0999755859375,1141.199951171875,172.6336212158203,407.0,425.70001220703125,5416.5,1849.9000244140625,1473.199951171875,408.9737548828125,1717.0,421.45001220703125,8056.0,1148.0999755859375,7833.5,357.6282043457031,1346.9000244140625,748.1500244140625,548.5,5386.0,2101.300048828125,1423.4000244140625,1012.4500122070312,1130.0999755859375,281.0,390.29998779296875,3938.89990234375,2415.0,3398.5,870.6500244140625,14092.46875,2342.300048828125,1509.5999755859375,343.5389404296875,241.50233459472656,5549.0,1611.4000244140625,282.93133544921875,1307.800048828125,1882.0,1027.4000244140625,26055.0,1990.5,1083.0999755859375,380.70001220703125,2365.60009765625,1651.300048828125,4875.2001953125,4313.10009765625,11903.0,183.64999389648438
2026-08-03,1395.0,1701.0,444.0,2810.0,1272.0,11856.0,2096.0,1153.0,172.15773010253906,411.1499938964844,427.0,5531.0,1888.199951171875,1474.4000244140625,410.8006286621094,1768.0,425.79998779296875,8585.0,1180.0,8050.0,370.4344787597656,1377.0,753.0,553.0999755859375,5460.0,2138.0,1460.0,1028.9000244140625,1180.0,287.0,397.5,4025.0,2393.0,3428.60009765625,880.9500122070312,14009.3037109375,2429.0,1530.0,347.1499328613281,240.97457885742188,5575.0,1642.5,285.6685791015625,1319.0,1915.0,1045.0,27000.0,1963.5,1110.0,382.0,2473.699951171875,1649.0,5000.0,4389.0,12054.0,188.66000366210938
2026-08-04,1384.0,1706.699951171875,436.04998779296875,2775.0,1261.800048828125,11600.0,2105.0,1149.0,172.10816955566406,411.95001220703125,422.0,5478.0,1875.0,1460.0,412.3806457519531,1749.9000244140625,409.6499938964844,8378.0,1172.5999755859375,7935.0,361.2159729003906,1369.9000244140625,742.0,535.9500122070312,5548.0,2096.5,1454.5999755859375,1026.0,1167.5,289.0,398.0,3990.0,2410.0,3433.0,875.0,14027.125,2380.0,1520.0,339.9774169921875,240.97457885742188,5499.0,1620.0,282.08526611328125,1290.9000244140625,1899.0,1042.699951171875,26900.0,1964.0,1092.0,380.0,2460.0,1648.5,4935.0,4360.0,12050.0,186.3000030517578
2026-08-05,1380.0,1700.0,445.0,2760.0,1253.9000244140625,11800.0,2086.0,1158.800048828125,168.9951629638672,412.3999938964844,425.20001220703125,5440.0,1880.0,1458.800048828125,410.306884765625,1777.0,414.0,8388.0,1176.0,7986.5,355.23638916015625,1350.0,735.0,545.0,5690.0,2085.300048828125,1450.0999755859375,1019.0,1174.0,286.95001220703125,400.0,4057.0,2388.0,3455.39990234375,852.0,14048.90625,2460.0,1520.0,346.1606140136719,239.1822052001953,5520.0,1665.0,280.44293212890625,1280.0,1879.9000244140625,1055.0,26900.0,1940.0,1096.300048828125,383.0,2413.0,1650.0,4912.39990234375,4455.2001953125,12190.0,186.99000549316406
2026-08-06,1371.5,1695.0,436.5,2755.0,1256.0,11620.0,2086.0,1144.800048828125,173.1590576171875,408.1499938964844,436.6000061035156,5404.0,1940.0,1477.0,410.4056396484375,1772.800048828125,411.29998779296875,8349.0,1171.0,7967.5,352.34625244140625,1335.0,734.2999877929688,542.5,5550.5,2079.5,1457.5,1016.2000122070312,1165.0,285.8999938964844,394.0,4061.800048828125,2385.0,3406.0,860.0,13940.0,2421.89990234375,1535.0,341.31298828125,236.79237365722656,5459.5,1686.0,269.49395751953125,1325.0,1861.5,1085.0,26245.0,1951.0,1090.0,378.6000061035156,2373.0,1632.199951171875,4998.0,4375.0,12075.0,186.1199951171875
2026-08-07,1372.4000244140625,1693.5,434.0,2735.0,1238.0,11662.0,2008.9000244140625,1078.0,174.5073699951172,405.20001220703125,426.3500061035156,5510.0,1866.199951171875,1463.800048828125,410.05999755859375,1776.0,410.0,8275.0,1172.0,8020.0,355.03704833984375,1356.5999755859375,731.0,540.0,5725.0,2096.0,1421.0,1022.0,1175.0999755859375,286.1000061035156,390.75,4056.0,2363.5,3502.0,862.0,14037.0,2475.0,1540.0,338.8396911621094,237.83792114257812,5475.0,1660.0,270.34002685546875,1334.800048828125,1855.5,1097.199951171875,26010.0,1945.0,1082.300048828125,380.54998779296875,2452.699951171875,1635.0,4941.0,4440.89990234375,12105.0,187.52999877929688
2026-08-10,1369.0,1681.0,430.8500061035156,2750.0,1247.300048828125,11677.0,2021.300048828125,1102.199951171875,171.13658142089844,409.0,426.1000061035156,5623.5,1920.0,1467.699951171875,405.8631286621094,1810.0,414.20001220703125,8300.0,1158.800048828125,7975.0,357.1299133300781,1357.199951171875,731.0,540.0,5860.0,2087.199951171875,1431.800048828125,1027.300048828125,1183.0,282.6499938964844,393.5,4080.0,2300.0,3517.0,863.5,14097.0,2508.0,1528.5999755859375,336.8116149902344,238.82373046875,5474.0,1685.0,268.84698486328125,1327.300048828125,1855.0,1071.0,26100.0,1944.4000244140625,1108.699951171875,382.0,2425.699951171875,1640.0,5090.0,4466.2001953125,12038.0,185.5
2026-08-11,1366.0,1668.199951171875,424.0,2735.5,1229.800048828125,11717.0,2032.0,1093.300048828125,172.50473022460938,403.0,426.0,5598.0,1914.4000244140625,1463.0,407.443115234375,1819.0,412.6499938964844,8578.5,1205.0,8000.0,353.34283447265625,1365.4000244140625,729.0,536.0,5865.5,2064.89990234375,1429.5999755859375,1008.9000244140625,1190.699951171875,279.0,392.8999938964844,4037.39990234375,2278.89990234375,3460.10009765625,855.0,13990.0,2530.0,1493.199951171875,334.8330078125,238.4353790283203,5536.0,1685.800048828125,266.70697021484375,1323.9000244140625,1837.5999755859375,1066.0,25510.0,1942.0,1078.0,380.0,2445.699951171875,1643.0,5128.0,4400.0,11780.0,184.60000610351562
2026-08-12,1332.300048828125,1665.0,421.0,2740.0,1230.0,11700.0,2020.5,1094.199951171875,174.487548828125,420.0,427.3999938964844,5645.5,1917.5999755859375,1463.0,404.1843566894531,1801.5,411.25,8600.0,1200.0,8049.0,355.6350402832031,1365.4000244140625,729.0,537.0,5895.0,2063.0,1431.699951171875,1017.5,1176.0999755859375,276.1499938964844,390.5,4020.0,2281.0,3403.60009765625,855.0,13875.0,2537.60009765625,1507.0,335.82232666015625,238.03707885742188,5474.0,1701.5,268.20001220703125,1329.0,1830.0,1082.0,25570.0,1944.0,1061.9000244140625,379.45001220703125,2349.699951171875,1625.0,5099.0,4375.0,11891.0,183.94000244140625
2026-08-13,1319.0,1658.0,419.3999938964844,2755.5,1221.800048828125,11661.0,2025.0,1090.800048828125,174.38839721679688,420.0,420.0,5615.0,1927.9000244140625,1458.800048828125,405.3693542480469,1829.0,410.0,8500.0,1206.0,8100.0,351.25,1370.0,725.0,538.0499877929688,5850.0,2092.0,1406.800048828125,1024.699951171875,1175.0,278.5,392.3999938964844,4070.699951171875,2250.300048828125,3428.199951171875,864.4500122070312,13905.0,2541.0,1506.9000244140625,340.5710144042969,238.8834686279297,5523.0,1696.0999755859375,266.6000061035156,1317.0,1812.0,1083.0,25245.0,1932.0,1090.5,382.79998779296875,2375.0,1639.0,5063.7001953125,4342.2001953125,11706.0,183.10000610351562
2026-08-14,1348.0,1700.0,417.5,2696.300048828125,1217.4000244140625,11700.0,2008.300048828125,1087.0,173.0500030517578,421.70001220703125,417.0,5558.0,1894.4000244140625,1450.0,402.0118713378906,1812.0,405.25,8477.0,1200.0,8066.5,351.29998779296875,1360.0,727.0,535.8499755859375,5790.0,2077.0,1417.0,1020.7999877929688,1169.199951171875,278.20001220703125,391.1499938964844,4057.0,2235.0,3428.300048828125,865.2000122070312,13834.0,2545.0,1499.0999755859375,336.3664245605469,235.39830017089844,5580.0,1693.0,266.04998779296875,1310.0,1795.0,1067.699951171875,24795.0,1930.0,1079.5,382.04998779296875,2361.0,1632.800048828125,5056.2001953125,4307.0,11619.0,184.0
2026-08-17,1327.5999755859375,1691.0,415.25,2687.5,1227.300048828125,11663.0,2005.0,1089.300048828125,173.25,435.95001220703125,412.0,5521.0,1884.699951171875,1431.5,403.3450012207031,1806.0,406.79998779296875,8481.5,1192.0,8050.0,354.1000061035156,1325.0,729.0,543.0,5745.0,2055.0,1415.300048828125,1010.5999755859375,1139.9000244140625,273.04998779296875,392.70001220703125,4086.699951171875,2259.0,3390.39990234375,852.0499877929688,13760.0,2510.0,1470.0,333.3984680175781,237.4794464111328,5570.0,1669.0,266.1499938964844,1316.0,1790.4000244140625,1061.199951171875,24535.0,1882.0,1072.5999755859375,381.5,2313.199951171875,1610.0,5068.5,4385.89990234375,11681.0,181.89999389648438
2026-08-18,1308.0,1682.4000244140625,412.3999938964844,2628.39990234375,1243.0,11607.0,2011.199951171875,1094.300048828125,170.5,425.0,417.5,5495.0,1868.0,1431.0999755859375,401.8143615722656,1773.0,403.5,8588.0,1178.800048828125,8018.5,357.79998779296875,1298.0,723.0,538.25,5745.5,2035.0,1412.0,1015.0,1115.0,270.0,387.6499938964844,4064.300048828125,2232.0,3421.5,841.5499877929688,13691.0,2432.0,1462.5,333.4974060058594,238.48516845703125,5442.5,1674.0,268.0,1322.0,1778.0,1053.0,24725.0,1875.0999755859375,1061.5999755859375,381.0,2280.0,1592.0,5048.60009765625,4356.7998046875,11499.0,178.05999755859375
2026-08-19,1293.0,1681.9000244140625,407.5,2630.800048828125,1235.0,11645.0,2012.0,1080.199951171875,169.1999969482422,419.79998779296875,412.75,5453.0,1873.5,1422.0,395.0006103515625,1813.0999755859375,399.75,8560.0,1170.0,7990.5,358.79998779296875,1324.800048828125,720.0,536.2999877929688,5709.5,2020.699951171875,1402.0,1016.7000122070312,1119.800048828125,267.04998779296875,390.25,4041.300048828125,2225.0,3415.0,850.0,13690.0,2424.5,1465.0,332.9532775878906,236.9915313720703,5510.0,1650.0,263.5,1311.0,1780.4000244140625,1048.5999755859375,24340.0,1900.0,1068.0,378.8999938964844,2289.0,1589.800048828125,5068.0,4361.10009765625,11450.0,179.5500030517578
2026-08-20,1301.800048828125,1696.0,411.0,2625.199951171875,1251.0,11793.0,2016.0,1095.0,174.16000366210938,413.5,412.5,5548.0,1888.9000244140625,1438.0,397.4693603515625,1882.0,400.0,8570.0,1180.0,8042.0,355.29998779296875,1318.4000244140625,725.0499877929688,542.0,5740.5,2028.0,1411.9000244140625,1008.0,1130.0,271.6499938964844,397.3500061035156,4081.0,2201.5,3424.800048828125,858.3499755859375,13809.0,2430.0,1458.0,333.89312744140625,237.48941040039062,5674.0,1660.0,264.79998779296875,1313.199951171875,1782.0,1048.0,24300.0,1904.0,1056.300048828125,375.25,2298.0,1592.0999755859375,5068.0,4390.0,11575.0,181.0
2026-08-21,1320.0,1700.0,414.5,2640.0,1245.800048828125,11700.0,2032.5,1095.0,175.10000610351562,413.0,415.54998779296875,5365.0,1862.9000244140625,1432.199951171875,400.1356201171875,1891.699951171875,400.5,8597.0,1174.699951171875,8010.0,361.0,1302.5,726.9500122070312,554.7999877929688,5735.0,2015.0,1420.0,1005.5999755859375,1121.0,269.3999938964844,402.79998779296875,4093.0,2201.800048828125,3412.199951171875,849.25,13565.0,2430.0,1477.0999755859375,336.3664245605469,235.39830017089844,5667.5,1649.0,272.3999938964844,1316.0,1792.9000244140625,1048.699951171875,24280.0,1902.4000244140625,1049.0,374.29998779296875,2302.0,1584.0,5086.10009765625,4390.0,11570.0,180.7899932861328
2026-08-24,1308.0,1672.0999755859375,408.75,2640.800048828125,1236.0,11800.0,2001.699951171875,1077.0,173.89999389648438,411.3999938964844,409.3999938964844,5311.0,1846.699951171875,1437.9000244140625,401.8143615722656,1873.0,398.45001220703125,8496.0,1190.0,8047.0,357.75,1322.0,729.0,552.9500122070312,5685.0,2030.0,1415.0,1018.4000244140625,1130.0,269.70001220703125,401.45001220703125,4090.0,2188.0,3414.10009765625,846.0999755859375,13620.0,2427.0,1471.300048828125,335.87176513671875,235.54766845703125,5694.0,1660.0,271.3999938964844,1309.800048828125,1761.800048828125,1039.5,24020.0,1910.0,1062.5,373.5,2284.10009765625,1584.0,5079.0,4363.5,11504.0,181.30999755859375
2026-08-25,1330.0,1702.699951171875,413.1000061035156,2639.800048828125,1235.0,11927.0,2004.0,1087.4000244140625,173.5,417.0,417.20001220703125,5382.5,1873.0,1422.0,398.9505920410156,1892.800048828125,395.04998779296875,8744.5,1193.5,8055.0,346.95001220703125,1315.800048828125,727.5,546.7000122070312,5624.5,2024.199951171875,1422.699951171875,1015.0,1144.0,271.3999938964844,401.6000061035156,4119.0,2175.5,3443.0,847.5,13678.0,2431.89990234375,1479.0,336.218017578125,233.0084686279297,5655.0,1651.0999755859375,271.0,1317.0,1755.0,1048.0,24440.0,1922.0,1060.5,370.6000061035156,2296.199951171875,1599.9000244140625,5124.7998046875,4420.0,11540.0,180.08999633789062
2026-08-26,1303.199951171875,1691.5,419.20001220703125,2626.5,1255.0,11724.0,2010.0,1085.0,173.5,415.5,417.5,5310.0,1868.0999755859375,1402.699951171875,398.45684814453125,1880.0,392.20001220703125,9025.0,1182.0,8035.0,345.29998779296875,1298.5,727.2000122070312,553.0,5595.0,2021.0,1430.0,1004.0,1120.0,270.25,416.70001220703125,4038.10009765625,2185.0,3398.199951171875,833.0,13520.0,2400.0,1451.5,331.0241394042969,231.22605895996094,5590.5,1650.0,265.20001220703125,1298.0,1768.199951171875,1052.0,24865.0,1899.5,1047.0999755859375,364.0,2270.0,1571.0,5100.0,4464.0,11717.0,177.35000610351562
2026-08-27,1328.5,1714.0,411.04998779296875,2631.0,1256.0,11720.0,2011.0,1083.0,169.6999969482422,433.95001220703125,418.3999938964844,5298.0,1875.4000244140625,1420.0,395.0006103515625,1901.800048828125,386.20001220703125,9060.0,1177.0,8100.0,344.79998779296875,1282.0,711.0,548.0,5550.0,2009.0,1443.0,1002.9000244140625,1110.800048828125,269.0,424.20001220703125,4027.0,2158.10009765625,3330.0,833.5,13440.0,2413.60009765625,1450.0,327.3636779785156,231.01695251464844,5654.0,1656.0,264.8999938964844,1282.199951171875,1773.199951171875,1042.9000244140625,24480.0,1913.300048828125,1042.0,352.0,2248.39990234375,1585.0,5139.2998046875,4409.7998046875,11717.0,176.39999389648438
2026-08-28,1311.0,1707.5,412.04998779296875,2608.699951171875,1265.0,11910.0,2002.0,1079.9000244140625,168.25,430.8500061035156,411.1000061035156,5308.5,1862.9000244140625,1423.5,395.98809814453125,2014.5999755859375,386.0,9239.0,1178.0,8059.0,344.25,1316.0999755859375,720.2999877929688,548.0,5600.0,2010.4000244140625,1422.800048828125,994.0,1144.0,266.0,423.70001220703125,4045.800048828125,2171.5,3334.0,829.6500244140625,13376.0,2455.0,1454.5999755859375,326.5227355957031,231.26588439941406,5875.0,1629.5,266.04998779296875,1287.0,1761.0999755859375,1047.5,24000.0,1920.0,1040.699951171875,351.8500061035156,2342.0,1640.9000244140625,5169.2001953125,4304.2001953125,11589.0,180.9499969482422
2026-08-31,1214.9000244140625,1593.0999755859375,401.1499938964844,2653.60009765625,1300.0,12130.0,2021.0,1057.0,163.5,442.6499938964844,412.0,5250.0,1857.4000244140625,1409.199951171875,396.7287292480469,1985.300048828125,381.0,9467.0,1154.4000244140625,7953.5,356.70001220703125,1312.199951171875,709.0,543.3499755859375,5450.0,1967.4000244140625,1454.0,1016.5999755859375,1133.800048828125,255.5,419.3999938964844,4044.89990234375,2188.39990234375,3282.0,820.0,13547.0,2427.39990234375,1496.5,323.90106201171875,230.8177947998047,5594.5,1687.699951171875,263.54998779296875,1277.0,1740.5,1060.0,23200.0,1984.800048828125,1037.5,347.0,2399.300048828125,1628.0,5102.39990234375,4341.2998046875,11450.0,184.5
2026-09-01,1265.0,1647.5,402.20001220703125,2575.5,1258.0,12361.0,1972.0,1053.9000244140625,162.89999389648438,426.54998779296875,401.04998779296875,5187.0,1814.699951171875,1423.0,396.5805969238281,1988.9000244140625,384.0,9165.0,1171.0,7970.0,349.25,1351.4000244140625,711.9000244140625,540.2999877929688,5555.0,1994.800048828125,1438.0,992.5999755859375,1156.0,266.6000061035156,425.0,3980.10009765625,2153.0,3259.0,838.0999755859375,12950.0,2505.5,1438.199951171875,324.0,235.44808959960938,5800.0,1643.5,264.54998779296875,1309.0,1739.300048828125,1034.5,23490.0,1929.0,1030.5,350.54998779296875,2369.0,1638.0,5050.0,4203.0,11400.0,181.6999969482422
2026-09-02,1296.0,1672.699951171875,402.70001220703125,2527.5,1253.9000244140625,12130.0,1990.0,1055.9000244140625,161.52000427246094,427.5,401.0,5154.0,1825.9000244140625,1412.800048828125,412.62750244140625,1965.699951171875,379.0,9220.0,1156.5,7711.5,353.3500061035156,1331.5,700.7999877929688,533.0,5300.0,1975.0,1426.5,978.0,1140.0,266.29998779296875,423.5,3981.0,2155.199951171875,3190.0,829.3499755859375,12849.0,2480.0,1425.0,330.0,236.49363708496094,5690.0,1637.0,266.79998779296875,1313.0999755859375,1719.9000244140625,1020.9000244140625,23680.0,1931.699951171875,1012.0,364.0,2348.0,1623.0,5074.0,4200.0,11393.0,177.08999633789062
2026-09-03,1283.4000244140625,1706.5,405.0,2541.60009765625,1267.0,11920.0,1992.0999755859375,1049.0,164.22999572753906,431.79998779296875,402.0,5130.0,1849.300048828125,1394.699951171875,414.79998779296875,1971.800048828125,380.70001220703125,9250.0,1155.0,7690.0,344.6000061035156,1319.0,706.6500244140625,533.5,5308.5,1962.0,1430.0,1004.7999877929688,1130.300048828125,263.0,421.1499938964844,3975.0,2132.0,3150.0,827.4000244140625,12857.0,2471.0,1416.0,330.8999938964844,235.0,5657.0,1638.300048828125,265.6000061035156,1302.5,1715.0,1023.4000244140625,23910.0,1916.0,1019.2000122070312,365.70001220703125,2320.10009765625,1598.0,5027.0,4200.0,11275.0,175.72000122070312
2026-09-04,1301.300048828125,1707.300048828125,405.0,2527.300048828125,1273.0,11919.0,1970.0,1060.5,164.9499969482422,431.1000061035156,397.3999938964844,5101.5,1839.0,1385.0,415.3500061035156,1972.800048828125,380.8999938964844,9100.0,1151.0,7630.5,343.0,1293.4000244140625,712.0999755859375,546.4000244140625,5300.0,1973.4000244140625,1423.199951171875,1008.5,1130.0,264.1000061035156,424.5,3964.10009765625,2110.0,3170.0,815.1500244140625,12694.0,2422.0,1410.5,332.5,234.64999389648438,5643.0,1629.5,266.0,1322.0,1775.0,1016.0999755859375,23855.0,1899.0,1010.0,368.0,2304.0,1596.9000244140625,5020.0,4133.10009765625,11408.0,176.39999389648438
2026-09-07,1288.0,1694.300048828125,398.6000061035156,2500.89990234375,1266.0,11800.0,1938.5999755859375,1060.0,164.6999969482422,421.45001220703125,391.3999938964844,5042.5,1848.199951171875,1395.0,418.8500061035156,1935.0,375.5,9315.0,1144.199951171875,7672.0,342.0,1282.800048828125,710.5,533.2000122070312,5270.0,1960.0,1427.5,998.0,1087.5,263.5,422.1000061035156,3999.0,2105.0,3160.0,806.0,12760.0,2369.10009765625,1398.0,332.0,233.6999969482422,5540.0,1575.0,266.45001220703125,1309.5,1732.0,1005.9000244140625,23365.0,1895.0,1015.0,365.70001220703125,2270.0,1564.0,4995.0,4132.0,11175.0,172.8000030517578
2026-09-08,1292.0,1710.0,398.29998779296875,2481.60009765625,1244.9000244140625,11880.0,1938.0999755859375,1054.0999755859375,171.5800018310547,422.1499938964844,392.29998779296875,5064.0,1823.4000244140625,1384.0,420.25,1950.0,375.0,9575.0,1151.0,7747.5,344.1499938964844,1277.0,703.0,533.7999877929688,5333.5,1980.0,1399.4000244140625,997.7000122070312,1082.0,263.5,419.25,3946.10009765625,2104.699951171875,3160.0,823.9000244140625,12641.0,2355.0,1400.5,330.79998779296875,236.0,5560.0,1593.0,265.75,1294.9000244140625,1696.5999755859375,1008.0,23160.0,1885.9000244140625,1014.0999755859375,365.54998779296875,2255.5,1559.0,4987.0,4133.2001953125,11009.0,171.5
2026-09-09,1315.0,1775.0,397.0,2489.0,1238.5,11790.0,1927.0,1039.300048828125,171.6999969482422,433.70001220703125,395.0,5090.0,1829.0,1363.0999755859375,431.0,1845.0,371.54998779296875,9488.0,1145.0,7734.5,345.0,1229.800048828125,687.0999755859375,514.0,5218.0,1945.0,1389.0999755859375,1004.0,1035.0,260.79998779296875,414.0,3922.60009765625,2100.0,3150.0,813.9000244140625,12618.0,2307.5,1393.0,334.5,234.02000427246094,5419.0,1572.0,265.8500061035156,1279.0,1684.0,1000.5,22950.0,1864.9000244140625,1001.0,370.0,2208.0,1508.0,5005.0,4151.10009765625,10900.0,167.0
2026-09-10,1299.0999755859375,1768.0,395.6000061035156,2498.10009765625,1246.0,11768.0,1940.5,1043.5,174.0,429.5,391.6499938964844,5009.0,1859.0,1373.300048828125,432.0,1833.0999755859375,376.45001220703125,9438.5,1143.0,7697.0,346.0,1207.0,693.7999877929688,526.1500244140625,5280.0,1942.300048828125,1384.5,993.2999877929688,1036.5,259.29998779296875,416.54998779296875,3955.0,2077.800048828125,3123.800048828125,803.0,12590.0,2291.699951171875,1386.199951171875,335.0,237.27000427246094,5509.5,1569.0,271.75,1274.0,1700.5999755859375,1009.7000122070312,22785.0,1861.0,999.5999755859375,367.0,2204.10009765625,1525.800048828125,5021.0,4121.5,10979.0,166.3000030517578
2026-09-11,1281.300048828125,1764.5999755859375,391.8500061035156,2472.5,1246.0,11678.0,1913.5,1034.5,176.52000427246094,431.0,390.6499938964844,4962.0,1845.9000244140625,1366.0,426.3999938964844,1846.5,376.0,9322.0,1165.5,7530.0,344.5,1206.0999755859375,708.25,530.0,5221.5,1927.0,1379.300048828125,978.2000122070312,1037.699951171875,259.8500061035156,419.0,3930.699951171875,2095.0,3107.0,802.0999755859375,12400.0,2295.0,1383.300048828125,333.3999938964844,232.5,5516.0,1566.9000244140625,269.1000061035156,1257.5,1684.699951171875,995.7000122070312,22570.0,1840.0,991.0,364.6499938964844,2200.800048828125,1541.0,5009.5,4125.0,11000.0,167.39999389648438
2026-09-15,1255.0,1713.800048828125,381.75,2402.800048828125,1222.9000244140625,11424.0,1855.5,1009.2000122070312,172.4499969482422,412.8500061035156,382.0,4947.5,1791.5999755859375,1351.0,419.25,1775.5,384.8999938964844,9198.0,1145.0,7452.5,343.0,1253.699951171875,716.5499877929688,516.0999755859375,5166.0,1938.0999755859375,1350.4000244140625,956.5,1077.0,258.0,409.79998779296875,3850.699951171875,2063.199951171875,3029.5,791.25,12231.0,2378.0,1362.0,329.5,235.9499969482422,5477.5,1521.0999755859375,262.79998779296875,1235.300048828125,1654.0999755859375,968.0,21905.0,1835.0,986.0999755859375,363.0,2251.0,1575.9000244140625,4856.0,4050.0,10697.0,170.0
2026-09-16,1270.199951171875,1723.800048828125,381.04998779296875,2416.60009765625,1241.0,11593.0,1837.0,1006.2000122070312,172.5,410.6000061035156,374.3999938964844,4999.5,1765.5999755859375,1358.0,422.25,1766.699951171875,382.0,9158.0,1140.0,7500.0,341.79998779296875,1253.0,721.5,530.2000122070312,5235.0,1962.0,1358.800048828125,946.5,1060.0,264.1499938964844,415.0,3807.699951171875,2045.0,3070.0,810.1500244140625,12166.0,2316.699951171875,1384.5,327.0,236.8000030517578,5440.0,1543.800048828125,262.79998779296875,1240.0,1697.9000244140625,991.4000244140625,21795.0,1853.5,1000.0999755859375,360.3999938964844,2188.800048828125,1558.0,4908.5,4033.0,10700.0,166.88999938964844
2026-09-17,1274.199951171875,1738.300048828125,383.25,2454.0,1240.0,11500.0,1859.199951171875,1015.0,171.5,429.20001220703125,380.0,4982.0,1764.5,1376.300048828125,418.0,1793.0,384.54998779296875,9323.0,1175.0,7493.5,332.75,1258.300048828125,713.0,557.0,5325.0,1942.199951171875,1347.5999755859375,958.2000122070312,1058.5999755859375,266.20001220703125,416.5,3836.199951171875,2098.10009765625,3076.5,817.0,12338.0,2320.0,1370.5999755859375,329.6000061035156,232.42999267578125,5473.0,1551.5,263.75,1243.9000244140625,1766.9000244140625,988.7000122070312,21960.0,1867.300048828125,1013.7000122070312,369.0,2190.0,1561.0,4841.0,4101.7001953125,10764.0,166.39999389648438
2026-09-18,1334.5,1824.0,388.29998779296875,2451.300048828125,1257.0,11414.0,1852.5,1040.300048828125,175.0,439.8999938964844,385.0,4998.0,1800.0,1394.5,409.8999938964844,1841.0,395.25,9375.0,1185.0,7516.0,332.75,1249.300048828125,731.0,550.9500122070312,5285.5,1932.0,1338.9000244140625,966.2999877929688,1051.4000244140625,262.29998779296875,412.5,3885.0,2083.0,3052.0,803.9000244140625,12103.0,2300.39990234375,1372.4000244140625,323.6499938964844,232.8000030517578,5416.0,1572.0999755859375,270.29998779296875,1226.4000244140625,1731.0,996.2000122070312,22600.0,1837.300048828125,996.0,374.79998779296875,2105.0,1537.0999755859375,4798.5,4171.2998046875,11014.0,166.8300018310547
2026-09-21,1303.5999755859375,1787.0999755859375,390.75,2440.300048828125,1250.0,11460.0,1849.800048828125,1021.2999877929688,179.0,433.3999938964844,395.0,5023.0,1764.0,1386.0999755859375,414.70001220703125,1814.0,386.79998779296875,9410.5,1198.300048828125,7512.5,332.0,1281.0,739.5,559.4000244140625,5419.0,1947.0,1345.0,956.0,1038.5,267.0,414.79998779296875,3904.800048828125,2124.5,3055.300048828125,824.4000244140625,12153.0,2296.199951171875,1385.0,326.3999938964844,235.6300048828125,5449.0,1573.199951171875,266.1000061035156,1247.4000244140625,1756.0,996.0,22550.0,1868.9000244140625,1000.5999755859375,367.1499938964844,2128.699951171875,1558.5,4875.0,4155.0,11100.0,164.5500030517578
2026-09-22,1304.0,1795.0,386.8999938964844,2448.5,1242.699951171875,11363.0,1823.4000244140625,1008.7999877929688,184.6999969482422,425.79998779296875,390.0,4918.0,1759.0999755859375,1384.0999755859375,428.0,1803.0,388.1000061035156,9352.0,1211.0,7427.0,327.0,1270.4000244140625,738.5999755859375,559.2000122070312,5373.0,1933.800048828125,1339.5999755859375,955.0,1029.4000244140625,265.79998779296875,412.6499938964844,3866.39990234375,2135.0,3044.5,830.0,12190.0,2265.0,1363.9000244140625,327.79998779296875,236.1300048828125,5366.0,1572.699951171875,265.95001220703125,1240.4000244140625,1756.300048828125,987.0,22200.0,1846.4000244140625,984.0999755859375,367.0,2105.0,1551.5999755859375,4928.5,4140.0,11000.0,166.0
2026-09-23,1300.9000244140625,1807.300048828125,392.75,2455.0,1243.199951171875,11400.0,1846.5,1043.199951171875,191.3800048828125,423.1000061035156,395.0,4929.0,1774.0,1383.0,424.54998779296875,1782.4000244140625,387.3999938964844,9624.0,1211.199951171875,7470.0,331.29998779296875,1256.699951171875,737.25,561.5,5394.0,1950.0,1340.0,959.2999877929688,1020.5,270.1499938964844,413.25,3929.89990234375,2102.800048828125,3035.0,832.2999877929688,12230.0,2259.0,1387.199951171875,326.0,236.89999389648438,5240.0,1588.0999755859375,270.20001220703125,1248.0,1760.0,994.0999755859375,22500.0,1865.0,994.2999877929688,369.0,2089.60009765625,1557.0,4880.0,4135.0,11155.0,164.89999389648438
2026-09-24,1280.0999755859375,1785.300048828125,384.1000061035156,2392.699951171875,1186.5,11208.0,1762.300048828125,982.0,182.89999389648438,415.3500061035156,387.0,4895.0,1681.699951171875,1399.0,422.0,1785.9000244140625,385.70001220703125,9602.0,1200.4000244140625,7338.5,329.5,1243.5999755859375,728.9000244140625,526.9000244140625,5296.0,1933.5,1334.5,919.5,1014.5,268.0,405.0,3858.39990234375,2100.699951171875,2982.699951171875,824.5499877929688,11990.0,2248.199951171875,1351.0,326.6000061035156,239.0,5277.0,1522.0,266.3999938964844,1219.199951171875,1755.0,978.5,22350.0,1849.9000244140625,986.2999877929688,363.45001220703125,2087.0,1543.0,4832.5,4091.0,11056.0,163.63999938964844
2026-09-25,1296.5999755859375,1788.0,383.79998779296875,2444.0,1222.4000244140625,11281.0,1771.0,996.9000244140625,187.6999969482422,418.95001220703125,382.1499938964844,4937.5,1662.699951171875,1399.699951171875,426.1000061035156,1784.0,385.6000061035156,9619.5,1201.0,7360.0,322.0,1258.0,735.5999755859375,531.0,5360.0,1942.9000244140625,1326.800048828125,912.2000122070312,1000.2000122070312,269.0,404.0,3876.199951171875,2092.0,3035.0,819.0,12065.0,2234.0,1362.5999755859375,326.6000061035156,235.86000061035156,5372.0,1517.199951171875,269.5,1226.0,1742.0,983.0,22520.0,1852.199951171875,983.2000122070312,367.5,2082.0,1548.0,4884.0,4157.2998046875,11155.0,164.02000427246094
2026-09-28,1235.0,1743.699951171875,374.3500061035156,2420.0,1209.9000244140625,11024.0,1752.0,985.0,181.0,411.8999938964844,374.8999938964844,4915.0,1634.199951171875,1383.699951171875,422.5,1773.0,385.75,9550.0,1221.0,7213.5,325.0,1252.5999755859375,719.0499877929688,531.5999755859375,5390.0,1896.0,1302.0,909.7000122070312,1003.2000122070312,265.20001220703125,401.54998779296875,3766.39990234375,2062.0,2995.0,813.25,12008.0,2237.5,1346.0,321.1000061035156,230.0,5328.5,1503.0,261.8500061035156,1197.5999755859375,1728.0999755859375,962.0,22170.0,1838.0,960.0,361.8999938964844,2070.699951171875,1542.199951171875,4819.5,4095.0,11025.0,161.55999755859375
2026-09-29,1260.0,1822.0,365.75,2415.0,1212.0999755859375,10811.0,1742.4000244140625,973.7999877929688,185.30999755859375,413.3500061035156,377.0,4835.0,1627.300048828125,1379.300048828125,425.0,1722.0,380.3999938964844,9431.0,1251.9000244140625,7179.0,320.20001220703125,1222.0,722.7000122070312,523.5499877929688,5208.0,1863.800048828125,1292.199951171875,878.0,1015.4000244140625,265.1000061035156,406.0,3749.10009765625,2052.10009765625,2947.800048828125,787.1500244140625,11877.0,2154.39990234375,1345.699951171875,323.5,230.0,5162.0,1461.0,261.5,1182.0,1735.0,964.7000122070312,21900.0,1865.0,967.7000122070312,359.0,2032.4000244140625,1510.5,4675.0,4091.10009765625,10829.0,156.7899932861328
2026-09-30,1278.0,1798.300048828125,374.0,2402.60009765625,1226.0,10874.0,1731.0,959.4000244140625,178.22999572753906,415.5,370.29998779296875,4830.0,1620.0,1346.0,425.0,1749.0999755859375,380.1000061035156,9291.5,1233.0,7150.0,317.3999938964844,1230.0,708.7000122070312,521.2000122070312,5241.0,1879.0999755859375,1321.699951171875,901.4000244140625,994.0999755859375,262.75,417.0,3760.0,2030.199951171875,2950.0,786.0,11967.0,2154.39990234375,1310.0,322.75,225.8000030517578,5279.0,1465.0999755859375,260.5,1187.0,1696.4000244140625,959.5,22345.0,1816.5999755859375,949.5,359.0,2050.60009765625,1524.0,4587.0,4106.0,10956.0,158.5
2026-10-01,1276.0999755859375,1737.800048828125,362.25,2407.0,1217.0999755859375,10045.0,1732.5999755859375,948.2999877929688,176.0,421.0,370.70001220703125,4778.0,1580.0,1344.0,420.3999938964844,1826.0,374.25,9249.0,1206.199951171875,6920.0,318.20001220703125,1243.0999755859375,721.2000122070312,534.2000122070312,5168.0,1836.0,1310.5999755859375,886.8499755859375,1035.0,255.89999389648438,418.3500061035156,3693.39990234375,2031.199951171875,2860.0,781.3499755859375,11386.0,2250.199951171875,1307.699951171875,315.1000061035156,222.3699951171875,5367.0,1464.0,254.5500030517578,1167.699951171875,1721.5999755859375,954.0999755859375,21900.0,1801.0,957.0,350.1499938964844,2075.0,1533.0,4515.7001953125,4021.0,10710.0,159.35000610351562
2026-10-05,1284.0,1774.0,366.5,2366.0,1222.199951171875,10024.0,1751.4000244140625,970.0,168.27000427246094,429.0,369.79998779296875,4770.0,1605.4000244140625,1335.5,425.1000061035156,1852.0,378.6499938964844,9196.0,1203.0,7021.5,327.3500061035156,1201.9000244140625,704.7999877929688,531.0,5089.5,1838.4000244140625,1332.0,886.5999755859375,1020.5,268.8999938964844,416.0,3750.0,2011.0,2857.60009765625,790.0,11532.0,2297.10009765625,1297.0999755859375,321.79998779296875,224.89999389648438,5530.0,1487.699951171875,257.0,1186.4000244140625,1709.5,958.0,21990.0,1779.699951171875,953.75,351.5,2114.39990234375,1535.9000244140625,4580.0,4031.0,10850.0,162.13999938964844
2026-10-06,1313.0,1783.4000244140625,361.54998779296875,2424.199951171875,1248.0,10017.0,1752.4000244140625,963.0999755859375,164.14999389648438,452.0,369.1000061035156,4883.7998046875,1611.0,1340.199951171875,411.6499938964844,1849.699951171875,388.8999938964844,9550.0,1208.0,7051.0,320.0,1204.4000244140625,711.4500122070312,543.9500122070312,5075.0,1895.199951171875,1342.800048828125,906.0999755859375,1013.8499755859375,266.70001220703125,431.8999938964844,3770.0,2029.300048828125,2855.0,794.1500244140625,11625.0,2298.0,1341.4000244140625,321.45001220703125,224.1999969482422,5521.0,1520.5,257.20001220703125,1218.0,1750.0,958.75,22210.0,1804.0999755859375,976.0,351.6499938964844,2100.0,1504.5,4550.0,3981.0,10750.0,161.83999633789062
2026-10-07,1341.4000244140625,1750.0999755859375,356.8999938964844,2372.10009765625,1242.5,9884.0,1743.300048828125,963.8499755859375,162.99000549316406,448.5,360.0,4780.0,1564.699951171875,1327.199951171875,414.5,1822.199951171875,383.54998779296875,9588.0,1203.800048828125,6960.0,323.5,1185.0,702.75,546.0499877929688,5004.0,1865.4000244140625,1357.5,874.9000244140625,992.0,265.70001220703125,440.0,3701.5,2012.9000244140625,2800.0,787.25,11450.0,2289.0,1324.0,316.75,221.8800048828125,5507.0,1488.5,253.0500030517578,1207.699951171875,1726.0999755859375,954.0,21780.0,1781.0,968.5,345.1499938964844,2080.300048828125,1491.0999755859375,4377.0,3926.0,10658.0,159.60000610351562
2026-10-08,1235.699951171875,1708.0,341.0,2311.60009765625,1245.0,9637.0,1708.0,955.9500122070312,155.5399932861328,429.6000061035156,350.0,4745.60009765625,1544.0,1306.800048828125,409.3500061035156,1814.300048828125,376.79998779296875,9361.0,1180.0,6767.5,321.0,1176.9000244140625,692.25,544.5,4856.5,1844.5,1349.0,864.0,997.0,255.0,435.0,3625.10009765625,1936.9000244140625,2751.199951171875,777.25,11228.0,2303.39990234375,1319.0,309.70001220703125,219.8000030517578,5468.0,1460.0999755859375,244.64999389648438,1178.0,1682.5,940.0,21600.0,1759.800048828125,951.9000244140625,335.6499938964844,2076.0,1496.199951171875,4359.5,3839.39990234375,10426.0,158.3800048828125
2026-10-09,1255.800048828125,1761.0,351.5,2339.10009765625,1259.0999755859375,9778.0,1734.699951171875,960.0,157.0,433.6000061035156,349.3999938964844,4825.0,1587.5999755859375,1301.0,411.54998779296875,1867.9000244140625,386.70001220703125,9340.0,1197.0,7050.0,330.0,1216.699951171875,707.25,556.6500244140625,4895.5,1856.699951171875,1355.0,861.6500244140625,1023.4000244140625,266.0,441.0,3703.300048828125,1956.5,2796.199951171875,786.1500244140625,11420.0,2360.0,1333.0,312.0,221.27000427246094,5770.0,1482.0,249.14999389648438,1170.300048828125,1684.5999755859375,959.0999755859375,22080.0,1760.0,955.0,342.1499938964844,2156.0,1514.0999755859375,4410.0,3866.800048828125,10675.0,162.57000732421875
